PMT_SITE,window,year,treated,treatment_type,window_known,SAVI_pos_time,SAVI_pos_value,SAVI_bse_value,SAVI_aos_value,SAVI_sos_time,SAVI_sos_value,SAVI_eos_time,SAVI_eos_value,SAVI_los,SAVI_roi,SAVI_rod,SAVI_lios,SAVI_sios,GNDVI_pos_time,GNDVI_pos_value,GNDVI_bse_value,GNDVI_aos_value,GNDVI_sos_time,GNDVI_sos_value,GNDVI_eos_time,GNDVI_eos_value,GNDVI_los,GNDVI_roi,GNDVI_rod,GNDVI_lios,GNDVI_sios,RENDVI_pos_time,RENDVI_pos_value,RENDVI_bse_value,RENDVI_aos_value,RENDVI_sos_time,RENDVI_sos_value,RENDVI_eos_time,RENDVI_eos_value,RENDVI_los,RENDVI_roi,RENDVI_rod,RENDVI_lios,RENDVI_sios,VH_pos_time,VH_pos_value,VH_bse_value,VH_aos_value,VH_sos_time,VH_sos_value,VH_eos_time,VH_eos_value,VH_los,VH_roi,VH_rod,VH_lios,VH_sios,RVI_pos_time,RVI_pos_value,RVI_bse_value,RVI_aos_value,RVI_sos_time,RVI_sos_value,RVI_eos_time,RVI_eos_value,RVI_los,RVI_roi,RVI_rod,RVI_lios,RVI_sios
150000721121POS,0,2021,1,Mixed,True,133.000000,0.793649,0.016444,0.777206,102.000000,0.401057,165.000000,0.400225,63.000000,0.012664,0.012295,41.773521,40.721123,130.000000,0.827372,0.229051,0.598320,99.000000,0.527033,165.000000,0.522899,66.000000,0.009688,0.008699,48.303764,32.957336,129.000000,0.624586,-0.041519,0.666106,100.000000,0.294514,163.000000,0.297668,63.000000,0.011382,0.009615,32.403069,35.060299,138.000000,0.044990,0.003681,0.041309,101.000000,0.024661,168.000000,0.024083,67.000000,0.000549,0.000697,2.603043,2.352751,146.000000,0.693035,0.068686,0.624348,109.000000,0.384754,171.000000,0.371069,62.000000,0.008332,0.012879,36.285461,31.958218
150000727011POS,0,2021,1,Mixed,True,125.000000,0.722554,0.045314,0.677240,98.000000,0.387487,152.000000,0.381245,54.000000,0.012410,0.012641,32.878586,30.386326,122.000000,0.792181,0.256843,0.535337,95.000000,0.527827,151.000000,0.525430,56.000000,0.009791,0.009198,39.609634,24.969563,122.000000,0.588538,-0.015516,0.604054,96.000000,0.293883,150.000000,0.285715,54.000000,0.011333,0.010815,26.258516,27.111877,122.000000,0.048524,0.004997,0.043527,95.000000,0.027177,150.000000,0.026557,55.000000,0.000791,0.000785,2.274384,1.994525,131.000000,0.684668,0.189212,0.495456,105.000000,0.439917,152.000000,0.444784,47.000000,0.009413,0.011423,28.402952,19.320782
150000733040POS,0,2020,1,Herbicide,True,135.000000,0.760410,0.022318,0.738092,106.000000,0.382220,166.000000,0.392785,60.000000,0.013041,0.011859,37.858349,36.496956,135.000000,0.783727,0.219950,0.563778,107.000000,0.506096,168.000000,0.497235,61.000000,0.009915,0.008682,42.067646,28.430763,135.000000,0.590162,-0.037569,0.627732,106.000000,0.282733,167.000000,0.268173,61.000000,0.010601,0.010062,29.336899,31.666203,143.000000,0.056225,0.001934,0.054290,105.000000,0.029149,172.000000,0.028374,67.000000,0.000713,0.000960,3.145059,3.013532,149.000000,0.682116,0.074328,0.607789,117.000000,0.382514,174.000000,0.385138,57.000000,0.009363,0.011879,33.336052,29.025034
150001535SP,0,2021,1,Herbicide,True,95.000000,0.764879,0.074319,0.690560,66.000000,0.423745,120.000000,0.428758,54.000000,0.011763,0.013445,34.864319,30.776783,94.000000,0.806943,0.233916,0.573027,61.000000,0.523937,121.000000,0.525433,60.000000,0.008576,0.010426,42.330650,28.061771,93.000000,0.593691,0.002741,0.590950,63.000000,0.294283,118.000000,0.289196,55.000000,0.009980,0.012180,26.644129,26.490629,92.000000,0.043296,0.002731,0.040564,60.000000,0.027227,122.000000,0.022511,62.000000,0.000502,0.000693,2.317605,2.145525,109.000000,0.769979,0.370668,0.399310,60.000000,0.731921,132.000000,0.575148,72.000000,0.000777,0.008471,53.871738,26.812962
1500015BERRY1SP,1,2020,1,Herbicide,False,97.000000,0.821850,0.076101,0.745750,66.000000,0.453781,123.000000,0.451941,57.000000,0.011873,0.014227,39.705746,35.291893,95.000000,0.827569,0.269207,0.558362,62.000000,0.554668,124.000000,0.544410,62.000000,0.008270,0.009764,45.810688,28.850670,94.000000,0.643156,0.003018,0.640139,62.000000,0.317424,121.000000,0.316076,59.000000,0.010179,0.012114,31.496786,31.315731,94.000000,0.045781,0.004158,0.041623,59.000000,0.025402,125.000000,0.024706,66.000000,0.000582,0.000680,2.633455,2.354859,111.000000,0.686576,0.367656,0.318920,49.000000,0.530538,134.000000,0.526438,85.000000,0.002517,0.006963,55.580608,23.962183
1500015BERRY1SP,2,2021,1,Herbicide,False,99.000000,0.819918,0.077632,0.742286,63.000000,0.451554,127.000000,0.446243,64.000000,0.010232,0.013346,44.226578,39.180508,96.000000,0.846792,0.245561,0.601231,60.000000,0.578596,128.000000,0.542609,68.000000,0.007450,0.009506,50.994087,34.050369,94.000000,0.650563,0.004087,0.646477,60.000000,0.344711,123.000000,0.328460,63.000000,0.008996,0.011107,34.129471,33.867935,99.000000,0.046378,0.004822,0.041556,60.000000,0.032997,127.000000,0.025687,67.000000,0.000343,0.000739,2.771561,2.443667,113.000000,0.747424,0.342010,0.405415,91.000000,0.700844,137.000000,0.543337,46.000000,0.002117,0.008504,32.710327,16.635872
1500015BERRY2SP,1,2020,1,Herbicide,False,100.000000,0.880982,0.082748,0.798234,69.000000,0.480001,129.000000,0.483290,60.000000,0.012935,0.013714,44.870575,39.822922,100.000000,0.825497,0.269739,0.555758,64.000000,0.550039,131.000000,0.541427,67.000000,0.007652,0.009164,49.273888,30.931616,98.000000,0.639117,0.007454,0.631663,65.000000,0.316776,127.000000,0.314976,62.000000,0.009768,0.011177,32.925163,32.455544,106.000000,0.043678,0.003600,0.040079,60.000000,0.023455,133.000000,0.023119,73.000000,0.000440,0.000761,2.754200,2.487825,121.000000,0.710092,0.290289,0.419802,43.000000,0.499931,146.000000,0.499589,103.000000,0.002694,0.008420,67.242386,37.052277
1500015BERRY2SP,2,2021,1,Herbicide,False,98.000000,0.773466,0.082606,0.690860,66.000000,0.424045,125.000000,0.420847,59.000000,0.010919,0.013060,38.245964,33.289600,95.000000,0.813743,0.246525,0.567218,60.000000,0.527754,125.000000,0.530309,65.000000,0.008171,0.009448,46.286514,30.015860,94.000000,0.598127,0.006308,0.591819,62.000000,0.306588,121.000000,0.304632,59.000000,0.009111,0.010870,29.106728,28.728256,100.000000,0.041471,0.004286,0.037185,60.000000,0.027808,130.000000,0.022303,70.000000,0.000342,0.000639,2.554654,2.250377,114.000000,0.796101,0.320407,0.475694,1.000000,0.557216,142.000000,0.556889,141.000000,0.002114,0.008543,121.574745,57.333061
1500015DRYER1FP,0,2020,0,No,False,306.000000,0.536201,0.142161,0.394040,0.000000,,341.000000,0.335263,341.000000,,0.005741,16.319931,11.202141,306.000000,0.675412,0.401767,0.273645,0.000000,,339.000000,0.538402,339.000000,,0.004152,20.942993,7.282908,306.000000,0.454936,0.058731,0.396205,0.000000,,337.000000,0.256945,337.000000,,0.006387,11.626500,9.747097,306.000000,0.029887,0.012094,0.017793,0.000000,,340.000000,0.021101,340.000000,,0.000258,0.938776,0.515483,335.000000,0.377945,0.231069,0.146876,311.000000,0.306360,353.000000,0.302422,42.000000,0.002983,0.004196,15.003336,5.067369
1500015DRYER1FP,1,2021,0,No,False,315.000000,0.531117,0.093577,0.437540,280.000000,0.307184,344.000000,0.311004,64.000000,0.006398,0.007590,29.191721,23.109200,312.000000,0.655694,0.275118,0.380577,278.000000,0.463108,344.000000,0.462669,66.000000,0.005664,0.006032,39.543968,21.111088,312.000000,0.459095,0.018659,0.440436,277.000000,0.237613,343.000000,0.238784,66.000000,0.006328,0.007107,25.458946,24.208815,305.000000,0.040487,0.016126,0.024360,283.000000,0.027933,365.000000,0.029434,82.000000,0.000571,0.000184,2.913556,1.583140,332.000000,0.390603,0.199412,0.191191,123.000000,0.294844,354.000000,0.296474,231.000000,0.000458,0.004279,70.752090,24.488506
1500015DRYERFP,0,2020,1,Fungicide,True,313.000000,0.479370,0.088333,0.391036,281.000000,0.280956,346.000000,0.288340,65.000000,0.006200,0.005789,27.074421,21.244423,313.000000,0.636276,0.268699,0.367577,282.000000,0.452405,349.000000,0.451306,67.000000,0.005931,0.005138,38.902897,20.631388,309.000000,0.393649,-0.000796,0.394445,277.000000,0.200253,344.000000,0.192404,67.000000,0.006044,0.005750,22.040340,22.094481,302.000000,0.030422,0.005501,0.024921,271.000000,0.017690,347.000000,0.017818,76.000000,0.000411,0.000280,2.008839,1.585269,335.000000,0.380768,0.183738,0.197030,304.000000,0.281874,356.000000,0.283924,52.000000,0.003190,0.004612,18.024059,8.285944
1500015HILL1FP,0,2020,0,No,False,306.000000,0.486287,0.121417,0.364870,0.000000,,345.000000,0.298894,345.000000,,0.004805,17.041023,12.184324,306.000000,0.633127,0.304206,0.328920,0.000000,,344.000000,0.467791,344.000000,,0.004351,22.417654,10.553605,306.000000,0.448405,0.043140,0.405265,0.000000,,341.000000,0.249326,341.000000,,0.005688,13.230017,11.676973,306.000000,0.029268,0.007370,0.021898,0.000000,,343.000000,0.018175,343.000000,,0.000300,0.937343,0.657277,346.000000,0.686105,0.614910,0.071195,328.000000,0.651014,359.000000,0.648057,31.000000,0.001949,0.002927,21.475006,1.797894
1500015HILL1FP,1,2021,1,Mixed,False,314.000000,0.557103,0.108615,0.448488,281.000000,0.329115,345.000000,0.330736,64.000000,0.006909,0.007302,30.702574,23.642624,311.000000,0.644036,0.251426,0.392610,279.000000,0.445438,342.000000,0.448692,63.000000,0.006206,0.006301,36.640358,20.549112,311.000000,0.459447,0.040553,0.418894,279.000000,0.254966,343.000000,0.247715,64.000000,0.006390,0.006617,24.895044,22.259098,351.000000,0.036431,0.016064,0.020367,285.000000,0.025969,365.000000,0.029675,80.000000,0.000159,0.000483,2.718446,1.425303,353.000000,0.726590,0.516973,0.209618,166.000000,0.621796,365.000000,0.672651,199.000000,0.000560,0.004495,122.954498,19.818481
1500015HILLFP1,1,2020,1,Mixed,False,319.000000,0.479097,0.096199,0.382898,289.000000,0.285580,347.000000,0.284009,58.000000,0.006451,0.006967,24.164486,18.488716,317.000000,0.623884,0.239112,0.384771,289.000000,0.428108,348.000000,0.428321,59.000000,0.006992,0.006308,33.285007,18.938259,315.000000,0.417292,0.021867,0.395425,286.000000,0.216704,344.000000,0.223217,58.000000,0.006917,0.006692,20.421719,19.131569,309.000000,0.028656,0.005075,0.023581,281.000000,0.017154,345.000000,0.016907,64.000000,0.000411,0.000326,1.583271,1.253419,1.000000,0.744050,0.432802,0.311248,0.000000,,207.000000,0.584783,207.000000,,0.000773,78.685905,-10.904205
1500015PECK1SP,0,2021,1,Mixed,True,135.000000,0.880256,0.090820,0.789436,107.000000,0.478681,165.000000,0.475505,58.000000,0.014342,0.013492,43.280846,37.922485,134.000000,0.858227,0.312120,0.546107,103.000000,0.590535,168.000000,0.578489,65.000000,0.008635,0.008228,50.274025,29.674107,133.000000,0.671064,0.014637,0.656427,104.000000,0.342719,164.000000,0.345264,60.000000,0.011322,0.010510,33.779556,32.886684,150.000000,0.048288,0.017466,0.030822,112.000000,0.032718,179.000000,0.033324,67.000000,0.000410,0.000516,2.927445,1.739724,152.000000,0.773562,0.307752,0.465810,122.000000,0.544005,178.000000,0.536696,56.000000,0.007652,0.009110,39.202991,21.661106
1500015PECK2SP,0,2021,1,Mixed,True,135.000000,0.832130,0.134421,0.697709,107.000000,0.481475,167.000000,0.474929,60.000000,0.012523,0.011163,43.031067,34.831375,133.000000,0.838953,0.336519,0.502434,104.000000,0.587080,170.000000,0.581394,66.000000,0.008685,0.006961,50.339287,27.792543,133.000000,0.641483,0.068003,0.573480,105.000000,0.361140,167.000000,0.349145,62.000000,0.010012,0.008598,33.999077,29.714863,146.000000,0.044281,0.012945,0.031336,106.000000,0.028292,173.000000,0.028618,67.000000,0.000400,0.000580,2.606937,1.726678,146.000000,0.690373,0.256551,0.433822,118.000000,0.477482,173.000000,0.475550,55.000000,0.007603,0.007956,34.189224,19.822369
1500015PECK3SP,0,2020,1,Fungicide,True,102.000000,0.792046,0.052579,0.739467,74.000000,0.427745,129.000000,0.411041,55.000000,0.013011,0.014111,36.454277,33.509853,102.000000,0.811879,0.185691,0.626188,70.000000,0.504893,131.000000,0.502417,61.000000,0.009593,0.010671,43.093807,31.580963,100.000000,0.619242,0.003736,0.615507,72.000000,0.311233,126.000000,0.319620,54.000000,0.011000,0.011524,27.831860,27.626398,107.000000,0.049097,0.002709,0.046388,71.000000,0.026175,134.000000,0.026382,63.000000,0.000637,0.000841,2.619041,2.445655,113.000000,0.588328,0.174798,0.413530,85.000000,0.379762,135.000000,0.377372,50.000000,0.007449,0.009589,25.983570,17.068893
1500015SC10B1SP,0,2020,1,Fungicide,True,140.000000,0.814156,0.111862,0.702293,112.000000,0.453124,171.000000,0.461468,59.000000,0.012894,0.011377,41.176186,34.464451,139.000000,0.825544,0.288738,0.536806,111.000000,0.555901,172.000000,0.559621,61.000000,0.009630,0.008058,45.341167,27.439423,139.000000,0.645500,0.034920,0.610580,111.000000,0.341988,170.000000,0.343721,59.000000,0.010840,0.009735,32.287182,30.192005,151.000000,0.046353,0.009609,0.036744,109.000000,0.027743,178.000000,0.028655,69.000000,0.000443,0.000655,2.844629,2.171980,156.000000,0.686653,0.279177,0.407476,124.000000,0.488249,185.000000,0.480519,61.000000,0.006200,0.007108,38.193127,20.884169
1500015SC10B4SP,0,2020,1,Fungicide,True,132.000000,0.828091,0.075610,0.752481,102.000000,0.446917,161.000000,0.458267,59.000000,0.012706,0.012753,41.509106,36.972492,130.000000,0.810589,0.260687,0.549903,99.000000,0.529385,163.000000,0.535120,64.000000,0.009071,0.008348,46.301910,29.357281,130.000000,0.621542,0.009709,0.611833,99.000000,0.308384,160.000000,0.324059,61.000000,0.010102,0.009916,31.814772,31.212809,140.000000,0.050503,0.005737,0.044766,103.000000,0.027752,168.000000,0.028448,65.000000,0.000615,0.000788,2.804219,2.425574,147.000000,0.659912,0.215284,0.444628,119.000000,0.439615,173.000000,0.436362,54.000000,0.007868,0.008598,31.765949,19.925320
1500015SEC1B2SP,0,2021,1,Fungicide,True,106.000000,0.848852,0.055439,0.793413,77.000000,0.458888,135.000000,0.455795,58.000000,0.013447,0.013554,41.668179,38.397263,105.000000,0.862883,0.236533,0.626350,74.000000,0.547314,136.000000,0.551021,62.000000,0.010180,0.010060,47.197632,32.296040,104.000000,0.679797,-0.011872,0.691669,74.000000,0.328960,133.000000,0.326804,59.000000,0.011695,0.012172,33.097385,33.809734,110.000000,0.048502,0.002072,0.046430,73.000000,0.025298,139.000000,0.025690,66.000000,0.000627,0.000787,2.727170,2.588355,119.000000,0.681449,0.153360,0.528089,92.000000,0.420305,142.000000,0.409801,50.000000,0.009672,0.011811,29.595789,21.774416
1500015SEC1B3SP,0,2021,1,Fungicide,True,104.000000,0.836029,0.054047,0.781982,74.000000,0.445925,132.000000,0.455250,58.000000,0.013003,0.013599,40.952747,37.763973,102.000000,0.851510,0.234553,0.616957,70.000000,0.537321,134.000000,0.535709,64.000000,0.009818,0.009869,47.760845,32.514885,101.000000,0.667299,-0.003403,0.670702,71.000000,0.330212,130.000000,0.321776,59.000000,0.011236,0.011915,32.497257,32.701454,106.000000,0.050523,0.002576,0.047947,70.000000,0.027162,134.000000,0.026479,64.000000,0.000649,0.000859,2.756649,2.589215,116.000000,0.656555,0.197097,0.459458,91.000000,0.430949,137.000000,0.426440,46.000000,0.009024,0.010958,26.719688,17.456133
1500015SEC1B4SP,0,2021,1,Fungicide,True,100.000000,0.807951,0.060522,0.747429,70.000000,0.436427,127.000000,0.442643,57.000000,0.012384,0.013530,38.839783,35.329529,98.000000,0.833985,0.236844,0.597141,64.000000,0.531770,128.000000,0.541051,64.000000,0.008889,0.009764,46.904984,31.510101,97.000000,0.647413,-0.000540,0.647953,67.000000,0.330521,125.000000,0.315382,58.000000,0.010563,0.011858,31.027603,31.059477,100.000000,0.049363,0.002558,0.046805,66.000000,0.025420,128.000000,0.025336,62.000000,0.000704,0.000858,2.555905,2.394732,181.000000,0.711170,0.422123,0.289047,96.000000,0.564826,0.000000,,-96.000000,0.001722,,0.000000,0.000000
1500015SWC1B1SP,0,2020,1,Fungicide,True,105.000000,0.797757,0.052323,0.745435,77.000000,0.433290,130.000000,0.436441,53.000000,0.013017,0.014453,35.695312,32.869896,103.000000,0.808683,0.171045,0.637638,71.000000,0.495677,132.000000,0.494837,61.000000,0.009781,0.010822,42.833122,32.228317,101.000000,0.628766,-0.004261,0.633027,73.000000,0.314154,127.000000,0.320044,54.000000,0.011236,0.011874,28.241611,28.475971,107.000000,0.047184,0.001921,0.045263,69.000000,0.024044,132.000000,0.024693,63.000000,0.000609,0.000900,2.514755,2.391810,174.000000,0.622600,0.322866,0.299734,100.000000,0.469773,188.000000,0.553394,88.000000,0.002065,0.004943,44.050640,15.476980
1500027CLARE2,0,2020,1,Fungicide,True,308.000000,0.526591,0.047341,0.479251,285.000000,0.287907,330.000000,0.283403,45.000000,0.010378,0.011054,19.902063,17.724394,308.000000,0.649840,0.234777,0.415063,285.000000,0.441294,333.000000,0.442347,48.000000,0.009067,0.008300,27.873341,16.369276,307.000000,0.417244,-0.009820,0.427065,283.000000,0.207009,330.000000,0.204936,47.000000,0.008760,0.009231,16.114653,16.586016,303.000000,0.022455,0.004719,0.017735,276.000000,0.013484,332.000000,0.013776,56.000000,0.000332,0.000299,1.095976,0.826976,319.000000,0.498710,0.329605,0.169105,243.000000,0.414143,354.000000,0.413157,111.000000,0.001113,0.002444,52.087975,15.172199
1500027HERSHEY,1,2021,0,No,False,119.000000,0.628602,0.079184,0.549418,83.000000,0.357170,145.000000,0.360820,62.000000,0.007540,0.010299,33.178230,28.189613,117.000000,0.722010,0.256605,0.465405,80.000000,0.484805,147.000000,0.489517,67.000000,0.006411,0.007750,43.223701,25.774551,116.000000,0.467489,0.008563,0.458926,81.000000,0.241278,144.000000,0.232302,63.000000,0.006463,0.008400,24.474548,23.926512,118.000000,0.037559,0.004928,0.032631,82.000000,0.021204,146.000000,0.021498,64.000000,0.000454,0.000574,2.032644,1.712342,125.000000,0.781631,0.362277,0.419354,61.000000,0.569780,155.000000,0.570572,94.000000,0.003310,0.007035,65.317078,30.900772
1500027HERSHEYS,0,2021,0,No,True,326.000000,0.531644,0.062551,0.469093,298.000000,0.297014,349.000000,0.295453,51.000000,0.008380,0.010269,22.888279,19.635609,327.000000,0.642791,0.163985,0.478807,292.000000,0.405623,349.000000,0.411625,57.000000,0.006776,0.010508,31.941837,22.430725,325.000000,0.416226,-0.006415,0.422641,297.000000,0.209672,349.000000,0.201516,52.000000,0.007377,0.008946,17.755737,18.095737,312.000000,0.030119,0.013199,0.016920,291.000000,0.021917,348.000000,0.023604,57.000000,0.000391,0.000181,1.571361,0.805826,345.000000,0.735152,0.599873,0.135279,295.000000,0.669688,365.000000,0.720047,70.000000,0.001309,0.000755,50.996338,8.705265
1500027KH1,0,2021,1,Herbicide,True,132.000000,0.776671,0.069094,0.707578,104.000000,0.425643,156.000000,0.412527,52.000000,0.012537,0.015173,33.927418,30.265450,130.000000,0.832186,0.246626,0.585560,100.000000,0.539675,158.000000,0.533947,58.000000,0.009750,0.010651,42.548359,27.997444,129.000000,0.624665,0.001444,0.623221,102.000000,0.319270,154.000000,0.313186,52.000000,0.011311,0.012459,26.939283,26.862759,130.000000,0.044467,0.003439,0.041028,103.000000,0.024391,157.000000,0.024226,54.000000,0.000744,0.000750,2.034852,1.845684,136.000000,0.674836,0.072954,0.601882,108.000000,0.379877,165.000000,0.376285,57.000000,0.010534,0.010295,32.522659,28.291309
1500027S111,1,2020,1,Mixed,False,105.000000,0.642761,0.076961,0.565801,75.000000,0.366128,138.000000,0.361610,63.000000,0.009221,0.008520,34.846428,29.920954,101.000000,0.711109,0.257810,0.453300,70.000000,0.489788,136.000000,0.479454,66.000000,0.007139,0.006619,42.025711,24.752472,100.000000,0.493767,0.013180,0.480587,71.000000,0.255917,132.000000,0.252486,61.000000,0.008202,0.007540,25.066761,24.249578,100.000000,0.043200,0.004756,0.038444,68.000000,0.024369,140.000000,0.023593,72.000000,0.000588,0.000490,2.624620,2.277413,116.000000,0.586483,0.121945,0.464538,81.000000,0.351099,150.000000,0.355225,69.000000,0.006725,0.006802,35.316891,26.780769
1500027S111,2,2021,0,No,False,111.000000,0.594861,0.085925,0.508936,81.000000,0.339194,136.000000,0.348594,55.000000,0.008522,0.009851,28.156517,23.344715,110.000000,0.705274,0.267549,0.437725,76.000000,0.483296,137.000000,0.491793,61.000000,0.006529,0.007907,38.672302,22.084263,110.000000,0.462288,0.015324,0.446964,78.000000,0.237772,135.000000,0.241342,57.000000,0.007016,0.008838,22.027500,21.138733,113.000000,0.038038,0.004785,0.033253,84.000000,0.021499,139.000000,0.021116,55.000000,0.000570,0.000651,1.764137,1.496199,121.000000,0.559873,0.118138,0.441735,93.000000,0.338065,272.000000,0.339001,179.000000,0.007922,0.001463,75.841118,54.576340
1500027S115,1,2020,1,Mixed,False,91.000000,0.691851,0.075617,0.616234,58.000000,0.387928,117.000000,0.391833,59.000000,0.009210,0.011539,34.993229,30.456219,85.000000,0.752331,0.270777,0.481553,51.000000,0.516685,118.000000,0.508510,67.000000,0.006931,0.007389,45.319309,26.906445,85.000000,0.559175,0.010958,0.548216,54.000000,0.290645,113.000000,0.287637,59.000000,0.008662,0.009698,27.697050,27.039551,82.000000,0.041994,0.006810,0.035184,55.000000,0.024533,112.000000,0.024884,57.000000,0.000647,0.000570,2.059105,1.664110,85.000000,0.673100,0.363105,0.309994,46.000000,0.520231,128.000000,0.516420,82.000000,0.003920,0.003644,51.352375,21.214622
1500027S115,2,2021,0,No,False,93.000000,0.710060,0.070148,0.639912,60.000000,0.442303,122.000000,0.395276,62.000000,0.008114,0.010855,37.885490,33.466167,91.000000,0.784101,0.259559,0.524541,60.000000,0.616454,123.000000,0.526101,63.000000,0.005408,0.008062,45.119610,28.507816,88.000000,0.557732,0.005766,0.551966,60.000000,0.389535,118.000000,0.284953,58.000000,0.006007,0.009093,28.129198,27.789021,89.000000,0.035535,0.007151,0.028384,60.000000,0.030363,126.000000,0.021103,66.000000,0.000178,0.000390,2.156722,1.677618,72.000000,0.682738,0.365579,0.317159,60.000000,0.661801,137.000000,0.526555,77.000000,0.001745,0.002403,51.098560,22.583368
1500027S14,1,2021,0,No,False,118.000000,0.667496,0.080920,0.586576,87.000000,0.368477,145.000000,0.377403,58.000000,0.009646,0.010744,32.772263,27.997971,116.000000,0.759360,0.285026,0.474334,85.000000,0.523902,145.000000,0.520992,60.000000,0.007595,0.008220,41.049171,23.662584,116.000000,0.516222,0.013926,0.502296,84.000000,0.260748,143.000000,0.270244,59.000000,0.007984,0.009110,25.362465,24.526913,124.000000,0.041988,0.004521,0.037467,91.000000,0.023016,148.000000,0.023797,57.000000,0.000575,0.000758,2.032848,1.770614,133.000000,0.789229,0.379851,0.409377,86.000000,0.585607,155.000000,0.589037,69.000000,0.004332,0.009100,49.031475,22.441885
1500027STOLL,1,2021,0,No,True,84.000000,0.682487,0.070564,0.611923,60.000000,0.438418,110.000000,0.367273,50.000000,0.010170,0.012124,29.582113,25.983358,84.000000,0.754697,0.255778,0.498918,60.000000,0.582076,111.000000,0.498027,51.000000,0.007193,0.009506,35.052055,21.751581,82.000000,0.528224,0.001539,0.526684,60.000000,0.339909,107.000000,0.262678,47.000000,0.008560,0.010622,21.308392,21.234507,78.000000,0.039339,0.009986,0.029353,60.000000,0.031982,107.000000,0.024537,47.000000,0.000409,0.000510,1.693242,1.213902,93.000000,0.620734,0.363062,0.257672,60.000000,0.530649,134.000000,0.491409,74.000000,0.002730,0.003154,43.713993,16.484352
1500027SUNSET,0,2020,0,No,True,137.000000,0.680241,0.071904,0.608337,106.000000,0.376920,174.000000,0.381205,68.000000,0.009785,0.008082,39.116074,34.154667,135.000000,0.749663,0.233952,0.515711,102.000000,0.491010,178.000000,0.492911,76.000000,0.007838,0.005971,50.693317,32.679047,136.000000,0.530559,0.001464,0.529095,102.000000,0.261082,175.000000,0.266854,73.000000,0.007926,0.006762,32.187595,32.079285,146.000000,0.049448,0.003448,0.046000,104.000000,0.026211,180.000000,0.025984,76.000000,0.000553,0.000690,3.131295,2.865823,154.000000,0.652767,0.177261,0.475506,123.000000,0.414401,186.000000,0.412113,63.000000,0.007689,0.007520,36.101490,24.756813
15000321200,0,2020,0,No,True,153.000000,0.700811,0.054930,0.645881,124.000000,0.379547,179.000000,0.377610,55.000000,0.011078,0.012431,32.667202,29.591116,150.000000,0.758770,0.220208,0.538561,123.000000,0.495324,178.000000,0.497020,55.000000,0.009757,0.009348,37.212044,24.880388,150.000000,0.553300,-0.007467,0.560766,122.000000,0.267669,177.000000,0.277704,55.000000,0.010201,0.010207,25.222927,25.641060,155.000000,0.040097,0.003560,0.036537,121.000000,0.021543,182.000000,0.022094,61.000000,0.000546,0.000667,2.088297,1.867554,161.000000,0.597128,0.096869,0.500260,134.000000,0.353804,267.000000,0.347097,133.000000,0.009012,0.002359,54.572201,41.591812
15000321200,1,2021,1,Herbicide,True,113.000000,0.487204,0.045612,0.441592,85.000000,0.272344,141.000000,0.267032,56.000000,0.007674,0.007863,23.170033,20.570124,110.000000,0.634391,0.215504,0.418887,83.000000,0.422711,140.000000,0.425490,57.000000,0.007840,0.006963,32.161911,19.662685,110.000000,0.391737,-0.018146,0.409883,83.000000,0.182750,138.000000,0.186892,55.000000,0.007740,0.007316,17.537081,18.553267,120.000000,0.039205,0.002552,0.036653,87.000000,0.020521,147.000000,0.021033,60.000000,0.000566,0.000673,1.980297,1.824641,124.000000,0.483377,0.071100,0.412277,96.000000,0.272909,148.000000,0.276219,52.000000,0.007517,0.008632,21.306156,17.537848
15000321200A,0,2020,0,No,True,153.000000,0.700811,0.054930,0.645881,124.000000,0.379547,179.000000,0.377610,55.000000,0.011078,0.012431,32.667206,29.591118,150.000000,0.758770,0.220274,0.538496,123.000000,0.495324,178.000000,0.497020,55.000000,0.009757,0.009348,37.212044,24.876728,150.000000,0.553300,-0.007467,0.560767,122.000000,0.267669,177.000000,0.277704,55.000000,0.010201,0.010207,25.222927,25.641087,155.000000,0.040097,0.003564,0.036533,121.000000,0.021543,182.000000,0.022094,61.000000,0.000546,0.000667,2.088298,1.867299,161.000000,0.597128,0.114733,0.482395,134.000000,0.353804,234.000000,0.354820,100.000000,0.009012,0.003319,42.968132,31.380127
15000321401A,1,2021,0,No,True,137.000000,0.653895,0.064389,0.589506,110.000000,0.353651,168.000000,0.354118,58.000000,0.011120,0.009670,31.899239,28.100281,134.000000,0.744715,0.185551,0.559165,105.000000,0.467129,170.000000,0.462610,65.000000,0.009572,0.007836,42.093075,29.846729,134.000000,0.499660,0.000962,0.498699,109.000000,0.257609,166.000000,0.246363,57.000000,0.009682,0.007916,23.482216,23.426432,149.000000,0.033975,0.002434,0.031541,104.000000,0.018248,175.000000,0.018448,71.000000,0.000350,0.000597,2.030217,1.854937,155.000000,0.724533,0.324130,0.400403,94.000000,0.526358,185.000000,0.525494,91.000000,0.003249,0.006635,59.326138,29.506172
1500032401,1,2021,1,Fungicide,True,86.000000,0.470699,0.082968,0.387731,54.000000,0.275872,113.000000,0.274953,59.000000,0.006088,0.007250,23.828104,18.850031,86.000000,0.612703,0.274188,0.338515,55.000000,0.439988,112.000000,0.445856,57.000000,0.005571,0.006417,31.773966,15.871078,83.000000,0.358538,0.010525,0.348013,52.000000,0.183277,110.000000,0.181111,58.000000,0.005654,0.006571,17.237988,16.617023,85.000000,0.039008,0.004688,0.034320,53.000000,0.022089,113.000000,0.022327,60.000000,0.000529,0.000596,2.030644,1.744663,87.000000,0.925967,0.405952,0.520015,48.000000,0.670974,116.000000,0.673080,68.000000,0.006538,0.008720,58.571083,30.560410
1500032405A,0,2020,0,No,True,30.000000,0.469152,0.074406,0.394746,2.000000,0.271066,75.000000,0.274147,73.000000,0.007074,0.004333,28.176868,22.670803,33.000000,0.648950,0.260328,0.388622,6.000000,0.449253,80.000000,0.455024,74.000000,0.007396,0.004126,43.326336,23.801712,31.000000,0.366598,0.008831,0.357768,3.000000,0.187853,80.000000,0.191210,77.000000,0.006384,0.003579,23.934731,23.245920,11.000000,0.015757,0.006357,0.009399,1.000000,0.015430,37.000000,0.011058,36.000000,0.000033,0.000181,0.528976,0.293751,25.000000,0.683434,0.409253,0.274182,1.000000,0.592213,65.000000,0.546337,64.000000,0.003801,0.003427,41.023582,14.422163
1500032405B,0,2020,0,No,True,30.000000,0.469152,0.074406,0.394746,2.000000,0.271066,75.000000,0.274147,73.000000,0.007074,0.004333,28.176868,22.670803,33.000000,0.648950,0.260328,0.388622,6.000000,0.449253,80.000000,0.455024,74.000000,0.007396,0.004126,43.326336,23.801712,31.000000,0.366598,0.008831,0.357768,3.000000,0.187853,80.000000,0.191210,77.000000,0.006384,0.003579,23.934731,23.245920,11.000000,0.015757,0.006357,0.009399,1.000000,0.015430,37.000000,0.011058,36.000000,0.000033,0.000181,0.528976,0.293751,25.000000,0.683434,0.409253,0.274182,1.000000,0.592213,65.000000,0.546337,64.000000,0.003801,0.003427,41.023582,14.422163
1500032415,0,2020,1,Fungicide,True,85.000000,0.474301,0.092191,0.382110,47.000000,0.283387,110.000000,0.288124,63.000000,0.005024,0.007447,26.372828,20.472630,79.000000,0.642680,0.258847,0.383833,42.000000,0.449614,108.000000,0.454464,66.000000,0.005218,0.006490,38.625145,21.282410,78.000000,0.405421,0.017738,0.387683,45.000000,0.209733,107.000000,0.207926,62.000000,0.005930,0.006810,21.306049,20.188557,79.000000,0.046575,0.004417,0.042158,53.000000,0.025883,108.000000,0.025914,55.000000,0.000796,0.000712,2.183656,1.936309,76.000000,0.903053,0.333883,0.569170,37.000000,0.620511,111.000000,0.624411,74.000000,0.007245,0.007961,59.951080,34.909870
1500032805,0,2020,1,Fungicide,True,99.000000,0.602950,0.058703,0.544247,71.000000,0.332744,126.000000,0.323941,55.000000,0.009650,0.010334,27.993559,24.706181,97.000000,0.722084,0.248983,0.473100,67.000000,0.490469,124.000000,0.489962,57.000000,0.007720,0.008597,36.778557,22.337517,97.000000,0.510703,0.000503,0.510200,68.000000,0.257258,123.000000,0.258185,55.000000,0.008739,0.009712,23.279539,23.251379,92.000000,0.048201,0.006640,0.041561,63.000000,0.027831,124.000000,0.027158,61.000000,0.000702,0.000658,2.589081,2.177395,85.000000,0.786212,0.462127,0.324085,59.000000,0.619834,125.000000,0.628859,66.000000,0.006399,0.003934,49.224548,18.262043
1500032805,2,2021,1,Fungicide,True,99.000000,0.618288,0.059414,0.558874,73.000000,0.341003,127.000000,0.339539,54.000000,0.010665,0.009955,28.211327,24.943575,98.000000,0.741491,0.188030,0.553461,68.000000,0.463330,129.000000,0.460607,61.000000,0.009272,0.009061,39.144173,27.486294,97.000000,0.504904,0.002597,0.502307,71.000000,0.249688,124.000000,0.252432,53.000000,0.009816,0.009351,21.989359,21.849110,105.000000,0.041875,0.003002,0.038873,67.000000,0.022056,134.000000,0.021846,67.000000,0.000522,0.000691,2.381632,2.177480,115.000000,0.844510,0.328380,0.516129,63.000000,0.588401,142.000000,0.583868,79.000000,0.004925,0.009653,59.578205,33.307777
1500032915,0,2020,1,Mixed,True,109.000000,0.684214,0.062955,0.621259,82.000000,0.382094,136.000000,0.369415,54.000000,0.011190,0.011659,31.352192,27.889648,107.000000,0.763295,0.232027,0.531268,78.000000,0.498034,135.000000,0.504601,57.000000,0.009147,0.009239,38.605186,25.147625,106.000000,0.548275,-0.005082,0.553357,79.000000,0.277466,134.000000,0.268520,55.000000,0.010030,0.009991,24.905678,25.190269,117.000000,0.042787,0.003269,0.039519,71.000000,0.022559,143.000000,0.022649,72.000000,0.000440,0.000775,2.625111,2.386488,129.000000,0.758004,0.347043,0.410961,58.000000,0.555146,163.000000,0.553221,105.000000,0.002857,0.006023,72.221649,35.435081
1500032915A,0,2020,0,No,True,108.000000,0.719402,0.060229,0.659173,78.000000,0.384928,136.000000,0.393444,58.000000,0.011149,0.011641,35.208282,31.654783,105.000000,0.777381,0.240759,0.536622,74.000000,0.515037,136.000000,0.503780,62.000000,0.008463,0.008826,42.679745,27.511929,105.000000,0.570525,-0.006699,0.577224,74.000000,0.277242,134.000000,0.277556,60.000000,0.009461,0.010102,28.036802,28.445446,119.000000,0.045151,0.003960,0.041190,68.000000,0.024174,143.000000,0.025240,75.000000,0.000411,0.000830,2.901733,2.600736,131.000000,0.741445,0.327685,0.413760,57.000000,0.533464,160.000000,0.535238,103.000000,0.002811,0.007111,68.220749,34.141491
1500032950,0,2020,1,Mixed,True,145.000000,0.718887,0.068227,0.650660,115.000000,0.387030,180.000000,0.389228,65.000000,0.011062,0.009419,40.039421,35.536427,144.000000,0.765829,0.222838,0.542991,114.000000,0.499287,181.000000,0.501068,67.000000,0.008885,0.007156,45.967815,30.814838,143.000000,0.557052,-0.003806,0.560857,114.000000,0.268615,178.000000,0.272165,64.000000,0.009946,0.008140,29.628090,29.875465,157.000000,0.044693,0.002355,0.042338,112.000000,0.023743,185.000000,0.023334,73.000000,0.000466,0.000763,2.783390,2.609112,169.000000,0.703980,0.200210,0.503769,64.000000,0.453509,287.000000,0.452513,223.000000,0.002385,0.002131,122.530067,77.682953
1500032950,1,2021,1,Fungicide,True,104.000000,0.573598,0.048848,0.524750,79.000000,0.310748,130.000000,0.315971,51.000000,0.010514,0.009909,24.673889,22.133799,104.000000,0.715907,0.250155,0.465752,79.000000,0.477163,130.000000,0.486931,51.000000,0.009550,0.008807,32.604179,19.596127,103.000000,0.459440,-0.016546,0.475986,78.000000,0.220150,128.000000,0.218104,50.000000,0.009572,0.009653,18.750973,19.594795,103.000000,0.043776,0.001031,0.042745,68.000000,0.022852,139.000000,0.022273,71.000000,0.000598,0.000597,2.640126,2.565907,121.000000,0.930596,0.409633,0.520964,66.000000,0.668201,148.000000,0.676697,82.000000,0.004771,0.009404,70.566406,36.566898
1500032950B,0,2020,0,No,True,145.000000,0.718887,0.068227,0.650660,115.000000,0.387030,180.000000,0.389228,65.000000,0.011062,0.009419,40.039421,35.536465,144.000000,0.765829,0.222870,0.542959,114.000000,0.499287,181.000000,0.501069,67.000000,0.008885,0.007156,45.967819,30.812643,143.000000,0.557052,-0.003806,0.560858,114.000000,0.268615,178.000000,0.272165,64.000000,0.009946,0.008140,29.628088,29.875500,157.000000,0.044693,0.002356,0.042337,112.000000,0.023743,185.000000,0.023334,73.000000,0.000466,0.000763,2.783389,2.609076,169.000000,0.703981,0.207693,0.496288,64.000000,0.453509,196.000000,0.456580,132.000000,0.002385,0.009163,84.997208,57.374031
15005301PO,0,2020,1,Fungicide,True,128.000000,0.551336,0.011938,0.539399,95.000000,0.277687,155.000000,0.278091,60.000000,0.008292,0.010120,27.501461,26.773256,127.000000,0.619705,0.146057,0.473648,95.000000,0.386483,154.000000,0.388497,59.000000,0.007288,0.008563,32.091087,23.327686,125.000000,0.411363,-0.030587,0.441950,93.000000,0.185326,153.000000,0.189144,60.000000,0.007064,0.007936,20.123058,21.988836,131.000000,0.044487,0.000522,0.043966,99.000000,0.022827,154.000000,0.022277,55.000000,0.000677,0.000966,1.999332,1.970121,134.000000,0.436936,0.112472,0.324463,109.000000,0.273728,156.000000,0.278630,47.000000,0.006528,0.007196,18.050190,12.651525
15005302PO,0,2020,1,Fungicide,True,123.000000,0.582385,0.002252,0.580132,94.000000,0.289793,149.000000,0.287885,55.000000,0.010089,0.011327,26.560734,26.434597,123.000000,0.678777,0.123224,0.555553,94.000000,0.403337,149.000000,0.407278,55.000000,0.009498,0.010442,32.320801,25.420256,122.000000,0.469571,-0.040715,0.510286,94.000000,0.217283,148.000000,0.208204,54.000000,0.009010,0.010053,20.575195,22.814501,125.000000,0.049967,-0.000914,0.050881,92.000000,0.024079,149.000000,0.024822,57.000000,0.000784,0.001048,2.326210,2.379219,131.000000,0.461006,0.070875,0.390131,108.000000,0.265227,151.000000,0.267844,43.000000,0.008512,0.009658,16.926746,13.808246
1500553132A,0,2020,1,Herbicide,True,134.000000,0.727553,0.138828,0.588725,106.000000,0.433283,163.000000,0.435138,57.000000,0.010510,0.010083,35.934715,27.882689,132.000000,0.779625,0.338964,0.440660,104.000000,0.553893,164.000000,0.555184,60.000000,0.008062,0.007014,42.780510,22.103685,132.000000,0.568819,0.062742,0.506077,104.000000,0.322714,163.000000,0.311126,59.000000,0.008789,0.008313,28.785038,25.020496,141.000000,0.061492,0.013735,0.047757,106.000000,0.038055,168.000000,0.038445,62.000000,0.000670,0.000854,3.362729,2.497427,154.000000,0.736441,0.333510,0.402932,125.000000,0.530900,177.000000,0.557952,52.000000,0.007088,0.007760,34.791985,17.282732
1500553132A,1,2021,0,No,True,128.000000,0.731448,0.066188,0.665260,98.000000,0.399507,160.000000,0.397233,62.000000,0.011065,0.010444,38.464951,34.295086,125.000000,0.819022,0.188616,0.630406,94.000000,0.509524,162.000000,0.500753,68.000000,0.009984,0.008602,48.601845,35.587372,125.000000,0.600249,0.001266,0.598983,96.000000,0.297690,158.000000,0.293377,62.000000,0.010433,0.009299,30.716499,30.636747,133.000000,0.053707,0.003743,0.049965,97.000000,0.028147,169.000000,0.029365,72.000000,0.000710,0.000676,3.291180,3.017976,144.000000,0.725928,0.175720,0.550209,111.000000,0.447333,174.000000,0.445695,63.000000,0.008442,0.009341,39.509766,28.263687
1500553160PB1,1,2020,1,Other,False,106.000000,0.703095,0.038210,0.664885,73.000000,0.374833,136.000000,0.373679,63.000000,0.009947,0.010981,37.357910,34.912445,105.000000,0.787633,0.193560,0.594073,69.000000,0.491881,136.000000,0.491298,67.000000,0.008215,0.009559,46.384079,33.222023,103.000000,0.599533,-0.017060,0.616593,69.000000,0.296433,134.000000,0.299174,65.000000,0.008915,0.009689,32.406166,33.532135,111.000000,0.054047,0.003311,0.050736,70.000000,0.028352,140.000000,0.028818,70.000000,0.000627,0.000870,3.232631,2.997516,123.000000,0.595236,0.065638,0.529599,83.000000,0.330723,158.000000,0.330711,75.000000,0.006613,0.007558,36.433128,31.444664
1500553160PB1,2,2021,1,Herbicide,False,104.000000,0.662382,0.052479,0.609903,69.000000,0.353548,130.000000,0.348687,61.000000,0.008824,0.012065,34.021713,30.768021,101.000000,0.776609,0.213160,0.563449,66.000000,0.498340,129.000000,0.488485,63.000000,0.007951,0.010290,43.063614,29.421379,100.000000,0.566534,-0.007106,0.573640,66.000000,0.282542,128.000000,0.278553,62.000000,0.008353,0.010285,29.108049,29.555700,107.000000,0.045734,0.002322,0.043411,68.000000,0.023935,130.000000,0.023760,62.000000,0.000559,0.000955,2.360118,2.213807,118.000000,0.582029,0.162373,0.419655,92.000000,0.373215,334.000000,0.371729,242.000000,0.008031,0.000974,84.995461,45.538696
1500553162,0,2020,1,Herbicide,True,109.000000,0.684718,0.052032,0.632686,74.000000,0.368554,142.000000,0.376952,68.000000,0.009033,0.009326,39.480209,35.890022,106.000000,0.763289,0.214082,0.549207,72.000000,0.488563,142.000000,0.492763,70.000000,0.008080,0.007515,47.488766,32.288925,104.000000,0.567918,-0.010411,0.578329,72.000000,0.284891,141.000000,0.278657,69.000000,0.008845,0.007818,32.603966,33.332729,113.000000,0.052486,0.002693,0.049793,72.000000,0.028104,145.000000,0.026988,73.000000,0.000595,0.000797,3.251539,3.052242,127.000000,0.600455,0.082221,0.518235,89.000000,0.339360,158.000000,0.340350,69.000000,0.006871,0.008390,34.221249,28.465805
1500553162A,1,2021,1,Herbicide,True,106.000000,0.615427,0.056647,0.558780,72.000000,0.341820,135.000000,0.328614,63.000000,0.008047,0.009890,32.986313,29.360918,104.000000,0.727473,0.223903,0.503570,68.000000,0.480152,134.000000,0.473340,66.000000,0.006870,0.008471,42.732700,27.731186,103.000000,0.499288,-0.004513,0.503800,68.000000,0.244970,133.000000,0.250169,65.000000,0.007266,0.008304,27.004414,27.302250,113.000000,0.043431,0.002279,0.041152,70.000000,0.023039,139.000000,0.022404,69.000000,0.000474,0.000809,2.494765,2.335211,123.000000,0.528960,0.192015,0.336945,98.000000,0.360767,149.000000,0.359907,51.000000,0.006728,0.006502,23.878567,13.893779
1500553163,0,2020,1,Herbicide,True,111.000000,0.797417,0.040994,0.756422,76.000000,0.412706,147.000000,0.425446,71.000000,0.010992,0.010333,47.602913,44.651321,109.000000,0.816394,0.185190,0.631204,72.000000,0.493346,148.000000,0.498205,76.000000,0.008731,0.008159,54.375202,40.115582,107.000000,0.636491,-0.017401,0.653892,73.000000,0.314661,145.000000,0.312552,72.000000,0.009466,0.008525,38.090084,39.360332,122.000000,0.055685,0.002543,0.053142,73.000000,0.029376,153.000000,0.028588,80.000000,0.000537,0.000874,3.746011,3.540032,129.000000,0.683204,0.103447,0.579756,95.000000,0.392859,161.000000,0.389561,66.000000,0.008540,0.009176,37.620644,30.689663
1500553163P1,0,2020,1,Herbicide,True,121.000000,0.739166,0.048900,0.690266,91.000000,0.387504,155.000000,0.385483,64.000000,0.011722,0.010402,39.774906,36.596436,120.000000,0.780803,0.196193,0.584610,90.000000,0.487712,154.000000,0.484772,64.000000,0.009770,0.008707,43.910542,31.157982,119.000000,0.581543,-0.009705,0.591248,89.000000,0.283600,152.000000,0.290294,63.000000,0.009931,0.008826,30.317867,30.938972,129.000000,0.051188,0.002573,0.048614,87.000000,0.027147,159.000000,0.026290,72.000000,0.000572,0.000830,3.090917,2.903070,139.000000,0.652174,0.192939,0.459236,110.000000,0.427366,167.000000,0.420047,57.000000,0.007752,0.008290,32.718925,21.528488
1500553164P1,0,2021,1,Herbicide,True,110.000000,0.743674,0.047154,0.696520,75.000000,0.390865,144.000000,0.393776,69.000000,0.010080,0.010291,43.406349,40.105541,108.000000,0.824140,0.142591,0.681549,73.000000,0.482468,145.000000,0.481020,72.000000,0.009762,0.009274,51.310997,40.901829,107.000000,0.612755,-0.007739,0.620494,74.000000,0.299215,141.000000,0.302143,67.000000,0.009501,0.009136,34.050156,34.576389,114.000000,0.058701,0.002443,0.056258,76.000000,0.030636,145.000000,0.030250,69.000000,0.000739,0.000918,3.363526,3.192502,124.000000,0.696667,0.184742,0.511925,96.000000,0.445549,154.000000,0.438856,58.000000,0.008969,0.008594,35.327568,24.427792
1500553164PA,0,2020,1,Fungicide,True,124.000000,0.618146,0.047791,0.570355,94.000000,0.327440,160.000000,0.329829,66.000000,0.009690,0.008009,34.565632,31.363636,122.000000,0.737933,0.200239,0.537694,94.000000,0.462046,159.000000,0.469125,65.000000,0.009853,0.007265,42.228767,29.012966,121.000000,0.517358,-0.017461,0.534819,93.000000,0.248336,157.000000,0.249881,64.000000,0.009608,0.007430,27.165730,28.300663,128.000000,0.058466,0.000577,0.057890,93.000000,0.029494,162.000000,0.028633,69.000000,0.000828,0.000877,3.391760,3.351388,142.000000,0.682185,0.159121,0.523064,111.000000,0.419401,167.000000,0.415610,56.000000,0.008477,0.010663,33.242859,24.172981
1500553171,0,2020,1,Fungicide,True,126.000000,0.719820,0.045988,0.673832,95.000000,0.376062,162.000000,0.377891,67.000000,0.011089,0.009498,41.067741,37.940575,124.000000,0.792467,0.212449,0.580018,95.000000,0.509334,161.000000,0.496630,66.000000,0.009763,0.007996,46.357437,32.123360,123.000000,0.581997,-0.012860,0.594857,94.000000,0.291077,159.000000,0.290715,65.000000,0.010032,0.008091,31.481045,32.329800,131.000000,0.062065,0.001594,0.060470,94.000000,0.031455,163.000000,0.031505,69.000000,0.000827,0.000955,3.626292,3.514684,145.000000,0.757365,0.227907,0.529458,116.000000,0.490962,169.000000,0.499455,53.000000,0.009186,0.010746,35.624832,23.317852
1500555331P,0,2020,1,Fungicide,True,317.000000,0.659870,0.057048,0.602822,291.000000,0.358047,0.000000,,-291.000000,0.011609,,0.000000,0.000000,316.000000,0.735247,0.217640,0.517608,289.000000,0.477355,0.000000,,-289.000000,0.009552,,0.000000,0.000000,314.000000,0.540060,-0.002517,0.542577,288.000000,0.267803,0.000000,,-288.000000,0.010471,,0.000000,0.000000,324.000000,0.037738,0.003134,0.034604,284.000000,0.020405,0.000000,,-284.000000,0.000433,,0.000000,0.000000,328.000000,0.507312,0.099632,0.407680,295.000000,0.302034,0.000000,,-295.000000,0.006221,,0.000000,0.000000
1500555332,1,2021,1,Fungicide,True,133.000000,0.835031,0.048208,0.786823,101.000000,0.439697,169.000000,0.441717,68.000000,0.012354,0.010925,47.684010,44.357689,131.000000,0.827495,0.237396,0.590099,98.000000,0.534894,173.000000,0.532538,75.000000,0.008867,0.007023,55.098995,37.056915,130.000000,0.630660,-0.014056,0.644716,99.000000,0.311047,168.000000,0.309388,69.000000,0.010310,0.008455,36.036285,37.020218,144.000000,0.046401,0.000574,0.045827,100.000000,0.022970,184.000000,0.023420,84.000000,0.000533,0.000575,3.355618,3.306838,151.000000,0.741276,0.195487,0.545788,114.000000,0.469571,181.000000,0.470268,67.000000,0.007343,0.009034,43.796684,30.503555
150062471C,1,2021,0,No,False,214.000000,0.487830,0.074388,0.413442,48.000000,0.282278,239.000000,0.280962,191.000000,0.001238,0.008275,58.780338,44.497795,91.000000,0.590589,0.310918,0.279670,39.000000,0.451622,236.000000,0.452016,197.000000,0.002672,0.000956,93.145035,31.583206,213.000000,0.378188,0.010129,0.368059,192.000000,0.192303,237.000000,0.193501,45.000000,0.008852,0.007695,14.053691,13.587749,226.000000,0.036670,0.006054,0.030616,195.000000,0.021081,257.000000,0.021726,62.000000,0.000503,0.000482,1.980918,1.599497,239.000000,0.741784,0.258525,0.483259,128.000000,0.500206,269.000000,0.500201,141.000000,0.002176,0.008053,75.706657,38.996155
150062910A,0,2019,0,No,False,305.000000,0.792844,0.423341,0.369503,0.000000,,324.000000,0.614637,324.000000,,0.009379,13.847111,5.591966,305.000000,0.817015,0.556889,0.260127,0.000000,,325.000000,0.688618,325.000000,,0.006420,15.554604,4.138386,305.000000,0.627848,0.319493,0.308355,0.000000,,324.000000,0.473918,324.000000,,0.008102,10.862768,4.632660,305.000000,0.021539,0.018586,0.002952,0.000000,,346.000000,0.020065,346.000000,,0.000036,0.869107,0.097772,305.000000,0.637161,0.506365,0.130796,0.000000,,325.000000,0.573052,325.000000,,0.003205,12.439030,2.058539
150062910A,1,2020,1,Herbicide,False,166.000000,0.776592,0.059759,0.716834,133.000000,0.411908,197.000000,0.418447,64.000000,0.011051,0.011553,42.084595,38.200279,162.000000,0.791471,0.227118,0.564353,128.000000,0.508812,198.000000,0.506081,70.000000,0.008314,0.007928,49.307049,33.181686,162.000000,0.597054,-0.002304,0.599358,130.000000,0.304734,195.000000,0.295021,65.000000,0.009135,0.009153,32.447449,32.599537,172.000000,0.056294,0.002868,0.053426,134.000000,0.029482,200.000000,0.029782,66.000000,0.000706,0.000947,3.143903,2.951749,182.000000,0.715021,0.104827,0.610194,143.000000,0.410343,207.000000,0.408359,64.000000,0.007812,0.012266,38.712490,31.898739
150062910A,2,2021,0,No,False,59.000000,0.561387,0.330512,0.230875,50.000000,0.445722,0.000000,,-50.000000,0.012852,,0.000000,0.000000,59.000000,0.737390,0.497682,0.239708,50.000000,0.613131,0.000000,,-50.000000,0.013807,,0.000000,0.000000,59.000000,0.509489,0.267693,0.241796,51.000000,0.395562,0.000000,,-51.000000,0.014241,,0.000000,0.000000,38.000000,0.015444,0.008452,0.006992,22.000000,0.011831,59.000000,0.012004,37.000000,0.000226,0.000164,0.532480,0.215527,59.000000,0.506629,0.311013,0.195616,49.000000,0.407752,0.000000,,-49.000000,0.009888,,0.000000,0.000000
150062910B,1,2021,1,Herbicide,True,134.000000,0.672344,0.237032,0.435311,106.000000,0.453148,165.000000,0.450191,59.000000,0.007828,0.007166,35.517784,21.295860,129.000000,0.745428,0.377583,0.367845,102.000000,0.565269,163.000000,0.558471,61.000000,0.006673,0.005499,42.105808,18.695679,129.000000,0.545350,0.124850,0.420500,101.000000,0.328128,160.000000,0.337428,59.000000,0.007758,0.006707,28.118279,20.627262,134.000000,0.061707,0.021867,0.039840,108.000000,0.041215,167.000000,0.042000,59.000000,0.000788,0.000597,3.275951,1.963932,150.000000,0.904997,0.611373,0.293624,116.000000,0.757895,169.000000,0.870712,53.000000,0.004327,0.001804,46.287819,13.579346
150062915A,0,2020,1,Fungicide,True,117.000000,0.664091,0.025985,0.638106,85.000000,0.348707,146.000000,0.350962,61.000000,0.009856,0.010798,34.027714,32.416637,117.000000,0.749279,0.199849,0.549430,83.000000,0.470297,146.000000,0.481067,63.000000,0.008205,0.009249,41.642006,28.851650,115.000000,0.552397,-0.037924,0.590321,83.000000,0.261002,145.000000,0.251600,62.000000,0.009106,0.010027,28.047924,30.437153,119.000000,0.061395,-0.001793,0.063188,81.000000,0.029675,148.000000,0.029350,67.000000,0.000835,0.001105,3.299474,3.421379,127.000000,0.832620,0.258461,0.574159,81.000000,0.545852,153.000000,0.537436,72.000000,0.006234,0.011353,51.484802,32.617130
150062915B,0,2020,1,Fungicide,True,119.000000,0.693870,0.022915,0.670955,86.000000,0.360710,151.000000,0.349867,65.000000,0.010096,0.010750,37.758774,36.246387,118.000000,0.758860,0.190347,0.568514,82.000000,0.471522,150.000000,0.468737,68.000000,0.007982,0.009066,45.226166,32.092251,116.000000,0.570467,-0.037010,0.607477,82.000000,0.261420,149.000000,0.259986,67.000000,0.009090,0.009409,31.132942,33.649624,123.000000,0.063063,-0.003495,0.066558,83.000000,0.030069,150.000000,0.030174,67.000000,0.000825,0.001218,3.384871,3.622529,130.000000,0.849890,0.298220,0.551669,84.000000,0.571899,153.000000,0.572539,69.000000,0.006043,0.012059,50.500641,29.625233
150062915D,0,2020,1,Herbicide,True,156.000000,0.778934,0.123610,0.655323,126.000000,0.455021,187.000000,0.456973,61.000000,0.010797,0.010386,41.236950,33.573105,152.000000,0.792851,0.292374,0.500477,123.000000,0.535934,187.000000,0.546800,64.000000,0.008859,0.007030,45.874664,26.870375,152.000000,0.604352,0.033102,0.571251,123.000000,0.323038,185.000000,0.319335,62.000000,0.009701,0.008637,31.699951,29.614550,163.000000,0.061042,0.012127,0.048914,129.000000,0.036704,191.000000,0.037063,62.000000,0.000716,0.000856,3.330362,2.566332,176.000000,0.752151,0.301955,0.450197,141.000000,0.531490,199.000000,0.550461,58.000000,0.006305,0.008769,39.214603,21.550264
15006291A,1,2020,0,No,False,209.000000,0.723419,0.077198,0.646221,166.000000,0.404088,257.000000,0.403081,91.000000,0.007426,0.006674,55.910801,48.808624,208.000000,0.830707,0.252788,0.577919,165.000000,0.542849,255.000000,0.541853,90.000000,0.006694,0.006146,66.258919,43.255226,208.000000,0.631662,0.013892,0.617770,166.000000,0.325770,255.000000,0.323033,89.000000,0.007283,0.006567,47.109779,45.859535,234.000000,0.051815,0.004266,0.047548,173.000000,0.028037,289.000000,0.028363,116.000000,0.000390,0.000426,5.085542,4.586365,283.000000,1.010130,0.204168,0.805962,251.000000,0.604019,307.000000,0.617619,56.000000,0.012691,0.016355,47.585686,35.948097
15006291A,2,2021,0,No,False,59.000000,0.527606,0.326259,0.201347,48.000000,0.422543,0.000000,,-48.000000,0.009551,,0.000000,0.000000,59.000000,0.763415,0.526885,0.236530,51.000000,0.650796,0.000000,,-51.000000,0.014077,,0.000000,0.000000,59.000000,0.547448,0.299110,0.248339,51.000000,0.426449,0.000000,,-51.000000,0.015125,,0.000000,0.000000,59.000000,0.019343,0.013342,0.006002,41.000000,0.016310,0.000000,,-41.000000,0.000169,,0.000000,0.000000,59.000000,0.788450,0.499420,0.289030,47.000000,0.643387,0.000000,,-47.000000,0.012089,,0.000000,0.000000
15006294B,0,2020,1,Herbicide,True,141.000000,0.848737,0.116673,0.732065,107.000000,0.492010,172.000000,0.480589,65.000000,0.010492,0.011876,48.134613,40.434227,137.000000,0.802388,0.287351,0.515037,103.000000,0.538635,171.000000,0.552680,68.000000,0.007757,0.007344,49.598763,29.771568,136.000000,0.621966,0.026525,0.595440,102.000000,0.317217,170.000000,0.331461,68.000000,0.008963,0.008544,36.122223,34.291962,151.000000,0.071039,0.010904,0.060136,107.000000,0.041037,174.000000,0.041876,67.000000,0.000682,0.001268,4.057540,3.316089,157.000000,0.833131,0.297318,0.535813,125.000000,0.561406,178.000000,0.565141,53.000000,0.008491,0.012761,39.294666,23.239510
15006295B,0,2020,1,Fungicide,True,128.000000,0.736535,0.037237,0.699298,95.000000,0.389037,163.000000,0.389219,68.000000,0.010530,0.009923,42.234791,39.665466,126.000000,0.770111,0.216824,0.553287,93.000000,0.493945,163.000000,0.495861,70.000000,0.008369,0.007412,47.750210,32.355690,124.000000,0.581808,-0.025810,0.607617,92.000000,0.276586,161.000000,0.277711,69.000000,0.009538,0.008219,32.992653,34.799320,136.000000,0.068707,0.000184,0.068523,95.000000,0.034125,168.000000,0.034123,73.000000,0.000843,0.001081,4.225238,4.211627,145.000000,0.846405,0.161700,0.684704,111.000000,0.505938,171.000000,0.507788,60.000000,0.010014,0.013024,44.050568,34.186836
15006296C,0,2020,1,Fungicide,True,122.000000,0.738389,0.037825,0.700564,89.000000,0.395959,153.000000,0.389192,64.000000,0.010377,0.011264,40.033371,37.574734,120.000000,0.775526,0.213358,0.562168,85.000000,0.498520,153.000000,0.486830,68.000000,0.007914,0.008748,46.585220,31.863525,119.000000,0.588042,-0.022456,0.610498,85.000000,0.282883,151.000000,0.291280,66.000000,0.008975,0.009274,32.169842,33.674385,129.000000,0.068197,-0.000403,0.068600,88.000000,0.034063,157.000000,0.033536,69.000000,0.000833,0.001238,3.865122,3.893340,137.000000,0.853968,0.304920,0.549047,84.000000,0.581859,159.000000,0.587285,75.000000,0.005134,0.012122,55.156734,31.982784
15006296D,0,2020,1,Fungicide,True,124.000000,0.741908,0.031587,0.710321,91.000000,0.390469,160.000000,0.377727,69.000000,0.010650,0.010116,43.013054,40.801960,123.000000,0.771385,0.204180,0.567205,89.000000,0.491309,160.000000,0.481073,71.000000,0.008238,0.007846,48.280148,33.579170,120.000000,0.584304,-0.030034,0.614338,88.000000,0.271702,157.000000,0.279204,69.000000,0.009769,0.008246,33.094345,35.196705,132.000000,0.067377,-0.002486,0.069863,87.000000,0.032057,163.000000,0.033088,76.000000,0.000785,0.001106,4.177361,4.368787,142.000000,0.841238,0.273998,0.567240,82.000000,0.559505,166.000000,0.559947,84.000000,0.004696,0.011720,59.457443,36.167572
15006297A,1,2021,1,Herbicide,True,139.000000,0.795716,0.072202,0.723513,103.000000,0.429341,173.000000,0.444407,70.000000,0.010177,0.010333,47.905487,42.779121,135.000000,0.799829,0.249152,0.550677,100.000000,0.519432,173.000000,0.526181,73.000000,0.008011,0.007201,52.488132,34.050888,133.000000,0.616160,-0.005469,0.621628,100.000000,0.310229,171.000000,0.307941,71.000000,0.009271,0.008111,36.861473,37.255207,135.000000,0.064441,0.004826,0.059614,101.000000,0.033907,175.000000,0.033768,74.000000,0.000898,0.000767,4.079433,3.717450,154.000000,0.869467,0.164537,0.704930,114.000000,0.522067,179.000000,0.521862,65.000000,0.008685,0.013904,49.200184,38.340748
15006297C,1,2021,1,Herbicide,True,122.000000,0.790731,0.018709,0.772022,91.000000,0.413596,150.000000,0.392777,59.000000,0.012166,0.014213,39.046249,37.923706,120.000000,0.788288,0.200469,0.587819,88.000000,0.494246,149.000000,0.490953,61.000000,0.009189,0.010253,42.307407,29.878349,119.000000,0.603886,-0.041130,0.645016,88.000000,0.279472,148.000000,0.278338,60.000000,0.010465,0.011226,29.624611,32.133572,125.000000,0.068158,-0.002810,0.070967,93.000000,0.033413,150.000000,0.032064,57.000000,0.001086,0.001444,3.163661,3.326634,128.000000,0.879081,0.342719,0.536362,94.000000,0.607511,152.000000,0.608419,58.000000,0.007987,0.011278,45.553505,25.333096
15006297E1,1,2020,0,No,False,98.000000,0.689555,0.074602,0.614953,38.000000,0.381764,135.000000,0.386250,97.000000,0.005130,0.008197,54.951500,47.640480,94.000000,0.868468,0.247142,0.621326,37.000000,0.556127,143.000000,0.552746,106.000000,0.005480,0.006443,80.705261,54.261116,92.000000,0.690659,0.012141,0.678517,42.000000,0.349021,132.000000,0.353366,90.000000,0.006833,0.008432,51.070976,49.966118,222.000000,0.018596,0.004825,0.013771,183.000000,0.011659,323.000000,0.011691,140.000000,0.000178,0.000068,1.954273,1.273970,69.000000,0.879214,0.306616,0.572598,45.000000,0.587682,143.000000,0.596705,98.000000,0.012147,0.003818,78.433502,48.078522
15006297F,1,2021,1,Herbicide,True,145.000000,0.810687,0.236280,0.574407,115.000000,0.520045,180.000000,0.519695,65.000000,0.009688,0.008314,46.770100,31.175636,140.000000,0.796360,0.394058,0.402302,112.000000,0.596886,180.000000,0.596416,68.000000,0.007124,0.004999,49.895325,22.705292,140.000000,0.615204,0.122323,0.492881,111.000000,0.373914,177.000000,0.364136,66.000000,0.008320,0.006786,35.271206,27.075542,148.000000,0.060849,0.028053,0.032796,115.000000,0.043845,188.000000,0.053908,73.000000,0.000515,0.000174,4.227147,2.165247,188.000000,0.948846,0.638894,0.309952,145.000000,0.794007,0.000000,,-145.000000,0.003601,,0.000000,0.000000
15006299A,1,2021,1,Herbicide,True,125.000000,0.779014,0.055777,0.723237,92.000000,0.420159,154.000000,0.421758,62.000000,0.010874,0.012319,41.219360,37.705395,122.000000,0.795857,0.227309,0.568548,90.000000,0.517958,154.000000,0.506509,64.000000,0.008684,0.009042,45.445568,30.670485,121.000000,0.613022,-0.019744,0.632765,89.000000,0.293747,152.000000,0.304825,63.000000,0.009977,0.009942,32.231102,33.494686,128.000000,0.068974,0.003554,0.065420,96.000000,0.036224,155.000000,0.037010,59.000000,0.001023,0.001184,3.393892,3.180662,137.000000,0.885295,0.407959,0.477337,102.000000,0.649153,160.000000,0.647739,58.000000,0.006747,0.010329,46.716003,22.646427
15006299B,0,2020,1,Herbicide,True,149.000000,0.816688,0.317623,0.499065,118.000000,0.572757,183.000000,0.566565,65.000000,0.007869,0.007357,48.025612,27.221304,144.000000,0.787094,0.423330,0.363764,115.000000,0.601681,183.000000,0.607568,68.000000,0.006394,0.004603,49.635735,20.637651,143.000000,0.604097,0.170814,0.433283,114.000000,0.389697,178.000000,0.389632,64.000000,0.007393,0.006128,34.489841,23.386959,158.000000,0.065760,0.030615,0.035145,122.000000,0.048219,183.000000,0.058261,61.000000,0.000487,0.000300,3.719792,1.836968,183.000000,0.899185,0.603524,0.295661,156.000000,0.754062,0.000000,,-156.000000,0.005375,,0.000000,0.000000
1500635APPLEP,0,2020,1,Fungicide,True,110.000000,0.730078,0.027313,0.702766,81.000000,0.379633,136.000000,0.377581,55.000000,0.012084,0.013558,33.658222,32.128704,109.000000,0.809163,0.209743,0.599420,78.000000,0.513946,135.000000,0.512218,57.000000,0.009523,0.011421,40.579170,28.414093,108.000000,0.608043,-0.038599,0.646643,79.000000,0.291700,135.000000,0.284533,56.000000,0.010908,0.011982,27.929792,30.129955,107.000000,0.058478,-0.001023,0.059501,73.000000,0.029444,136.000000,0.028282,63.000000,0.000854,0.001041,3.098925,3.164407,90.000000,0.821955,0.385508,0.436446,66.000000,0.602297,142.000000,0.601986,76.000000,0.009152,0.004230,57.968964,28.284817
1500635BPECKEP,0,2021,1,Mixed,True,138.000000,0.868999,0.066089,0.802910,109.000000,0.477867,168.000000,0.458917,59.000000,0.013487,0.013669,43.524399,39.559067,136.000000,0.855152,0.231983,0.623168,105.000000,0.550886,169.000000,0.550521,64.000000,0.009815,0.009231,48.663883,33.584953,135.000000,0.666537,0.000551,0.665986,106.000000,0.326524,167.000000,0.326296,61.000000,0.011725,0.010633,33.814278,33.780106,141.000000,0.054478,0.002377,0.052101,105.000000,0.027701,173.000000,0.029132,68.000000,0.000744,0.000792,3.180460,3.016446,150.000000,0.790472,0.130508,0.659964,118.000000,0.462541,173.000000,0.472660,55.000000,0.010248,0.013818,37.537254,30.228806
1500635BV104P,0,2021,1,Fungicide,True,127.000000,0.724482,0.073793,0.650689,97.000000,0.397558,156.000000,0.408191,59.000000,0.010897,0.010907,36.576977,32.149391,124.000000,0.759615,0.205579,0.554036,94.000000,0.485071,158.000000,0.478699,64.000000,0.009151,0.008262,42.998306,29.635670,123.000000,0.538479,-0.000213,0.538692,95.000000,0.276191,155.000000,0.262495,60.000000,0.009367,0.008625,26.941872,26.954849,133.000000,0.059107,0.001922,0.057185,97.000000,0.031149,162.000000,0.030883,65.000000,0.000777,0.000973,3.210955,3.084088,138.000000,0.688928,0.164122,0.524806,112.000000,0.421042,163.000000,0.427296,51.000000,0.010303,0.010465,30.590443,22.056114
1500635BV112SP,0,2021,1,Mixed,True,122.000000,0.720145,0.158947,0.561198,96.000000,0.444436,146.000000,0.443518,50.000000,0.010604,0.011526,31.671495,23.565197,120.000000,0.761439,0.272824,0.488614,93.000000,0.521452,146.000000,0.521196,53.000000,0.008888,0.009240,36.558666,21.826145,120.000000,0.554630,0.067610,0.487020,93.000000,0.306557,145.000000,0.312364,52.000000,0.009188,0.009691,24.780472,21.197168,125.000000,0.067332,0.026844,0.040488,99.000000,0.046855,154.000000,0.051793,55.000000,0.000788,0.000536,3.351727,1.861878,154.000000,0.844048,0.471329,0.372719,121.000000,0.652776,0.000000,,-121.000000,0.005796,,0.000000,0.000000
1500635BV114P,1,2020,1,Mixed,False,112.000000,0.745377,0.068153,0.677223,82.000000,0.406967,140.000000,0.402878,58.000000,0.011280,0.012232,36.574001,32.552944,110.000000,0.755494,0.210924,0.544571,78.000000,0.487720,140.000000,0.475449,62.000000,0.008368,0.009335,41.217030,27.928844,109.000000,0.568978,-0.003384,0.572362,79.000000,0.280450,138.000000,0.282408,59.000000,0.009618,0.009882,27.706951,27.910006,117.000000,0.063285,0.001648,0.061636,82.000000,0.032658,144.000000,0.032054,62.000000,0.000875,0.001157,3.246338,3.142489,124.000000,0.688308,0.149381,0.538927,97.000000,0.413911,218.000000,0.416299,121.000000,0.010163,0.002894,59.206947,40.982468
1500635BV133P,0,2020,1,Fungicide,True,128.000000,0.857277,0.308272,0.549005,101.000000,0.580539,159.000000,0.588926,58.000000,0.010250,0.008656,44.980583,26.792553,126.000000,0.822539,0.405684,0.416855,97.000000,0.613955,160.000000,0.610478,63.000000,0.007193,0.006237,47.979603,22.015842,125.000000,0.630142,0.180285,0.449858,97.000000,0.398723,158.000000,0.406280,61.000000,0.008265,0.006784,34.220051,23.042398,135.000000,0.066019,0.027611,0.038409,99.000000,0.046678,162.000000,0.052960,63.000000,0.000537,0.000484,3.828493,2.075202,158.000000,0.815356,0.464041,0.351314,121.000000,0.643283,162.000000,0.815164,41.000000,0.004651,0.000048,31.807890,12.550171
1500635BV141P,0,2021,1,Mixed,True,121.000000,0.696620,0.079584,0.617036,94.000000,0.391143,143.000000,0.399217,49.000000,0.011314,0.013518,29.308983,25.329798,120.000000,0.768859,0.219750,0.549109,91.000000,0.490223,143.000000,0.496885,52.000000,0.009608,0.011825,35.440006,23.793236,120.000000,0.565050,0.003387,0.561663,92.000000,0.280593,143.000000,0.273949,51.000000,0.010159,0.012657,23.929222,23.753090,120.000000,0.062879,0.016511,0.046368,92.000000,0.040150,147.000000,0.039720,55.000000,0.000812,0.000858,3.053695,2.129100,129.000000,0.948717,0.519069,0.429648,99.000000,0.729847,154.000000,0.833638,55.000000,0.007296,0.004603,48.859428,20.051075
1500635BV142P,0,2021,1,Mixed,True,126.000000,0.804611,0.280400,0.524211,103.000000,0.551092,151.000000,0.550496,48.000000,0.011023,0.010165,34.985134,21.245533,125.000000,0.825101,0.378636,0.446465,99.000000,0.597881,151.000000,0.604880,52.000000,0.008739,0.008470,39.503101,19.435411,124.000000,0.634487,0.165331,0.469156,100.000000,0.394995,150.000000,0.392191,50.000000,0.009979,0.009319,27.937668,19.505775,127.000000,0.063421,0.027219,0.036202,98.000000,0.045770,154.000000,0.052458,56.000000,0.000609,0.000406,3.286363,1.748478,154.000000,0.939391,0.637204,0.302188,107.000000,0.788137,0.000000,,-107.000000,0.003218,,0.000000,0.000000
1500635BV144P,0,2020,1,Mixed,True,112.000000,0.701784,0.037027,0.664757,89.000000,0.376147,133.000000,0.367648,44.000000,0.014158,0.015911,25.867901,24.201696,110.000000,0.736146,0.211360,0.524785,85.000000,0.468489,132.000000,0.481493,47.000000,0.010706,0.011575,30.496630,20.351334,110.000000,0.540069,-0.026904,0.566973,87.000000,0.265184,131.000000,0.262064,44.000000,0.011952,0.013238,19.550690,20.761351,108.000000,0.050238,0.000432,0.049806,72.000000,0.025406,135.000000,0.025160,63.000000,0.000690,0.000929,2.661049,2.633399,110.000000,0.772219,0.265314,0.506904,60.000000,0.513654,145.000000,0.515547,85.000000,0.005171,0.007333,60.029816,37.212795
1500635DUDANP,0,2020,1,Fungicide,True,141.000000,0.804990,0.025249,0.779741,108.000000,0.423884,176.000000,0.422977,68.000000,0.011549,0.010915,46.567783,44.825611,138.000000,0.838939,0.212787,0.626152,107.000000,0.532887,175.000000,0.533149,68.000000,0.009873,0.008265,50.533241,35.850952,138.000000,0.646676,-0.037004,0.683680,106.000000,0.302923,175.000000,0.296012,69.000000,0.010742,0.009477,36.706657,39.296963,145.000000,0.057917,0.005130,0.052787,102.000000,0.031845,176.000000,0.031824,74.000000,0.000606,0.000842,3.672308,3.287577,158.000000,0.893823,0.407012,0.486811,95.000000,0.649465,183.000000,0.647791,88.000000,0.003879,0.009841,69.764633,33.540569
1500635DUDANP,1,2021,1,Fungicide,True,96.000000,0.635539,0.037161,0.598377,60.000000,0.374256,125.000000,0.339145,65.000000,0.007258,0.010220,35.036629,32.583973,93.000000,0.793698,0.200379,0.593319,60.000000,0.582813,124.000000,0.493366,64.000000,0.006390,0.009688,45.327511,32.302906,92.000000,0.560687,-0.030042,0.590729,60.000000,0.333951,122.000000,0.267019,62.000000,0.007085,0.009789,29.185452,31.078098,93.000000,0.053463,0.002274,0.051189,60.000000,0.042186,123.000000,0.027238,63.000000,0.000342,0.000874,2.998422,2.852902,104.000000,0.813567,0.400979,0.412588,60.000000,0.644808,128.000000,0.607503,68.000000,0.003835,0.008586,50.823120,23.155571
1500635DUDASP,0,2020,1,Mixed,True,101.000000,0.699877,0.080962,0.618914,73.000000,0.389042,126.000000,0.390934,53.000000,0.011101,0.012358,31.600998,27.229023,99.000000,0.794099,0.230884,0.563215,68.000000,0.510702,125.000000,0.519406,57.000000,0.009142,0.010565,40.040344,26.649078,99.000000,0.592028,0.005587,0.586441,70.000000,0.303708,125.000000,0.295146,55.000000,0.009942,0.011419,27.132784,26.819923,96.000000,0.056493,0.005383,0.051110,65.000000,0.030881,125.000000,0.030728,60.000000,0.000826,0.000888,2.927767,2.599394,88.000000,0.893694,0.449703,0.443990,60.000000,0.673795,129.000000,0.671209,69.000000,0.007854,0.005426,57.849434,26.370205
1500635FDLT35P,0,2020,1,Mixed,True,162.000000,0.792207,0.068540,0.723667,1.000000,0.086189,174.000000,0.433360,173.000000,0.004385,0.029904,7.686185,6.726625,162.000000,0.787748,0.272279,0.515469,0.000000,,174.000000,0.535991,174.000000,,0.020980,8.665619,4.853707,162.000000,0.580264,0.005257,0.575007,0.000000,,174.000000,0.290328,174.000000,,0.024161,5.388095,5.314501,162.000000,0.054863,0.007284,0.047578,1.000000,0.011097,175.000000,0.030753,174.000000,0.000272,0.001855,0.588894,0.479627,162.000000,0.957967,0.424472,0.533495,1.000000,0.596762,175.000000,0.695948,174.000000,0.002244,0.020155,11.998217,5.631144
1500635FDLT35P,1,2021,1,Fungicide,True,102.000000,0.553914,0.040656,0.513258,67.000000,0.292888,131.000000,0.297204,64.000000,0.007458,0.008852,29.896545,27.253878,99.000000,0.704238,0.231598,0.472640,64.000000,0.464531,130.000000,0.468242,66.000000,0.006849,0.007613,41.252594,25.735525,99.000000,0.458016,-0.025883,0.483899,65.000000,0.218808,129.000000,0.219130,64.000000,0.007036,0.007963,24.065357,25.747721,100.000000,0.047466,0.002535,0.044931,62.000000,0.025357,126.000000,0.024669,64.000000,0.000582,0.000877,2.520150,2.355379,109.000000,0.793361,0.506621,0.286741,78.000000,0.647412,132.000000,0.652424,54.000000,0.004708,0.006128,40.448563,12.584427
1500635FDLT3SP,0,2020,0,No,True,162.000000,0.792207,0.068072,0.724135,0.000000,,174.000000,0.433360,174.000000,,0.029904,7.599547,6.714612,162.000000,0.787749,0.257805,0.529944,0.000000,,175.000000,0.516188,175.000000,,0.020889,8.857390,5.248126,162.000000,0.580264,0.008240,0.572024,0.000000,,174.000000,0.290328,174.000000,,0.024161,5.368691,5.261576,162.000000,0.054863,0.006249,0.048614,0.000000,,175.000000,0.030753,175.000000,,0.001855,0.576724,0.489245,162.000000,0.957967,0.404586,0.553381,0.000000,,176.000000,0.675810,176.000000,,0.020154,12.055547,5.986751
1500635GRIMCP,0,2020,1,Mixed,True,151.000000,0.832701,0.017617,0.815084,109.000000,0.415841,185.000000,0.421903,76.000000,0.009925,0.012082,54.022194,52.665649,146.000000,0.815578,0.196805,0.618773,106.000000,0.501978,186.000000,0.512911,80.000000,0.007840,0.007567,59.051357,43.110165,146.000000,0.623859,-0.044746,0.668605,106.000000,0.296312,185.000000,0.287597,79.000000,0.008189,0.008622,42.199894,45.779591,144.000000,0.049496,0.004209,0.045286,98.000000,0.026870,184.000000,0.026739,86.000000,0.000492,0.000569,3.697588,3.331377,165.000000,0.737657,0.227421,0.510236,89.000000,0.604525,193.000000,0.483447,104.000000,0.001752,0.009079,68.648659,44.769444
1500635GRIMCP,1,2021,1,Mixed,True,140.000000,0.827974,0.037920,0.790054,110.000000,0.432248,171.000000,0.439675,61.000000,0.013191,0.012526,42.718079,40.367058,138.000000,0.844255,0.217087,0.627168,107.000000,0.536016,173.000000,0.525912,66.000000,0.009943,0.009095,49.268761,34.723957,137.000000,0.650280,-0.027305,0.677584,108.000000,0.318169,171.000000,0.306732,63.000000,0.011452,0.010104,33.992352,35.739849,144.000000,0.055344,0.000185,0.055159,105.000000,0.027721,175.000000,0.027750,70.000000,0.000708,0.000890,3.243834,3.230700,155.000000,0.825555,0.366409,0.459146,108.000000,0.593861,196.000000,0.596241,88.000000,0.004930,0.005593,64.319992,31.709564
1500635HAM35P,0,2020,1,Fungicide,True,112.000000,0.808126,0.093312,0.714814,80.000000,0.455722,141.000000,0.457636,61.000000,0.011013,0.012086,42.388256,36.602901,110.000000,0.827985,0.326999,0.500986,77.000000,0.573165,141.000000,0.569801,64.000000,0.007722,0.008329,48.065224,26.810297,109.000000,0.646485,0.022591,0.623894,76.000000,0.339731,140.000000,0.339293,64.000000,0.009296,0.009909,35.099121,33.630726,117.000000,0.063013,0.006109,0.056904,78.000000,0.034118,143.000000,0.034480,65.000000,0.000741,0.001097,3.447767,3.044572,127.000000,0.732697,0.191637,0.541061,96.000000,0.465091,151.000000,0.454339,55.000000,0.008632,0.011598,34.796001,24.064344
1500635HAM35P,1,2021,1,Mixed,True,147.000000,0.904318,0.061675,0.842643,114.000000,0.477428,181.000000,0.490600,67.000000,0.012936,0.012168,51.613480,47.419556,147.000000,0.861056,0.189170,0.671886,108.000000,0.523698,186.000000,0.517898,78.000000,0.008650,0.008799,59.051769,44.107319,146.000000,0.676353,-0.002215,0.678567,112.000000,0.342604,181.000000,0.342687,69.000000,0.009816,0.009533,39.480034,39.635067,166.000000,0.046222,0.002717,0.043505,104.000000,0.023966,192.000000,0.025126,88.000000,0.000359,0.000811,3.605690,3.363874,167.000000,0.745019,0.159304,0.585715,119.000000,0.453065,191.000000,0.445346,72.000000,0.006082,0.012486,46.513863,34.884659
1500635HAMEP,1,2021,1,Mixed,True,115.000000,0.601823,0.061637,0.540186,79.000000,0.325398,154.000000,0.326125,75.000000,0.007678,0.007069,39.125381,34.440998,108.000000,0.747726,0.246563,0.501164,75.000000,0.491136,153.000000,0.498215,78.000000,0.007775,0.005545,52.229752,32.751312,108.000000,0.511707,0.003750,0.507957,77.000000,0.262626,150.000000,0.262138,73.000000,0.008035,0.005942,31.488342,31.210844,113.000000,0.058938,0.003306,0.055631,76.000000,0.031213,150.000000,0.030873,74.000000,0.000749,0.000758,3.662304,3.414335,134.000000,0.721887,0.203208,0.518678,103.000000,0.458487,161.000000,0.468733,58.000000,0.008497,0.009376,36.618233,24.628935
1500635HAMWEP,0,2020,1,Fungicide,True,137.000000,0.789382,0.049891,0.739492,109.000000,0.425819,176.000000,0.416814,67.000000,0.012984,0.009553,44.138584,40.746029,138.000000,0.822203,0.243241,0.578962,108.000000,0.537040,178.000000,0.536689,70.000000,0.009505,0.007138,50.900719,33.630585,138.000000,0.637728,-0.009485,0.647213,108.000000,0.315295,174.000000,0.311717,66.000000,0.010748,0.009056,34.781197,35.416706,144.000000,0.060433,0.004298,0.056135,108.000000,0.031805,186.000000,0.032273,78.000000,0.000795,0.000670,4.064086,3.724539,156.000000,0.870830,0.157434,0.713396,122.000000,0.522279,187.000000,0.512134,65.000000,0.010251,0.011571,48.951553,38.560913
1500635HAMWWP,1,2020,1,Fungicide,False,118.000000,0.704735,0.070998,0.633737,84.000000,0.394732,149.000000,0.378095,65.000000,0.009118,0.010537,39.319012,34.633129,115.000000,0.804776,0.237702,0.567074,79.000000,0.515592,149.000000,0.517254,70.000000,0.008033,0.008457,49.986778,33.109951,113.000000,0.599206,0.003635,0.595571,80.000000,0.294228,147.000000,0.302385,67.000000,0.009242,0.008730,33.605598,33.358425,121.000000,0.062673,0.002997,0.059677,85.000000,0.033245,149.000000,0.032255,64.000000,0.000817,0.001086,3.358945,3.164153,134.000000,0.656569,0.176102,0.480468,104.000000,0.415190,159.000000,0.418230,55.000000,0.008046,0.009534,31.181852,21.320152
1500635MALAGAP,1,2020,1,Herbicide,False,91.000000,0.752882,0.055448,0.697434,64.000000,0.410946,116.000000,0.403167,52.000000,0.012664,0.013989,33.070084,30.131327,91.000000,0.793542,0.223347,0.570196,60.000000,0.506233,119.000000,0.504463,59.000000,0.009268,0.010324,41.370121,27.969313,91.000000,0.613990,-0.014837,0.628827,61.000000,0.295370,117.000000,0.299748,56.000000,0.010621,0.012086,28.480392,29.326086,95.000000,0.052392,0.003240,0.049153,62.000000,0.027289,120.000000,0.027217,58.000000,0.000761,0.001007,2.566167,2.375035,101.000000,0.575224,0.156875,0.418349,75.000000,0.370581,216.000000,0.366233,141.000000,0.007871,0.001817,55.917187,33.640984
1500635NCANALP,0,2020,1,Herbicide,True,107.000000,0.740341,0.029272,0.711069,77.000000,0.391186,133.000000,0.380971,56.000000,0.011638,0.013822,34.706783,33.038284,105.000000,0.807428,0.239523,0.567904,73.000000,0.517270,132.000000,0.527929,59.000000,0.009067,0.010352,42.119438,27.748039,105.000000,0.614788,-0.035304,0.650092,74.000000,0.294256,132.000000,0.282488,58.000000,0.010340,0.012307,29.215652,31.298595,111.000000,0.062045,-0.000985,0.063030,78.000000,0.030374,137.000000,0.031125,59.000000,0.000960,0.001189,3.007147,3.066238,120.000000,0.604320,0.172497,0.431823,92.000000,0.384992,140.000000,0.392395,48.000000,0.007833,0.010596,25.310501,16.858135
1500635NLINP,0,2020,1,Mixed,True,104.000000,0.776011,0.060462,0.715549,77.000000,0.425659,129.000000,0.427882,52.000000,0.012976,0.013925,34.349014,31.144526,102.000000,0.805226,0.267254,0.537972,72.000000,0.541005,129.000000,0.531446,57.000000,0.008807,0.010140,41.067829,25.567106,102.000000,0.612496,-0.005223,0.617720,72.000000,0.303637,129.000000,0.294588,57.000000,0.010295,0.011774,28.956032,29.258993,106.000000,0.056508,0.003956,0.052552,69.000000,0.030084,132.000000,0.030955,63.000000,0.000714,0.000983,3.049384,2.796201,118.000000,0.743410,0.324387,0.419023,61.000000,0.538451,142.000000,0.536763,81.000000,0.003596,0.008610,56.223961,29.624199
1500635NLINP,1,2021,1,Mixed,True,141.000000,0.840307,0.048920,0.791387,112.000000,0.452113,182.000000,0.439630,70.000000,0.013386,0.009773,48.817371,45.344048,140.000000,0.844345,0.164924,0.679421,107.000000,0.497971,191.000000,0.505883,84.000000,0.010496,0.006637,61.230057,47.211506,139.000000,0.647389,-0.007443,0.654831,110.000000,0.316489,185.000000,0.314780,75.000000,0.011410,0.007231,39.577747,40.143394,150.000000,0.054959,0.002120,0.052839,108.000000,0.027923,191.000000,0.029031,83.000000,0.000644,0.000632,3.890532,3.712439,162.000000,0.857620,0.294413,0.563207,110.000000,0.573877,195.000000,0.579028,85.000000,0.005457,0.008442,63.909874,38.590370
1500635PEACH55P,0,2021,1,Herbicide,True,125.000000,0.849600,0.381867,0.467733,102.000000,0.622610,154.000000,0.683711,52.000000,0.009869,0.005720,40.905914,20.857887,120.000000,0.847466,0.463929,0.383537,95.000000,0.651466,154.000000,0.662768,59.000000,0.007840,0.005432,46.290489,18.686707,120.000000,0.661431,0.211329,0.450102,96.000000,0.430602,152.000000,0.434427,56.000000,0.009618,0.007094,32.818363,20.772602,134.000000,0.055716,0.028213,0.027503,102.000000,0.041577,154.000000,0.053566,52.000000,0.000442,0.000107,2.741362,1.260161,154.000000,0.808597,0.525797,0.282800,122.000000,0.669481,0.000000,,-122.000000,0.004347,,0.000000,0.000000
1500635PEACH75P,0,2020,1,Mixed,True,120.000000,0.882609,0.110705,0.771904,88.000000,0.501829,150.000000,0.502028,62.000000,0.011899,0.012686,47.455345,40.480927,116.000000,0.850006,0.293510,0.556495,84.000000,0.578895,149.000000,0.574330,65.000000,0.008472,0.008354,49.974041,30.602350,116.000000,0.667973,0.029410,0.638562,84.000000,0.345463,149.000000,0.341454,65.000000,0.010078,0.009895,36.772926,34.831844,128.000000,0.058273,0.007929,0.050344,78.000000,0.032802,153.000000,0.032740,75.000000,0.000509,0.001021,3.772771,3.170137,139.000000,0.728096,0.357171,0.370925,67.000000,0.537718,161.000000,0.546808,94.000000,0.002644,0.008240,62.730091,28.798820
1500635PECK1P,0,2020,1,Fungicide,True,137.000000,0.808104,0.077520,0.730585,107.000000,0.439346,175.000000,0.445032,68.000000,0.012292,0.009555,46.994724,41.645866,135.000000,0.821873,0.234500,0.587373,105.000000,0.532482,176.000000,0.530314,71.000000,0.009646,0.007111,51.888824,35.004829,135.000000,0.637465,0.013115,0.624351,106.000000,0.333613,173.000000,0.328644,67.000000,0.010478,0.008127,35.948189,35.056400,147.000000,0.054542,0.004109,0.050433,100.000000,0.029311,182.000000,0.029080,82.000000,0.000537,0.000727,3.826335,3.485294,162.000000,0.881025,0.303545,0.577481,81.000000,0.593702,188.000000,0.590423,107.000000,0.003547,0.011177,79.727547,46.944721
1500635PECK2P,0,2021,1,Mixed,True,139.000000,0.870396,0.027034,0.843362,107.000000,0.448803,175.000000,0.456484,68.000000,0.013175,0.011498,50.018654,48.153313,137.000000,0.866224,0.211126,0.655098,105.000000,0.544612,177.000000,0.534865,72.000000,0.010050,0.008284,55.024994,39.612812,136.000000,0.681435,-0.034572,0.716007,106.000000,0.332668,174.000000,0.326068,68.000000,0.011626,0.009352,38.480221,40.865692,148.000000,0.054664,-0.002134,0.056798,99.000000,0.026098,184.000000,0.025867,85.000000,0.000583,0.000800,3.919478,4.102979,162.000000,0.882929,0.296313,0.586616,108.000000,0.588830,190.000000,0.582044,82.000000,0.005446,0.010746,62.771515,38.177567
1500635PECK4P,0,2021,1,Fungicide,True,95.000000,0.732563,0.037248,0.695314,69.000000,0.388948,118.000000,0.375363,49.000000,0.013216,0.015530,29.853642,27.991236,94.000000,0.833198,0.215263,0.617935,66.000000,0.519603,117.000000,0.529142,51.000000,0.011200,0.013220,37.125336,25.931656,94.000000,0.633902,-0.029805,0.663707,67.000000,0.309053,116.000000,0.313474,49.000000,0.012031,0.014565,25.499027,26.989279,93.000000,0.053471,0.002267,0.051204,59.000000,0.028325,117.000000,0.028325,58.000000,0.000740,0.001048,2.607028,2.473263,102.000000,0.742086,0.449389,0.292697,67.000000,0.595578,121.000000,0.596617,54.000000,0.004186,0.007656,37.335640,12.619247
1500635RIDIANEP,0,2021,1,Mixed,True,129.000000,0.855854,0.168500,0.687353,99.000000,0.502891,180.000000,0.507860,81.000000,0.011765,0.006823,59.218555,45.401539,126.000000,0.839886,0.347204,0.492682,96.000000,0.592562,184.000000,0.591475,88.000000,0.008244,0.004283,66.536819,35.635666,126.000000,0.643232,0.093154,0.550077,96.000000,0.375121,182.000000,0.367834,86.000000,0.008937,0.004918,46.987362,38.882927,139.000000,0.044536,0.020620,0.023916,99.000000,0.032382,200.000000,0.037962,101.000000,0.000304,0.000108,4.187683,2.094793,154.000000,0.782611,0.419583,0.363028,117.000000,0.596534,200.000000,0.703559,83.000000,0.005029,0.001719,61.273758,26.238613
1500635RIDIANWP,0,2020,1,Fungicide,True,142.000000,0.916746,0.090537,0.826208,105.000000,0.493629,173.000000,0.505813,68.000000,0.011436,0.013256,53.564060,47.316994,140.000000,0.860685,0.243167,0.617518,102.000000,0.555666,173.000000,0.561814,71.000000,0.008027,0.009057,55.025749,37.517731,139.000000,0.677199,0.025803,0.651396,102.000000,0.353592,172.000000,0.361132,70.000000,0.008746,0.009578,40.691395,38.859390,142.000000,0.042968,0.005600,0.037368,100.000000,0.023957,174.000000,0.023910,74.000000,0.000453,0.000596,2.755696,2.335701,156.000000,0.748778,0.199040,0.549738,120.000000,0.475278,180.000000,0.481979,60.000000,0.007597,0.011117,39.687267,27.545803
1500635RIDIANWP,1,2021,1,Fungicide,True,130.000000,0.848140,0.042216,0.805924,97.000000,0.455411,179.000000,0.448942,82.000000,0.011901,0.008147,59.096088,55.592182,126.000000,0.842164,0.202002,0.640163,92.000000,0.516709,182.000000,0.528316,90.000000,0.009572,0.005604,67.234436,48.852291,126.000000,0.644582,-0.009264,0.653846,93.000000,0.320720,181.000000,0.310761,88.000000,0.009814,0.006069,47.583397,48.407913,126.000000,0.043847,0.002606,0.041241,90.000000,0.022901,190.000000,0.023013,100.000000,0.000582,0.000326,3.879902,3.616738,156.000000,0.799638,0.245185,0.554453,110.000000,0.517380,194.000000,0.519091,84.000000,0.006136,0.007383,59.074722,38.234013
1500635SABOP,1,2021,1,Herbicide,False,122.000000,0.877127,0.065572,0.811555,90.000000,0.472813,156.000000,0.466359,66.000000,0.012635,0.012081,49.177589,44.784241,117.000000,0.869781,0.244462,0.625319,85.000000,0.561959,217.000000,0.558770,132.000000,0.009619,0.003110,83.338623,50.825172,117.000000,0.687838,0.008177,0.679661,87.000000,0.356418,210.000000,0.348897,123.000000,0.011047,0.003645,50.100883,49.086914,130.000000,0.061112,0.004942,0.056170,86.000000,0.033071,161.000000,0.033136,75.000000,0.000637,0.000902,3.895597,3.520035,141.000000,0.813893,0.189653,0.624239,72.000000,0.500584,173.000000,0.504504,101.000000,0.004541,0.009668,68.657547,49.312904
1500635SAND2P,0,2020,1,Mixed,True,116.000000,0.777032,0.072270,0.704762,87.000000,0.426768,145.000000,0.419261,58.000000,0.012078,0.012337,38.347649,34.083717,115.000000,0.807291,0.241532,0.565758,84.000000,0.521956,144.000000,0.520831,60.000000,0.009204,0.009878,42.945263,28.211792,114.000000,0.625707,0.015848,0.609859,84.000000,0.326830,143.000000,0.325015,59.000000,0.009963,0.010369,31.016043,30.065178,117.000000,0.061757,0.004471,0.057285,81.000000,0.033598,144.000000,0.033575,63.000000,0.000782,0.001044,3.294334,3.008183,128.000000,0.781814,0.161681,0.620133,100.000000,0.471157,149.000000,0.478079,49.000000,0.011095,0.014464,32.984528,24.900486
1500635SAND2P,1,2021,1,Mixed,True,128.000000,0.724699,0.031895,0.692804,98.000000,0.387281,156.000000,0.379237,58.000000,0.011247,0.012338,35.515594,33.633804,125.000000,0.813706,0.138003,0.675703,93.000000,0.470567,157.000000,0.476088,64.000000,0.010723,0.010551,44.891670,35.921444,124.000000,0.602600,-0.015385,0.617985,95.000000,0.285696,154.000000,0.301174,59.000000,0.010928,0.010048,29.387243,30.310341,127.000000,0.054967,0.001253,0.053714,93.000000,0.027515,159.000000,0.027634,66.000000,0.000807,0.000854,3.045128,2.961158,137.000000,0.756738,0.119442,0.637296,107.000000,0.438918,162.000000,0.437109,55.000000,0.010594,0.012785,35.501537,28.812778
1500635SAND3P,0,2021,1,Mixed,True,130.000000,0.884254,0.016090,0.868164,100.000000,0.442970,160.000000,0.438004,60.000000,0.014709,0.014875,44.230270,43.248779,128.000000,0.873066,0.173916,0.699151,96.000000,0.514712,160.000000,0.518974,64.000000,0.011199,0.011065,48.657547,37.353027,127.000000,0.685500,-0.026155,0.711655,97.000000,0.321094,158.000000,0.335736,61.000000,0.012147,0.011283,34.632118,36.253742,131.000000,0.057428,-0.000777,0.058204,94.000000,0.028300,164.000000,0.028073,70.000000,0.000787,0.000890,3.404541,3.459680,145.000000,0.879676,0.412457,0.467219,97.000000,0.648492,174.000000,0.643659,77.000000,0.004816,0.008139,60.699467,28.527824
1500635SAND4P,0,2020,1,Fungicide,True,119.000000,0.794763,0.046170,0.748593,88.000000,0.416033,151.000000,0.428298,63.000000,0.012217,0.011452,42.626930,39.672031,117.000000,0.825983,0.193714,0.632269,85.000000,0.505356,152.000000,0.501129,67.000000,0.010020,0.009282,48.588760,35.416203,116.000000,0.645117,-0.002542,0.647659,86.000000,0.323538,149.000000,0.328022,63.000000,0.010719,0.009609,34.077171,34.239868,125.000000,0.055894,0.002661,0.053233,76.000000,0.033306,157.000000,0.028789,81.000000,0.000461,0.000847,3.807788,3.590886,138.000000,0.902655,0.219384,0.683272,94.000000,0.633509,164.000000,0.569703,70.000000,0.006117,0.012806,53.932323,38.356094
1500635SAND4P,1,2021,1,Mixed,True,132.000000,0.689609,0.018059,0.671550,101.000000,0.349921,163.000000,0.349284,62.000000,0.010958,0.010978,35.666561,34.528847,128.000000,0.804980,0.170680,0.634301,98.000000,0.480679,162.000000,0.485485,64.000000,0.010810,0.009397,44.778145,33.683971,128.000000,0.588920,-0.025586,0.614506,99.000000,0.283290,160.000000,0.280605,61.000000,0.010539,0.009635,29.516058,31.102386,130.000000,0.053474,-0.000560,0.054034,96.000000,0.026645,165.000000,0.026132,69.000000,0.000789,0.000781,3.108096,3.147297,145.000000,0.853964,0.433546,0.420419,107.000000,0.640411,181.000000,0.664916,74.000000,0.005620,0.005251,57.711388,25.195469
1500635SAND5P,0,2021,1,Mixed,True,128.000000,0.747923,0.030516,0.717407,98.000000,0.380284,157.000000,0.382942,59.000000,0.012255,0.012586,36.964962,35.133995,126.000000,0.803152,0.191723,0.611429,97.000000,0.498609,156.000000,0.501681,59.000000,0.010501,0.010049,41.684303,30.180931,125.000000,0.601068,-0.014564,0.615632,97.000000,0.289099,155.000000,0.292538,58.000000,0.011142,0.010284,28.817829,29.677082,129.000000,0.054458,0.000322,0.054136,93.000000,0.026896,159.000000,0.027348,66.000000,0.000766,0.000904,3.030710,3.009115,196.000000,0.917358,0.561329,0.356029,186.000000,0.737585,0.000000,,-186.000000,0.017977,,0.000000,0.000000
1500635SAND6P,0,2021,1,Mixed,True,128.000000,0.743728,0.026772,0.716956,97.000000,0.393038,160.000000,0.387803,63.000000,0.011313,0.011123,39.592918,37.879482,125.000000,0.798807,0.193283,0.605524,94.000000,0.494973,160.000000,0.499162,66.000000,0.009801,0.008561,46.436756,33.486767,124.000000,0.596488,-0.018150,0.614638,94.000000,0.283664,158.000000,0.285505,64.000000,0.010427,0.009147,31.496948,32.676693,134.000000,0.052514,0.000453,0.052061,96.000000,0.025956,165.000000,0.026105,69.000000,0.000699,0.000852,3.016980,2.985296,149.000000,0.831798,0.433393,0.398405,118.000000,0.634329,190.000000,0.651888,72.000000,0.006370,0.004388,54.506042,22.868353
1500635SAND7P,0,2020,1,Mixed,True,126.000000,0.632655,0.193765,0.438890,100.000000,0.407251,156.000000,0.414654,56.000000,0.008669,0.007267,31.574875,20.530262,125.000000,0.706108,0.333808,0.372300,98.000000,0.522649,156.000000,0.520357,58.000000,0.006795,0.005992,37.758152,18.063484,122.000000,0.504362,0.094031,0.410330,96.000000,0.294039,153.000000,0.297810,57.000000,0.008089,0.006663,24.862083,19.408260,133.000000,0.053827,0.016302,0.037525,95.000000,0.034704,158.000000,0.034809,63.000000,0.000503,0.000761,2.999712,1.956393,148.000000,0.854314,0.499209,0.355106,121.000000,0.675125,162.000000,0.800873,41.000000,0.006637,0.003817,33.260471,12.543306
1500635SANDW1P,0,2020,1,Mixed,True,127.000000,0.826415,0.084148,0.742267,96.000000,0.458658,165.000000,0.461529,69.000000,0.011863,0.009602,48.882332,42.991974,126.000000,0.807783,0.251953,0.555830,94.000000,0.532272,168.000000,0.532539,74.000000,0.008610,0.006553,53.476185,34.579685,125.000000,0.621986,0.021297,0.600689,94.000000,0.323472,164.000000,0.317543,70.000000,0.009629,0.007806,36.467499,34.955399,140.000000,0.056175,0.006634,0.049541,95.000000,0.031322,173.000000,0.031895,78.000000,0.000552,0.000736,3.702441,3.178382,152.000000,0.761178,0.190132,0.571046,118.000000,0.476452,179.000000,0.472753,61.000000,0.008374,0.010682,40.693184,28.904995
1500635SANDW1P,1,2021,1,Mixed,True,135.000000,0.819442,0.045216,0.774226,102.000000,0.438744,172.000000,0.429622,70.000000,0.011536,0.010536,48.304916,45.094582,132.000000,0.841651,0.142728,0.698923,97.000000,0.496472,177.000000,0.486013,80.000000,0.009862,0.007903,58.372139,46.811184,131.000000,0.633473,-0.005195,0.638668,99.000000,0.310290,172.000000,0.309304,73.000000,0.010099,0.007907,38.371857,38.756256,145.000000,0.047203,0.001964,0.045239,98.000000,0.025083,181.000000,0.024496,83.000000,0.000471,0.000631,3.431971,3.267021,150.000000,0.737046,0.173843,0.563204,114.000000,0.460733,185.000000,0.451829,71.000000,0.007675,0.008149,45.539635,33.022972
1500635SANDW2P,0,2020,1,Fungicide,True,128.000000,0.790956,0.009255,0.781701,97.000000,0.391627,159.000000,0.408530,62.000000,0.012882,0.012336,40.984394,40.401299,128.000000,0.814096,0.176102,0.637994,96.000000,0.497798,160.000000,0.500090,64.000000,0.009884,0.009813,45.660137,34.213474,126.000000,0.627464,-0.036429,0.663893,96.000000,0.294818,158.000000,0.294556,62.000000,0.011088,0.010403,31.926304,34.221359,135.000000,0.054865,0.005137,0.049728,91.000000,0.029626,163.000000,0.030580,72.000000,0.000574,0.000867,3.353113,2.978118,148.000000,0.838412,0.356361,0.482051,105.000000,0.608596,171.000000,0.598534,66.000000,0.005345,0.010429,48.480858,24.604677
1500635SANDW2P,1,2021,1,Mixed,True,136.000000,0.815987,0.047979,0.768008,102.000000,0.433120,176.000000,0.423094,74.000000,0.011261,0.009822,51.283367,47.684944,132.000000,0.834913,0.147773,0.687140,97.000000,0.499841,179.000000,0.489144,82.000000,0.009573,0.007357,60.122124,47.856934,131.000000,0.618890,-0.003150,0.622040,99.000000,0.311323,175.000000,0.305893,76.000000,0.009611,0.007114,39.678703,39.921276,142.000000,0.049404,0.003302,0.046102,98.000000,0.025971,181.000000,0.025958,83.000000,0.000533,0.000601,3.557255,3.279853,151.000000,0.757037,0.194781,0.562256,116.000000,0.476458,183.000000,0.481696,67.000000,0.008017,0.008604,44.589222,31.344120
1500635SANDW3P,0,2020,1,Mixed,True,130.000000,0.853901,0.051850,0.802051,96.000000,0.455951,168.000000,0.448634,72.000000,0.011704,0.010665,51.979969,48.194908,127.000000,0.815177,0.194598,0.620579,92.000000,0.511350,171.000000,0.504359,79.000000,0.008681,0.007064,56.709003,41.141178,125.000000,0.625840,-0.000341,0.626181,93.000000,0.312354,166.000000,0.306933,73.000000,0.009796,0.007778,37.867958,37.893173,143.000000,0.055452,0.003751,0.051701,92.000000,0.029256,177.000000,0.028895,85.000000,0.000514,0.000781,3.955478,3.632863,155.000000,0.762487,0.112146,0.650340,115.000000,0.431629,190.000000,0.440326,75.000000,0.008271,0.009205,47.864426,39.341293
1500635SANDW3P,1,2021,0,No,True,136.000000,0.816274,0.043028,0.773246,102.000000,0.431433,176.000000,0.423076,74.000000,0.011319,0.009830,51.290958,48.063881,132.000000,0.835190,0.142493,0.692697,97.000000,0.497615,179.000000,0.489134,82.000000,0.009645,0.007363,60.122902,48.295982,131.000000,0.619221,-0.005655,0.624875,99.000000,0.309064,175.000000,0.305878,76.000000,0.009692,0.007121,39.677639,40.113037,142.000000,0.049406,0.003356,0.046050,98.000000,0.025923,181.000000,0.025958,83.000000,0.000534,0.000601,3.557058,3.275149,151.000000,0.757034,0.191290,0.565744,116.000000,0.476759,184.000000,0.468959,68.000000,0.008008,0.008730,45.062798,31.863762
1500635SANDW3PP,0,2021,1,Mixed,True,142.000000,0.710769,0.025943,0.684827,113.000000,0.374689,168.000000,0.372763,55.000000,0.011589,0.013000,32.755516,31.302734,140.000000,0.777961,0.174168,0.603793,111.000000,0.474379,168.000000,0.483681,57.000000,0.010468,0.010510,38.709946,28.608200,140.000000,0.567062,-0.027431,0.594493,111.000000,0.265593,167.000000,0.275693,56.000000,0.010395,0.010791,26.039436,27.602995,145.000000,0.054198,-0.001256,0.055453,110.000000,0.026916,176.000000,0.026044,66.000000,0.000779,0.000908,2.956196,3.040332,152.000000,0.696036,0.273987,0.422049,128.000000,0.486717,175.000000,0.480893,47.000000,0.008722,0.009354,29.585621,16.434238
1500635SANDW5P,0,2021,1,Mixed,True,143.000000,0.823504,0.227019,0.596484,112.000000,0.521423,189.000000,0.523143,77.000000,0.009745,0.006530,55.918953,38.211441,136.000000,0.838057,0.381317,0.456740,106.000000,0.613773,191.000000,0.611085,85.000000,0.007476,0.004127,65.092583,32.299355,138.000000,0.643003,0.149144,0.493858,107.000000,0.390292,189.000000,0.396856,82.000000,0.008152,0.004826,46.037735,33.658775,200.000000,0.054399,0.028489,0.025910,135.000000,0.041433,0.000000,,-135.000000,0.000199,,0.000000,0.000000,200.000000,0.777370,0.455594,0.321776,140.000000,0.615367,0.000000,,-140.000000,0.002700,,0.000000,0.000000
1500635SCANALW,0,2021,0,No,True,134.000000,0.781650,0.065488,0.716162,105.000000,0.416136,165.000000,0.419865,60.000000,0.012604,0.011671,39.713013,35.718224,132.000000,0.829412,0.258226,0.571187,101.000000,0.537954,166.000000,0.539888,65.000000,0.009402,0.008515,47.881542,30.838661,132.000000,0.619110,0.000818,0.618293,104.000000,0.315432,163.000000,0.318370,59.000000,0.010846,0.009701,30.588894,30.539831,138.000000,0.058355,0.000061,0.058294,101.000000,0.028784,176.000000,0.029022,75.000000,0.000799,0.000772,3.651428,3.646825,150.000000,0.816785,0.161823,0.654962,117.000000,0.486905,174.000000,0.490151,57.000000,0.009996,0.013610,40.141472,30.755732
1500635SHOPNP,0,2020,1,Fungicide,True,111.000000,0.848649,0.063901,0.784748,82.000000,0.452396,138.000000,0.456602,56.000000,0.013664,0.014520,40.310570,36.668209,110.000000,0.834147,0.247975,0.586172,77.000000,0.535852,138.000000,0.536484,61.000000,0.009039,0.010631,45.024124,29.649643,109.000000,0.652244,0.002909,0.649334,79.000000,0.333809,137.000000,0.324239,58.000000,0.010614,0.011714,31.588894,31.417236,120.000000,0.050645,0.006645,0.044000,76.000000,0.041115,143.000000,0.028382,67.000000,0.000217,0.000968,3.015454,2.566902,129.000000,0.719074,0.421812,0.297262,1.000000,0.605938,147.000000,0.567349,146.000000,0.000884,0.008429,47.778610,16.986347
1500635SHOPWP,1,2020,1,Mixed,False,142.000000,0.791314,0.052803,0.738511,114.000000,0.426020,174.000000,0.415793,60.000000,0.013046,0.011735,40.324341,37.103355,140.000000,0.799914,0.238763,0.561151,113.000000,0.522022,174.000000,0.524164,61.000000,0.010292,0.008110,43.536758,28.733459,140.000000,0.616047,-0.009886,0.625933,113.000000,0.308308,172.000000,0.310848,59.000000,0.011398,0.009537,30.383181,30.976347,148.000000,0.057477,0.004867,0.052610,111.000000,0.031002,178.000000,0.030959,67.000000,0.000716,0.000884,3.225091,2.894163,160.000000,0.892843,0.278216,0.614627,92.000000,0.586333,187.000000,0.582060,95.000000,0.004507,0.011510,69.679230,42.970505
1500635STOCKWP,1,2021,1,Mixed,False,124.000000,0.793208,0.075445,0.717763,93.000000,0.433367,158.000000,0.435353,65.000000,0.011608,0.010525,43.887363,38.908020,123.000000,0.832243,0.240379,0.591864,90.000000,0.542611,161.000000,0.532751,71.000000,0.008777,0.007881,52.353630,35.046333,122.000000,0.656405,0.004918,0.651488,91.000000,0.328637,156.000000,0.335735,65.000000,0.010573,0.009431,35.556644,35.232086,126.000000,0.064604,0.002517,0.062086,83.000000,0.032912,168.000000,0.033728,85.000000,0.000737,0.000735,4.676989,4.460492,143.000000,0.923255,0.270483,0.652773,83.000000,0.601282,174.000000,0.594433,91.000000,0.005366,0.010607,74.103363,49.218956
1500635WERN115p,0,2021,1,Mixed,True,110.000000,0.484483,0.014688,0.469794,81.000000,0.247742,134.000000,0.251008,53.000000,0.008163,0.009728,21.445152,20.651987,108.000000,0.673881,0.217386,0.456494,80.000000,0.447465,133.000000,0.444555,53.000000,0.008086,0.009173,31.883745,20.144899,108.000000,0.426747,-0.055119,0.481866,79.000000,0.188157,133.000000,0.185187,54.000000,0.008227,0.009662,18.580959,21.612478,112.000000,0.057072,-0.001418,0.058489,78.000000,0.027343,136.000000,0.027742,58.000000,0.000874,0.001222,2.698840,2.782481,119.000000,0.487206,0.068410,0.418796,92.000000,0.283027,139.000000,0.284839,47.000000,0.007562,0.010118,19.675728,16.392033
1500635WERN1P,0,2020,1,Fungicide,True,132.000000,0.795806,0.020140,0.775666,104.000000,0.418222,162.000000,0.410140,58.000000,0.013485,0.012856,38.639198,37.450928,131.000000,0.794810,0.235530,0.559280,103.000000,0.509567,162.000000,0.511878,59.000000,0.010187,0.009127,41.378521,27.246696,131.000000,0.615307,-0.040012,0.655319,102.000000,0.285962,161.000000,0.294499,59.000000,0.011357,0.010694,29.750624,32.151348,142.000000,0.064232,-0.001730,0.065962,105.000000,0.031335,169.000000,0.031718,64.000000,0.000889,0.001204,3.400841,3.513305,148.000000,0.665567,0.131654,0.533914,119.000000,0.396524,172.000000,0.391001,53.000000,0.009277,0.011440,30.301249,23.191940
1500635WERN2P,0,2021,1,Mixed,True,119.000000,0.877741,0.135737,0.742005,88.000000,0.499173,144.000000,0.519685,56.000000,0.012212,0.014322,42.635551,34.898567,116.000000,0.886892,0.332050,0.554843,83.000000,0.606663,144.000000,0.611737,61.000000,0.008492,0.009827,49.189312,28.602234,116.000000,0.709889,0.046716,0.663173,84.000000,0.383243,143.000000,0.387344,59.000000,0.010208,0.011946,35.935402,33.132446,121.000000,0.054345,0.022885,0.031460,85.000000,0.038706,154.000000,0.040584,69.000000,0.000434,0.000417,3.434916,1.844414,137.000000,0.762671,0.432657,0.330014,110.000000,0.602277,154.000000,0.735977,44.000000,0.005941,0.001570,32.218712,12.965481
1500635WERN4P,1,2020,1,Fungicide,False,136.000000,0.841140,0.069523,0.771616,106.000000,0.455266,180.000000,0.464232,74.000000,0.012862,0.008566,52.941914,47.727661,137.000000,0.820802,0.266470,0.554332,103.000000,0.535981,184.000000,0.542095,81.000000,0.008377,0.005930,59.639473,37.788956,138.000000,0.638943,0.006550,0.632393,103.000000,0.319304,180.000000,0.321205,77.000000,0.009133,0.007565,41.674789,41.163879,165.000000,0.050666,0.003479,0.047187,101.000000,0.027355,195.000000,0.026923,94.000000,0.000364,0.000791,4.263862,3.933394,164.000000,0.788768,0.172110,0.616658,119.000000,0.481356,196.000000,0.484731,77.000000,0.006831,0.009501,53.229752,39.805138
1500635WN80P,0,2020,1,Fungicide,True,145.000000,0.717056,0.072300,0.644756,115.000000,0.401177,175.000000,0.396937,60.000000,0.010529,0.010671,36.849117,32.438816,142.000000,0.762351,0.264332,0.498019,112.000000,0.512471,176.000000,0.506053,64.000000,0.008329,0.007538,43.825962,26.644348,141.000000,0.561624,0.003959,0.557665,112.000000,0.288789,174.000000,0.278415,62.000000,0.009408,0.008582,29.108273,28.858883,148.000000,0.058990,0.009758,0.049231,111.000000,0.034021,180.000000,0.034102,69.000000,0.000675,0.000778,3.521891,2.838803,159.000000,0.928546,0.515505,0.413042,121.000000,0.720811,186.000000,0.722297,65.000000,0.005467,0.007639,55.905632,21.882305
15008241KPSP20,0,2020,0,No,True,114.000000,0.771167,0.219854,0.551313,85.000000,0.494778,140.000000,0.489188,55.000000,0.009531,0.010845,37.460609,25.148787,113.000000,0.752860,0.381435,0.371425,80.000000,0.595039,140.000000,0.561886,60.000000,0.004782,0.007073,41.843178,18.766365,110.000000,0.569565,0.198184,0.371381,80.000000,0.421303,136.000000,0.378876,56.000000,0.004942,0.007334,28.755060,17.557640,80.000000,0.052944,0.027300,0.025645,0.000000,,140.000000,0.039958,140.000000,,0.000216,2.860603,1.208968,134.000000,0.705407,0.418322,0.287086,104.000000,0.569778,153.000000,0.563183,49.000000,0.004521,0.007485,32.177856,11.261772
15008241PF20,0,2020,0,No,True,316.000000,0.666868,0.049810,0.617057,286.000000,0.362269,347.000000,0.360288,61.000000,0.010153,0.009890,34.518410,31.430161,317.000000,0.740726,0.211820,0.528906,287.000000,0.483045,350.000000,0.478245,63.000000,0.008589,0.007954,41.680759,28.124277,313.000000,0.547451,-0.007787,0.555238,283.000000,0.273336,346.000000,0.265920,63.000000,0.009137,0.008531,28.758663,29.257006,306.000000,0.032899,0.005254,0.027645,275.000000,0.019387,345.000000,0.019320,70.000000,0.000436,0.000348,1.995634,1.622628,344.000000,0.662678,0.418474,0.244203,282.000000,0.538957,364.000000,0.594566,82.000000,0.001995,0.003406,50.240341,15.506962
15008242PS20,0,2020,0,No,True,106.000000,0.770863,0.024210,0.746654,77.000000,0.399059,136.000000,0.393396,59.000000,0.012821,0.012582,37.946716,36.494141,105.000000,0.768816,0.171515,0.597301,74.000000,0.469885,139.000000,0.466807,65.000000,0.009643,0.008883,43.638988,32.319016,103.000000,0.580523,-0.017156,0.597678,74.000000,0.280797,133.000000,0.288542,59.000000,0.010335,0.009733,28.403584,29.432938,111.000000,0.044731,0.004797,0.039935,63.000000,0.024663,141.000000,0.024231,78.000000,0.000418,0.000683,3.010491,2.631543,128.000000,0.759419,0.218007,0.541412,51.000000,0.492030,154.000000,0.491868,103.000000,0.003473,0.010290,65.996429,43.323692
15008243KPSP20,0,2020,0,No,True,117.000000,0.667200,0.182191,0.485009,85.000000,0.424973,146.000000,0.431684,61.000000,0.007570,0.008121,36.011581,24.715752,118.000000,0.713293,0.336902,0.376390,81.000000,0.526617,148.000000,0.521802,67.000000,0.005045,0.006383,43.924107,21.014744,115.000000,0.521068,0.139781,0.381287,81.000000,0.332867,144.000000,0.326623,63.000000,0.005535,0.006705,28.893082,19.947098,127.000000,0.046423,0.018098,0.028325,94.000000,0.036306,148.000000,0.032681,54.000000,0.000307,0.000654,2.281305,1.285939,138.000000,0.770831,0.385834,0.384997,110.000000,0.577582,159.000000,0.581591,49.000000,0.006902,0.009011,34.627678,15.335979
1500915123E,0,2020,1,Herbicide,True,106.000000,0.525837,0.068992,0.456844,81.000000,0.295001,126.000000,0.296171,45.000000,0.009233,0.011483,20.041330,16.867683,105.000000,0.623097,0.235499,0.387598,79.000000,0.423841,126.000000,0.431495,47.000000,0.007664,0.009124,26.262587,14.958628,103.000000,0.405452,-0.005212,0.410664,79.000000,0.202053,124.000000,0.197622,45.000000,0.008475,0.009897,14.996307,15.236076,104.000000,0.045596,0.002825,0.042771,76.000000,0.023764,126.000000,0.024088,50.000000,0.000780,0.000978,1.908940,1.764887,114.000000,0.369781,0.142811,0.226969,94.000000,0.255699,199.000000,0.256032,105.000000,0.005704,0.001338,33.051144,17.984535
1500915123WP,1,2021,1,Herbicide,True,115.000000,0.626381,0.053749,0.572632,92.000000,0.335660,135.000000,0.334201,43.000000,0.012640,0.014609,22.471714,20.106756,113.000000,0.736697,0.232316,0.504382,90.000000,0.480614,135.000000,0.484560,45.000000,0.011134,0.011461,29.323404,18.636889,113.000000,0.514264,-0.018908,0.533172,90.000000,0.243498,133.000000,0.242576,43.000000,0.011772,0.013584,17.975090,18.807026,113.000000,0.043398,0.001693,0.041705,89.000000,0.022210,135.000000,0.022476,46.000000,0.000883,0.000951,1.653723,1.574164,123.000000,0.500986,0.167696,0.333290,102.000000,0.331456,149.000000,0.335339,47.000000,0.008073,0.006371,20.666878,12.617466
1500915124E,0,2020,1,Herbicide,True,105.000000,0.580728,0.070478,0.510250,80.000000,0.322484,126.000000,0.329695,46.000000,0.010330,0.011954,22.592758,19.280304,104.000000,0.668656,0.239977,0.428679,78.000000,0.455273,127.000000,0.449793,49.000000,0.008207,0.009516,29.243193,17.244358,103.000000,0.455270,-0.004509,0.459779,77.000000,0.225401,124.000000,0.224227,47.000000,0.008841,0.011002,17.572674,17.789093,104.000000,0.046900,0.003066,0.043834,75.000000,0.025355,126.000000,0.025422,51.000000,0.000743,0.000976,2.021750,1.862295,112.000000,0.418660,0.143458,0.275201,91.000000,0.282601,190.000000,0.281263,99.000000,0.006479,0.001762,33.000862,18.655022
1501361071220JP,0,2020,1,Insecticide,True,142.000000,0.710897,0.038247,0.672650,113.000000,0.370425,166.000000,0.365243,53.000000,0.011740,0.014402,31.509718,29.444361,139.000000,0.741877,0.209658,0.532219,112.000000,0.475770,164.000000,0.472521,52.000000,0.009856,0.010774,34.133942,23.022049,138.000000,0.539501,-0.015549,0.555050,111.000000,0.262680,163.000000,0.270440,52.000000,0.010253,0.010762,23.273617,24.097706,144.000000,0.045551,0.004516,0.041034,112.000000,0.024966,167.000000,0.024880,55.000000,0.000643,0.000899,2.098078,1.845176,148.000000,0.553441,0.188061,0.365381,124.000000,0.370181,168.000000,0.376325,44.000000,0.007636,0.008856,21.812798,13.350069
1501361071721PO,0,2021,1,Fungicide,True,128.000000,0.642313,0.045944,0.596370,100.000000,0.346163,158.000000,0.339456,58.000000,0.010577,0.010095,31.492935,28.782265,125.000000,0.730584,0.180575,0.550009,97.000000,0.456639,157.000000,0.460170,60.000000,0.009784,0.008450,38.530445,27.515369,124.000000,0.512162,-0.007354,0.519516,97.000000,0.245267,154.000000,0.259045,57.000000,0.009885,0.008437,24.164770,24.591326,137.000000,0.048820,0.002699,0.046121,102.000000,0.025778,166.000000,0.025114,64.000000,0.000658,0.000817,2.639910,2.464489,141.000000,0.581231,0.178365,0.402865,111.000000,0.379576,165.000000,0.373514,54.000000,0.006722,0.008655,27.794519,17.984417
15022770121SP,1,2021,1,Fungicide,True,111.000000,0.721622,0.060948,0.660674,81.000000,0.386157,140.000000,0.395602,59.000000,0.011182,0.011242,35.956371,32.299473,108.000000,0.833992,0.215452,0.618541,78.000000,0.522329,140.000000,0.527483,62.000000,0.010389,0.009578,45.390862,31.817398,107.000000,0.616477,0.001901,0.614576,78.000000,0.303675,137.000000,0.316049,59.000000,0.010786,0.010014,30.145163,30.031078,114.000000,0.044967,0.002433,0.042534,73.000000,0.023720,148.000000,0.023494,75.000000,0.000518,0.000632,2.894211,2.709299,128.000000,0.829304,0.386040,0.443264,76.000000,0.611094,153.000000,0.606758,77.000000,0.004196,0.008902,58.222542,28.111427
15022770221SP,1,2021,1,Fungicide,True,107.000000,0.795655,0.063615,0.732040,76.000000,0.420766,138.000000,0.420562,62.000000,0.012093,0.012100,41.384846,37.377090,106.000000,0.822652,0.216657,0.605995,75.000000,0.519233,140.000000,0.514729,65.000000,0.009788,0.009057,46.912560,32.613174,104.000000,0.612834,0.003776,0.609058,75.000000,0.306575,135.000000,0.306772,60.000000,0.010561,0.009873,30.444532,30.214211,115.000000,0.045446,0.004350,0.041096,75.000000,0.024618,142.000000,0.025505,67.000000,0.000521,0.000739,2.583992,2.288208,123.000000,0.746387,0.167524,0.578863,91.000000,0.456218,146.000000,0.462839,55.000000,0.009068,0.012328,35.622868,26.241518
15022770320SC,0,2020,1,Fungicide,True,138.000000,0.821402,0.178729,0.642673,108.000000,0.508724,166.000000,0.496851,58.000000,0.010423,0.011591,41.727638,31.182638,135.000000,0.830653,0.383166,0.447487,106.000000,0.606990,169.000000,0.610381,63.000000,0.007713,0.006479,48.245415,23.722803,134.000000,0.639291,0.093994,0.545297,103.000000,0.370451,165.000000,0.364743,62.000000,0.008672,0.008856,34.357460,28.435854,141.000000,0.042701,0.015567,0.027134,104.000000,0.028789,173.000000,0.029168,69.000000,0.000376,0.000423,2.658742,1.569059,153.000000,0.686752,0.324534,0.362217,126.000000,0.509107,175.000000,0.564372,49.000000,0.006579,0.005563,31.278698,15.214256
15022770621SP,0,2020,1,Other,True,323.000000,0.365979,0.072443,0.293536,1.000000,0.084167,323.000000,0.365979,322.000000,0.000875,,0.662596,0.445268,323.000000,0.494265,0.259010,0.235256,1.000000,0.283620,323.000000,0.494265,322.000000,0.000654,,1.156013,0.378984,323.000000,0.237460,0.010897,0.226563,1.000000,0.018503,323.000000,0.237460,322.000000,0.000680,,0.374707,0.342016,323.000000,0.030507,0.003063,0.027444,0.000000,,323.000000,0.030507,323.000000,,,0.049224,0.040033,323.000000,0.952463,0.331000,0.621462,1.000000,0.396036,323.000000,0.952463,322.000000,0.001728,,1.999131,1.006131
15022770621SP,1,2021,1,Fungicide,True,113.000000,0.848233,0.040610,0.807623,81.000000,0.453040,146.000000,0.452655,65.000000,0.012350,0.011987,46.639107,43.958817,109.000000,0.847250,0.181513,0.665737,76.000000,0.507678,148.000000,0.509555,72.000000,0.010290,0.008659,53.012520,39.762108,108.000000,0.656644,-0.005299,0.661943,78.000000,0.329048,143.000000,0.331901,65.000000,0.010920,0.009278,35.475250,35.824989,122.000000,0.049377,0.003821,0.045556,82.000000,0.026646,151.000000,0.026054,69.000000,0.000568,0.000804,2.880486,2.613035,127.000000,0.825623,0.180121,0.645503,96.000000,0.509939,152.000000,0.494708,56.000000,0.010183,0.013237,40.170746,29.903873
15022770721SP,1,2021,1,Fungicide,True,127.000000,0.784688,0.041051,0.743637,90.000000,0.404711,164.000000,0.414990,74.000000,0.010270,0.009992,48.662548,45.583721,121.000000,0.799544,0.158526,0.641017,86.000000,0.477970,169.000000,0.476387,83.000000,0.009188,0.006732,57.466522,44.150322,120.000000,0.595867,0.001169,0.594698,88.000000,0.305954,162.000000,0.293136,74.000000,0.009060,0.007208,36.536667,36.448986,129.000000,0.054007,0.003028,0.050979,92.000000,0.028193,171.000000,0.028218,79.000000,0.000698,0.000614,3.583220,3.340945,146.000000,0.691966,0.159062,0.532905,107.000000,0.424705,177.000000,0.427550,70.000000,0.006853,0.008530,42.382019,31.088642
15022770920SP,0,2020,1,Fungicide,True,147.000000,0.904130,0.038196,0.865934,114.000000,0.467459,179.000000,0.480785,65.000000,0.013232,0.013230,49.604485,47.083569,1.000000,0.850472,0.514389,0.336083,0.000000,,11.000000,0.685072,11.000000,,0.016540,8.030323,2.629235,146.000000,0.665535,-0.014346,0.679881,111.000000,0.326656,179.000000,0.324921,68.000000,0.009682,0.010322,37.905609,38.895508,163.000000,0.041162,0.002479,0.038683,105.000000,0.021749,190.000000,0.021425,85.000000,0.000335,0.000731,3.021430,2.808250,1.000000,0.985431,0.539254,0.446177,0.000000,,12.000000,0.763373,12.000000,,0.020187,10.009469,3.808053
15022771020SP,0,2020,1,Fungicide,True,118.000000,0.781327,0.044867,0.736460,87.000000,0.405911,149.000000,0.404301,62.000000,0.012110,0.012162,40.440746,37.614136,116.000000,0.780428,0.200615,0.579813,84.000000,0.490687,150.000000,0.495854,66.000000,0.009054,0.008370,45.336277,31.895052,115.000000,0.597597,-0.010853,0.608449,84.000000,0.297561,147.000000,0.293050,63.000000,0.009679,0.009517,31.125887,31.820454,125.000000,0.049450,0.002566,0.046885,82.000000,0.025975,153.000000,0.026666,71.000000,0.000546,0.000814,2.919248,2.734519,132.000000,0.648975,0.176713,0.472262,105.000000,0.411609,155.000000,0.412324,50.000000,0.008791,0.010289,28.350208,19.337852
15022771021SP,0,2020,1,Other,True,118.000000,0.781327,0.044867,0.736460,87.000000,0.405911,149.000000,0.404301,62.000000,0.012110,0.012162,40.440746,37.614143,116.000000,0.780428,0.200620,0.579808,84.000000,0.490687,150.000000,0.495854,66.000000,0.009054,0.008370,45.336277,31.894749,115.000000,0.597597,-0.010853,0.608449,84.000000,0.297561,147.000000,0.293050,63.000000,0.009679,0.009517,31.125885,31.820446,125.000000,0.049450,0.002734,0.046717,82.000000,0.025975,153.000000,0.026666,71.000000,0.000546,0.000814,2.919248,2.722418,132.000000,0.648975,0.156730,0.492246,104.000000,0.399797,156.000000,0.397808,52.000000,0.008899,0.010465,29.147818,20.841152
1502277120FP,0,2020,1,Fungicide,True,313.000000,0.712729,0.088588,0.624141,278.000000,0.394049,0.000000,,-278.000000,0.009105,,0.000000,0.000000,312.000000,0.756187,0.267972,0.488215,277.000000,0.512538,0.000000,,-277.000000,0.006961,,0.000000,0.000000,310.000000,0.568779,0.008740,0.560039,275.000000,0.286040,0.000000,,-275.000000,0.008078,,0.000000,0.000000,298.000000,0.035199,0.007138,0.028061,269.000000,0.021185,305.000000,0.034687,36.000000,0.000483,0.000073,1.158275,0.894166,349.000000,0.804566,0.440239,0.364327,290.000000,0.610828,0.000000,,-290.000000,0.003284,,0.000000,0.000000
15022771821FP,0,2020,0,No,False,306.000000,0.594917,0.065988,0.528929,0.000000,,318.000000,0.322173,318.000000,,0.022729,5.678170,4.820326,306.000000,0.706048,0.266172,0.439876,0.000000,,319.000000,0.481556,319.000000,,0.017269,8.074765,4.348355,306.000000,0.468351,0.008221,0.460130,0.000000,,317.000000,0.244676,317.000000,,0.020334,4.036658,3.938003,306.000000,0.017960,0.008725,0.009235,0.000000,,320.000000,0.013345,320.000000,,0.000330,0.230037,0.099158,306.000000,0.687468,0.354924,0.332544,0.000000,,321.000000,0.521473,321.000000,,0.011066,9.492493,3.813705
15022771821FP,1,2021,1,Fungicide,False,319.000000,0.599532,0.100436,0.499096,293.000000,0.347636,345.000000,0.348285,52.000000,0.009688,0.009663,26.646065,21.322945,318.000000,0.662630,0.252439,0.410191,291.000000,0.453234,345.000000,0.454499,54.000000,0.007755,0.007709,32.103775,18.219641,317.000000,0.475222,0.025000,0.450222,291.000000,0.253289,343.000000,0.252381,52.000000,0.008536,0.008571,20.673485,19.348459,312.000000,0.041549,0.017120,0.024430,292.000000,0.029277,365.000000,0.029464,73.000000,0.000614,0.000228,2.686501,1.428199,330.000000,0.427867,0.207796,0.220071,299.000000,0.318325,351.000000,0.322070,52.000000,0.003534,0.005038,20.333174,9.320007
15022772820SP,1,2020,1,Herbicide,False,118.000000,0.826375,0.054394,0.771981,88.000000,0.446372,150.000000,0.447272,62.000000,0.012667,0.011847,43.295940,39.869106,117.000000,0.820865,0.219972,0.600893,82.000000,0.523465,154.000000,0.514560,72.000000,0.008497,0.008279,52.046837,35.988892,115.000000,0.632816,-0.011742,0.644558,82.000000,0.312482,149.000000,0.309467,67.000000,0.009707,0.009510,35.102818,35.901241,123.000000,0.053572,0.006065,0.047507,81.000000,0.030102,152.000000,0.030382,71.000000,0.000559,0.000800,3.251484,2.814792,134.000000,0.822290,0.211049,0.611241,105.000000,0.518636,155.000000,0.522894,50.000000,0.010471,0.014257,35.862190,25.098713
15022772921FP,1,2021,1,Fungicide,False,1.000000,0.759614,0.417205,0.342409,0.000000,,17.000000,0.595903,17.000000,,0.010232,11.430897,4.547016,1.000000,0.807074,0.510353,0.296721,0.000000,,20.000000,0.652707,20.000000,,0.008125,14.590224,4.638337,1.000000,0.562878,0.283645,0.279233,0.000000,,17.000000,0.426941,17.000000,,0.008496,8.371444,3.691301,307.000000,0.024749,0.011449,0.013300,290.000000,0.017872,334.000000,0.020459,44.000000,0.000405,0.000159,1.008158,0.492953,2.000000,0.648326,0.509315,0.139011,1.000000,0.648247,21.000000,0.579371,20.000000,0.000079,0.003629,12.822708,2.381756
15022774721FP,0,2021,1,Fungicide,True,311.000000,0.692254,0.312774,0.379480,280.000000,0.495861,343.000000,0.569877,63.000000,0.006335,0.003824,40.596203,20.735039,305.000000,0.730619,0.398094,0.332525,278.000000,0.558028,343.000000,0.587889,65.000000,0.006392,0.003756,44.422501,18.347340,303.000000,0.551116,0.183120,0.367996,277.000000,0.365221,343.000000,0.372160,66.000000,0.007150,0.004474,32.385342,20.207836,304.000000,0.034862,0.015476,0.019386,279.000000,0.024919,343.000000,0.027765,64.000000,0.000398,0.000182,2.043943,1.045727,343.000000,0.489293,0.330822,0.158470,286.000000,0.409597,0.000000,,-286.000000,0.001398,,0.000000,0.000000
15022776021FP,0,2021,1,Fungicide,True,333.000000,0.523110,0.280349,0.242761,306.000000,0.399381,365.000000,0.486539,59.000000,0.004583,0.001143,29.511971,12.831202,365.000000,0.682645,0.455166,0.227479,308.000000,0.567734,0.000000,,-308.000000,0.002016,,0.000000,0.000000,327.000000,0.433397,0.189602,0.243795,301.000000,0.314825,365.000000,0.370622,64.000000,0.004560,0.001652,25.781538,13.552221,365.000000,0.049347,0.025784,0.023563,351.000000,0.037602,0.000000,,-351.000000,0.000839,,0.000000,0.000000,365.000000,0.811559,0.545921,0.265638,293.000000,0.678403,0.000000,,-293.000000,0.001849,,0.000000,0.000000
15022776320FP,0,2020,1,Fungicide,True,313.000000,0.753309,0.102515,0.650795,275.000000,0.433357,0.000000,,-275.000000,0.008420,,0.000000,0.000000,312.000000,0.781083,0.324928,0.456155,275.000000,0.555746,0.000000,,-275.000000,0.006090,,0.000000,0.000000,309.000000,0.596692,0.026518,0.570174,272.000000,0.317761,0.000000,,-272.000000,0.007539,,0.000000,0.000000,297.000000,0.032805,0.005688,0.027116,268.000000,0.019196,305.000000,0.032286,37.000000,0.000469,0.000065,1.108945,0.892788,333.000000,0.554673,0.191995,0.362678,284.000000,0.373798,0.000000,,-284.000000,0.003691,,0.000000,0.000000
15022776821FP,0,2021,1,Fungicide,True,320.000000,0.358457,0.122734,0.235723,290.000000,0.238320,346.000000,0.241749,56.000000,0.004005,0.004489,17.694393,10.698557,324.000000,0.486522,0.336460,0.150062,298.000000,0.411690,350.000000,0.458017,52.000000,0.002878,0.001096,24.630592,6.798229,314.000000,0.279711,0.050111,0.229600,284.000000,0.165900,340.000000,0.167378,56.000000,0.003794,0.004321,13.436460,10.580132,365.000000,0.018291,0.010508,0.007783,355.000000,0.014322,0.000000,,-355.000000,0.000397,,0.000000,0.000000,327.000000,0.431128,0.230549,0.200579,282.000000,0.330499,353.000000,0.332333,71.000000,0.002236,0.003800,28.290550,11.690996
1502300309PO,0,2020,0,No,True,92.000000,0.798835,0.342740,0.456095,0.000000,,99.000000,0.569309,99.000000,,0.032789,5.074975,2.504426,92.000000,0.869748,0.452803,0.416945,0.000000,,99.000000,0.666857,99.000000,,0.028984,5.713761,2.317742,92.000000,0.625926,0.245478,0.380447,0.000000,,99.000000,0.437084,99.000000,,0.026977,3.941006,2.099918,92.000000,0.016322,0.010122,0.006200,0.000000,,101.000000,0.013225,101.000000,,0.000344,0.140017,0.043857,92.000000,0.768356,0.509095,0.259261,0.000000,,99.000000,0.641957,99.000000,,0.018057,5.258390,1.440181
1504213P2,1,2021,0,No,True,278.000000,0.623985,0.066401,0.557585,256.000000,0.350625,300.000000,0.348314,44.000000,0.012425,0.012530,23.231041,20.243017,282.000000,0.704472,0.215183,0.489289,257.000000,0.459508,306.000000,0.457615,49.000000,0.009799,0.010286,30.516243,19.757105,280.000000,0.517864,0.000720,0.517144,256.000000,0.254801,302.000000,0.256713,46.000000,0.010961,0.011870,19.603737,19.569901,295.000000,0.045842,0.004614,0.041228,260.000000,0.025330,315.000000,0.025775,55.000000,0.000586,0.001003,2.090840,1.832470,299.000000,0.734975,0.132496,0.602478,271.000000,0.437238,322.000000,0.440246,51.000000,0.010633,0.012814,32.072632,25.182827
1504213P3,0,2020,0,No,True,306.000000,0.767826,0.075473,0.692353,0.000000,,330.000000,0.416670,330.000000,,0.014632,14.678656,12.791834,306.000000,0.776410,0.258782,0.517628,0.000000,,332.000000,0.521269,332.000000,,0.009813,17.527292,10.540191,306.000000,0.605017,0.006700,0.598317,0.000000,,328.000000,0.302378,328.000000,,0.013756,10.226381,10.072292,306.000000,0.042693,0.006746,0.035947,0.000000,,334.000000,0.024965,334.000000,,0.000633,0.992308,0.796677,306.000000,0.595982,0.210249,0.385733,0.000000,,340.000000,0.402136,340.000000,,0.005701,18.796144,11.437428
1504213P3,2,2021,0,No,True,279.000000,0.615172,0.074938,0.540235,257.000000,0.352382,301.000000,0.337164,44.000000,0.011945,0.012637,22.899084,19.526888,282.000000,0.703762,0.223279,0.480483,258.000000,0.469682,305.000000,0.468152,47.000000,0.009753,0.010244,29.445318,18.727921,280.000000,0.514822,0.005007,0.509814,257.000000,0.261592,301.000000,0.261881,44.000000,0.011010,0.012045,18.765232,18.539913,295.000000,0.046921,0.005123,0.041798,262.000000,0.025970,315.000000,0.026299,53.000000,0.000635,0.001031,2.069310,1.792672,298.000000,0.730705,0.134304,0.596401,270.000000,0.426170,323.000000,0.433707,53.000000,0.010876,0.011880,32.974079,25.721661
1504213P3P,0,2020,1,Herbicide,True,90.000000,0.701380,-0.025358,0.726738,25.000000,0.340370,336.000000,0.337577,311.000000,0.005554,0.001479,112.767624,120.679367,91.000000,0.846794,0.014330,0.832464,14.000000,0.428117,340.000000,0.432560,326.000000,0.005437,0.001664,162.361725,157.675751,88.000000,0.665000,-0.056479,0.721479,28.000000,0.307239,125.000000,0.306107,97.000000,0.005963,0.009700,53.029053,58.563980,299.000000,0.042464,0.004212,0.038252,268.000000,0.023168,335.000000,0.023710,67.000000,0.000622,0.000521,2.433470,2.147062,109.000000,0.727174,0.086881,0.640293,39.000000,0.402525,145.000000,0.409155,106.000000,0.004638,0.008834,65.340622,56.044331
1504213P4,2,2021,0,No,True,281.000000,0.506207,0.080048,0.426160,259.000000,0.292787,302.000000,0.291346,43.000000,0.009701,0.010231,18.511555,14.989459,284.000000,0.625289,0.222006,0.403283,261.000000,0.427978,305.000000,0.424886,44.000000,0.008579,0.009543,24.581905,14.591616,282.000000,0.423721,0.008109,0.415612,259.000000,0.211023,302.000000,0.216222,43.000000,0.009248,0.010375,14.982292,14.625478,294.000000,0.038413,0.005403,0.033010,262.000000,0.021714,314.000000,0.021441,52.000000,0.000522,0.000849,1.674295,1.387946,299.000000,0.535615,0.123680,0.411936,273.000000,0.328948,323.000000,0.326039,50.000000,0.007949,0.008732,23.034901,16.727245
1504311203PO,1,2021,0,No,True,129.000000,0.742115,0.011373,0.730741,99.000000,0.380727,157.000000,0.374539,58.000000,0.012046,0.013128,35.848537,35.177509,126.000000,0.784168,0.144921,0.639247,97.000000,0.471938,157.000000,0.462905,60.000000,0.010767,0.010363,40.775490,31.935303,125.000000,0.576017,-0.031355,0.607373,96.000000,0.266523,154.000000,0.276010,58.000000,0.010672,0.010345,27.317188,29.167152,133.000000,0.047626,-0.000559,0.048186,95.000000,0.023522,164.000000,0.023248,69.000000,0.000634,0.000786,2.730376,2.769534,140.000000,0.639908,0.051321,0.588587,107.000000,0.345776,165.000000,0.349667,58.000000,0.008913,0.011610,31.356152,28.328215
1504311207PO,1,2021,0,No,True,128.000000,0.457682,0.017217,0.440465,100.000000,0.240580,155.000000,0.238020,55.000000,0.007754,0.008136,21.037674,20.073544,128.000000,0.560917,0.144653,0.416264,100.000000,0.350795,155.000000,0.350997,55.000000,0.007504,0.007775,26.969213,18.868649,127.000000,0.358270,-0.028896,0.387166,99.000000,0.166540,153.000000,0.167135,54.000000,0.006848,0.007351,15.711216,17.300510,132.000000,0.039676,0.000543,0.039133,102.000000,0.020444,160.000000,0.019521,58.000000,0.000641,0.000720,1.912637,1.880602,137.000000,0.461788,0.119477,0.342311,112.000000,0.291655,159.000000,0.294596,47.000000,0.006805,0.007600,18.982828,13.247937
1504311208WPO,0,2020,1,Fungicide,True,129.000000,0.499951,0.032030,0.467921,100.000000,0.264190,155.000000,0.258569,55.000000,0.008130,0.009284,23.066841,21.273134,127.000000,0.631130,0.154328,0.476802,100.000000,0.395597,154.000000,0.388116,54.000000,0.008723,0.009001,29.781693,21.293673,126.000000,0.419987,-0.017486,0.437473,99.000000,0.203666,153.000000,0.196161,54.000000,0.008012,0.008290,18.593355,19.555079,130.000000,0.045638,0.002898,0.042740,101.000000,0.024195,154.000000,0.023591,53.000000,0.000739,0.000919,2.010675,1.854182,137.000000,0.406039,0.086811,0.319227,114.000000,0.248343,158.000000,0.240969,44.000000,0.006856,0.007860,15.453993,11.547483
1504311211PO,0,2020,1,Fungicide,True,130.000000,0.582099,-0.017977,0.600076,101.000000,0.274736,156.000000,0.281481,55.000000,0.010599,0.011562,26.281879,27.288576,129.000000,0.685890,0.125589,0.560301,100.000000,0.406579,156.000000,0.398583,56.000000,0.009631,0.010641,33.048279,25.889732,128.000000,0.475704,-0.062618,0.538322,100.000000,0.202472,154.000000,0.213899,54.000000,0.009758,0.010069,20.648525,24.092525,136.000000,0.044920,0.000774,0.044146,96.000000,0.022626,160.000000,0.023513,64.000000,0.000557,0.000892,2.375975,2.325695,141.000000,0.541216,0.059596,0.481620,114.000000,0.300360,162.000000,0.300846,48.000000,0.008921,0.011446,22.075745,19.155533
1504311212PO,1,2021,0,No,True,123.000000,0.793079,-0.002199,0.795278,93.000000,0.396728,152.000000,0.396752,59.000000,0.013212,0.013666,38.907604,39.039532,120.000000,0.845173,0.162458,0.682715,90.000000,0.495793,152.000000,0.500391,62.000000,0.011646,0.010774,45.368561,35.133732,119.000000,0.645031,-0.042628,0.687659,91.000000,0.307167,149.000000,0.301815,58.000000,0.012067,0.011441,30.611412,33.126461,125.000000,0.045753,0.000169,0.045584,85.000000,0.023211,158.000000,0.023455,73.000000,0.000564,0.000676,2.863786,2.851285,131.000000,0.694159,0.119689,0.574470,103.000000,0.413682,157.000000,0.400284,54.000000,0.010017,0.011303,32.368187,25.785290
1504498ORAN80P,0,2020,1,Mixed,True,93.000000,0.667240,0.072115,0.595124,58.000000,0.374413,118.000000,0.377206,60.000000,0.008366,0.011601,34.155453,29.756414,89.000000,0.745292,0.240094,0.505198,50.000000,0.496845,120.000000,0.490695,70.000000,0.006370,0.008213,46.677864,29.631189,88.000000,0.518256,0.013954,0.504302,53.000000,0.261136,116.000000,0.260653,63.000000,0.007346,0.009200,27.252079,26.359035,87.000000,0.039419,0.005799,0.033620,56.000000,0.022936,118.000000,0.023017,62.000000,0.000532,0.000529,2.130727,1.765359,99.000000,0.573457,0.046522,0.526936,56.000000,0.308655,248.000000,0.310116,192.000000,0.006158,0.001767,83.393356,74.414688
1504498ORANG80P,1,2021,1,Fungicide,False,99.000000,0.795986,0.065749,0.730237,60.000000,0.428682,132.000000,0.425800,72.000000,0.009418,0.011218,48.598114,43.798454,94.000000,0.847477,0.258897,0.588580,57.000000,0.548040,130.000000,0.560962,73.000000,0.008093,0.007959,55.256439,36.098045,94.000000,0.644556,-0.000028,0.644584,57.000000,0.318098,129.000000,0.326309,72.000000,0.008823,0.009093,38.801086,38.803154,103.000000,0.058418,0.003954,0.054464,62.000000,0.031577,133.000000,0.030681,71.000000,0.000655,0.000925,3.490473,3.205805,116.000000,0.747306,0.094919,0.652386,78.000000,0.422662,147.000000,0.419816,69.000000,0.008543,0.010564,42.299572,35.655220
1504512STOCKWP,0,2020,1,Mixed,True,143.000000,0.849353,0.067686,0.781667,113.000000,0.458063,181.000000,0.463822,68.000000,0.013043,0.010146,49.456482,44.786175,142.000000,0.821070,0.239346,0.581724,112.000000,0.521525,185.000000,0.529066,73.000000,0.009985,0.006791,53.235901,35.524315,141.000000,0.653310,0.003146,0.650165,112.000000,0.329223,180.000000,0.330841,68.000000,0.011175,0.008268,37.277161,37.060101,154.000000,0.064959,0.002155,0.062804,106.000000,0.032968,192.000000,0.033309,86.000000,0.000666,0.000833,4.712584,4.525142,170.000000,0.918458,0.303999,0.614458,85.000000,0.610624,197.000000,0.603393,112.000000,0.003622,0.011669,85.885185,51.533253
15045481H,1,2021,1,Other,True,131.000000,0.716741,0.051080,0.665661,108.000000,0.393784,153.000000,0.383961,45.000000,0.014042,0.015126,27.193649,24.843967,130.000000,0.794614,0.208933,0.585681,104.000000,0.495679,154.000000,0.508362,50.000000,0.011497,0.011927,34.849663,24.194084,129.000000,0.590252,-0.005774,0.596026,105.000000,0.290997,151.000000,0.301431,46.000000,0.012469,0.013128,22.503092,22.774479,129.000000,0.037513,0.003343,0.034169,103.000000,0.020888,153.000000,0.019943,50.000000,0.000639,0.000732,1.581342,1.410829,138.000000,0.576799,0.171255,0.405543,116.000000,0.373580,160.000000,0.367727,44.000000,0.009237,0.009503,22.368902,14.662406
15045484P,0,2019,0,No,False,305.000000,0.856347,0.448539,0.407808,0.000000,,325.000000,0.654051,325.000000,,0.010115,15.710345,6.515293,305.000000,0.859401,0.548668,0.310733,0.000000,,325.000000,0.700284,325.000000,,0.007956,16.162912,4.915228,305.000000,0.674975,0.342510,0.332465,0.000000,,325.000000,0.512579,325.000000,,0.008120,12.367308,5.345856,305.000000,0.029544,0.023802,0.005741,0.000000,,333.000000,0.026619,333.000000,,0.000104,0.816545,0.138185,305.000000,0.891594,0.643855,0.247739,0.000000,,323.000000,0.765259,323.000000,,0.007019,15.386709,3.475384
15045484P,1,2020,1,Herbicide,False,97.000000,0.490196,0.020001,0.470195,70.000000,0.253521,118.000000,0.261655,48.000000,0.008766,0.010883,19.604218,18.624151,95.000000,0.657137,0.179705,0.477432,68.000000,0.423642,119.000000,0.418324,51.000000,0.008648,0.009951,29.508436,20.163754,94.000000,0.468320,-0.026174,0.494494,68.000000,0.220223,116.000000,0.218879,48.000000,0.009542,0.011338,18.281782,19.564327,92.000000,0.044706,0.006083,0.038623,62.000000,0.025718,116.000000,0.025680,54.000000,0.000633,0.000793,2.091894,1.757349,95.000000,0.642607,0.281851,0.360755,17.000000,0.461658,131.000000,0.460118,114.000000,0.002320,0.005069,64.351326,31.938408
1504548PPF,0,2021,1,Mixed,True,312.000000,0.560834,0.018690,0.542144,272.000000,0.291379,342.000000,0.293668,70.000000,0.006736,0.008906,32.958557,31.631575,304.000000,0.673194,0.172731,0.500462,271.000000,0.426710,344.000000,0.419378,73.000000,0.007469,0.006345,43.808239,31.026114,302.000000,0.486447,-0.032767,0.519214,270.000000,0.232271,339.000000,0.225094,69.000000,0.007943,0.007064,27.830885,30.124578,304.000000,0.039170,0.015344,0.023826,280.000000,0.027170,334.000000,0.027096,54.000000,0.000500,0.000402,1.879587,1.035646,305.000000,0.471615,0.244317,0.227297,277.000000,0.357570,352.000000,0.359050,75.000000,0.004073,0.002395,33.517262,14.949150
1504548PZ,0,2020,1,Herbicide,True,141.000000,0.523689,0.052657,0.471032,114.000000,0.283781,165.000000,0.286482,51.000000,0.008885,0.009884,22.401598,19.663408,139.000000,0.648157,0.212017,0.436140,113.000000,0.433956,166.000000,0.425406,53.000000,0.008238,0.008250,30.396090,18.947182,139.000000,0.421140,-0.006297,0.427437,113.000000,0.209306,163.000000,0.206681,50.000000,0.008147,0.008936,17.295013,17.616158,141.000000,0.035074,0.002285,0.032789,109.000000,0.018486,168.000000,0.018567,59.000000,0.000518,0.000611,1.715356,1.578253,157.000000,0.449600,0.215806,0.233794,134.000000,0.334165,209.000000,0.334639,75.000000,0.005019,0.002211,29.728312,13.434954
1504548RP,0,2020,0,No,True,146.000000,0.276820,0.059538,0.217282,115.000000,0.169856,170.000000,0.170378,55.000000,0.003450,0.004435,13.150136,9.815992,145.000000,0.425366,0.221567,0.203799,114.000000,0.321279,172.000000,0.323905,58.000000,0.003358,0.003758,22.727705,9.655266,144.000000,0.225498,-0.002154,0.227652,114.000000,0.113617,167.000000,0.108632,53.000000,0.003729,0.005081,9.803893,9.920187,143.000000,0.021876,0.003168,0.018708,108.000000,0.012600,170.000000,0.012753,62.000000,0.000265,0.000338,1.145444,0.945857,27.000000,0.472785,0.306877,0.165908,0.000000,,201.000000,0.390554,201.000000,,0.000473,55.073135,1.523113
1504548SP1,0,2020,1,Fungicide,True,122.000000,0.514023,0.020012,0.494011,95.000000,0.264449,148.000000,0.267211,53.000000,0.009243,0.009493,22.494415,21.413765,121.000000,0.641037,0.184491,0.456546,94.000000,0.414856,149.000000,0.411137,55.000000,0.008377,0.008211,30.869402,20.537930,119.000000,0.421706,-0.024516,0.446222,93.000000,0.204464,145.000000,0.198216,52.000000,0.008355,0.008596,17.779678,19.079020,117.000000,0.038749,0.012056,0.026693,86.000000,0.025365,142.000000,0.025001,56.000000,0.000432,0.000550,1.893663,1.206467,133.000000,0.730989,0.465460,0.265529,97.000000,0.597915,156.000000,0.601298,59.000000,0.003696,0.005639,40.304943,12.377356
1504548SP2,0,2020,1,Herbicide,True,113.000000,0.529690,0.057941,0.471749,87.000000,0.296848,136.000000,0.300706,49.000000,0.008955,0.009956,21.964466,19.067404,113.000000,0.647214,0.167625,0.479588,79.000000,0.404753,140.000000,0.402445,61.000000,0.007131,0.009065,33.800468,23.407692,111.000000,0.443129,0.005483,0.437646,83.000000,0.228578,134.000000,0.231262,51.000000,0.007663,0.009212,18.687275,18.402168,107.000000,0.038911,0.005334,0.033577,89.000000,0.037558,138.000000,0.021867,49.000000,0.000075,0.000550,1.744092,1.477375,128.000000,0.715490,0.449155,0.266335,68.000000,0.618443,362.000000,0.581880,294.000000,0.001617,0.000571,141.639099,9.362869
15046771PS21,1,2021,1,Fungicide,False,116.000000,0.725372,0.036174,0.689197,87.000000,0.372505,144.000000,0.374116,57.000000,0.012168,0.012545,34.457134,32.359020,113.000000,0.783684,0.163158,0.620526,84.000000,0.472108,146.000000,0.466396,62.000000,0.010744,0.009615,42.035877,31.756954,112.000000,0.581538,-0.009427,0.590965,84.000000,0.279475,140.000000,0.291133,56.000000,0.010788,0.010372,26.886705,27.424040,120.000000,0.042498,0.005224,0.037274,83.000000,0.023673,147.000000,0.023995,64.000000,0.000509,0.000685,2.286438,1.946859,128.000000,0.786125,0.273027,0.513099,85.000000,0.528115,154.000000,0.530992,69.000000,0.006000,0.009813,47.174858,28.062988
15046772PS21,1,2021,1,Fungicide,False,124.000000,0.850111,0.036622,0.813490,94.000000,0.437672,154.000000,0.446422,60.000000,0.013748,0.013456,42.896938,40.663002,121.000000,0.838816,0.166592,0.672224,90.000000,0.508529,157.000000,0.506475,67.000000,0.010654,0.009232,49.067329,37.739040,121.000000,0.662860,-0.007506,0.670365,91.000000,0.325658,152.000000,0.326378,61.000000,0.011240,0.010854,33.631657,34.097019,132.000000,0.045965,0.003808,0.042158,92.000000,0.025037,166.000000,0.024699,74.000000,0.000523,0.000625,2.840238,2.554664,151.000000,0.760050,0.247539,0.512511,53.000000,0.502607,198.000000,0.501649,145.000000,0.002627,0.005498,91.399017,55.258331
1505059AGRO1SP,0,2020,1,Herbicide,True,89.000000,0.646134,0.049125,0.597009,64.000000,0.351813,112.000000,0.347119,48.000000,0.011773,0.013001,26.222572,23.815449,87.000000,0.684131,0.213327,0.470804,62.000000,0.444221,112.000000,0.444320,50.000000,0.009596,0.009592,30.326794,19.447113,85.000000,0.493126,-0.007573,0.500699,62.000000,0.247626,109.000000,0.236836,47.000000,0.010674,0.010679,19.161753,19.525265,88.000000,0.039728,0.006621,0.033107,60.000000,0.023320,113.000000,0.022750,53.000000,0.000586,0.000679,1.815099,1.457582,98.000000,0.459553,0.120156,0.339396,71.000000,0.285478,121.000000,0.288880,50.000000,0.006447,0.007421,20.077538,13.949571
1505059AGRO1SP,1,2021,1,Fungicide,True,86.000000,0.530086,0.046030,0.484056,63.000000,0.286450,106.000000,0.289650,43.000000,0.010593,0.012022,19.098518,17.073187,86.000000,0.647863,0.177132,0.470731,63.000000,0.418460,108.000000,0.414512,45.000000,0.009974,0.010607,25.594547,17.446480,84.000000,0.429166,-0.015406,0.444572,62.000000,0.209492,103.000000,0.213619,41.000000,0.009985,0.011345,14.433996,15.081050,84.000000,0.033216,0.005030,0.028186,60.000000,0.019171,105.000000,0.019385,45.000000,0.000585,0.000659,1.283654,1.052262,92.000000,0.377678,0.145174,0.232505,72.000000,0.260004,114.000000,0.261397,42.000000,0.005884,0.005286,14.235245,7.992782
1505059AGRO2FP,0,2020,1,Mixed,True,289.000000,0.340913,0.061012,0.279901,266.000000,0.200544,305.000000,0.257113,39.000000,0.006103,0.005237,11.795975,9.355497,292.000000,0.478873,0.197911,0.280963,269.000000,0.338023,305.000000,0.432061,36.000000,0.006124,0.003601,16.150646,8.827954,287.000000,0.270618,0.002559,0.268060,264.000000,0.139078,305.000000,0.152265,41.000000,0.005719,0.006575,9.309797,9.202332,285.000000,0.027079,0.003000,0.024080,262.000000,0.015003,305.000000,0.016906,43.000000,0.000525,0.000509,0.997567,0.865584,299.000000,0.393212,0.129384,0.263828,276.000000,0.264238,305.000000,0.383899,29.000000,0.005608,0.001552,10.600531,6.719020
1505059AGRO2FP,1,2021,0,No,True,280.000000,0.467302,0.046383,0.420920,260.000000,0.257523,299.000000,0.252294,39.000000,0.010489,0.011316,15.296772,13.441468,282.000000,0.601689,0.182479,0.419210,261.000000,0.388457,302.000000,0.389911,41.000000,0.010154,0.010589,21.745190,14.081087,281.000000,0.423089,-0.018153,0.441242,260.000000,0.202347,301.000000,0.205413,41.000000,0.010512,0.010884,14.148516,14.910932,279.000000,0.033819,0.001029,0.032789,253.000000,0.017068,305.000000,0.017372,52.000000,0.000644,0.000633,1.449306,1.394755,179.000000,0.483107,0.129625,0.353482,72.000000,0.305678,304.000000,0.307328,232.000000,0.001658,0.001406,81.469955,51.267376
1505059AGRO3SP,0,2020,1,Herbicide,True,91.000000,0.635681,0.045021,0.590660,67.000000,0.346449,114.000000,0.342527,47.000000,0.012051,0.012746,25.243128,23.082117,89.000000,0.672718,0.203126,0.469591,65.000000,0.437910,114.000000,0.436604,49.000000,0.009784,0.009445,29.187098,19.030796,88.000000,0.474137,-0.011174,0.485312,64.000000,0.226389,112.000000,0.224047,48.000000,0.010323,0.010420,18.658073,19.205612,89.000000,0.036034,0.004219,0.031815,58.000000,0.020332,114.000000,0.020222,56.000000,0.000507,0.000632,1.723008,1.482541,99.000000,0.381832,0.105024,0.276808,74.000000,0.243628,119.000000,0.244747,45.000000,0.005528,0.006854,15.181589,10.350481
1505059AGRO5NP,1,2020,1,Herbicide,False,1.000000,0.776162,0.044680,0.731482,0.000000,,135.000000,0.408156,135.000000,,0.002746,52.949886,46.918129,19.000000,0.830797,0.189115,0.641682,1.000000,0.820373,54.000000,0.509071,53.000000,0.000579,0.009192,40.940292,30.728083,1.000000,0.636983,-0.005882,0.642865,0.000000,,133.000000,0.315154,133.000000,,0.002438,38.004963,38.787304,131.000000,0.029392,0.003853,0.025539,105.000000,0.016757,152.000000,0.016580,47.000000,0.000486,0.000610,1.163721,0.978770,10.000000,0.792748,0.178704,0.614045,1.000000,0.787757,344.000000,0.486919,343.000000,0.000555,0.000916,165.672974,104.198914
1505059AGRO5SP,0,2020,1,Herbicide,True,41.000000,0.683862,0.042695,0.641167,0.000000,,140.000000,0.365387,140.000000,,0.003217,25.301842,20.989599,41.000000,0.783783,0.223383,0.560401,0.000000,,136.000000,0.503181,136.000000,,0.002954,37.690437,16.022318,41.000000,0.488767,-0.001257,0.490024,0.000000,,140.000000,0.242156,140.000000,,0.002491,16.671299,16.798260,125.000000,0.029620,0.003633,0.025988,96.000000,0.016369,150.000000,0.016201,54.000000,0.000457,0.000537,1.345061,1.145250,41.000000,0.819039,0.178403,0.640636,0.000000,,56.000000,0.497121,56.000000,,0.021461,10.502732,7.469883
1505059AGRO5SP,1,2021,1,Fungicide,True,88.000000,0.550872,0.041896,0.508976,65.000000,0.301146,109.000000,0.304352,44.000000,0.010858,0.011739,20.425919,18.540600,88.000000,0.678586,0.169986,0.508600,63.000000,0.423021,112.000000,0.420154,49.000000,0.010223,0.010768,28.844906,20.345606,86.000000,0.455442,-0.011879,0.467321,64.000000,0.227518,107.000000,0.219777,43.000000,0.010360,0.011222,16.077257,16.599939,84.000000,0.029981,0.003372,0.026608,60.000000,0.018099,108.000000,0.016421,48.000000,0.000495,0.000565,1.234805,1.069556,158.000000,0.418860,0.244589,0.174271,89.000000,0.331558,0.000000,,-89.000000,0.001265,,0.000000,0.000000
1505059AGRO6SP,0,2021,0,No,True,88.000000,0.500109,0.048950,0.451158,66.000000,0.273272,108.000000,0.278285,42.000000,0.010311,0.011091,17.693871,15.589012,88.000000,0.631925,0.196360,0.435565,66.000000,0.413224,110.000000,0.411990,44.000000,0.009941,0.009997,24.520973,15.684766,86.000000,0.411362,-0.011180,0.422542,65.000000,0.199919,106.000000,0.192400,41.000000,0.010069,0.010948,13.739119,14.208662,87.000000,0.027553,0.002425,0.025128,64.000000,0.015332,107.000000,0.015385,43.000000,0.000531,0.000608,1.005703,0.899004,1.000000,0.511088,0.373335,0.137752,0.000000,,8.000000,0.438183,8.000000,,0.010415,3.541308,0.741292
1505059BOCKSP,0,2020,1,Herbicide,True,129.000000,0.518411,0.071003,0.447409,7.000000,0.289644,150.000000,0.291278,143.000000,0.001875,0.010816,36.096470,25.872103,130.000000,0.600872,0.252003,0.348868,111.000000,0.429175,151.000000,0.426771,40.000000,0.009037,0.008291,21.841053,11.508921,128.000000,0.378815,-0.002401,0.381216,109.000000,0.194151,148.000000,0.183824,39.000000,0.009719,0.009750,12.172505,12.268564,133.000000,0.034181,0.005220,0.028961,111.000000,0.020121,152.000000,0.020069,41.000000,0.000639,0.000743,1.207373,0.988122,142.000000,0.721214,0.319690,0.401524,111.000000,0.525538,185.000000,0.524330,74.000000,0.006312,0.004579,48.446945,24.470196
1505059BOCKSP,1,2021,1,Herbicide,True,120.000000,0.702144,0.050392,0.651751,96.000000,0.385633,143.000000,0.366543,47.000000,0.013188,0.014591,27.733170,25.314337,119.000000,0.753357,0.244221,0.509135,95.000000,0.496271,143.000000,0.499019,48.000000,0.010712,0.010597,32.168869,20.202023,118.000000,0.542118,-0.014228,0.556346,94.000000,0.255856,140.000000,0.267034,46.000000,0.011928,0.012504,20.481119,21.149818,130.000000,0.039125,0.002218,0.036907,97.000000,0.020550,154.000000,0.020222,57.000000,0.000563,0.000788,1.860736,1.732090,139.000000,0.796459,0.296211,0.500248,98.000000,0.543403,162.000000,0.553743,64.000000,0.006172,0.010553,45.027481,25.773758
1505059BRIMHLSP,0,2021,1,Herbicide,True,133.000000,0.663589,0.044943,0.618646,105.000000,0.351337,158.000000,0.354000,53.000000,0.011152,0.012384,29.427588,27.000685,132.000000,0.723401,0.197631,0.525770,102.000000,0.460743,161.000000,0.457955,59.000000,0.008755,0.009153,37.332199,25.474318,131.000000,0.518014,-0.015627,0.533641,103.000000,0.246754,155.000000,0.252189,52.000000,0.009688,0.011076,22.060329,22.888557,131.000000,0.033132,0.001284,0.031847,101.000000,0.017576,161.000000,0.017406,60.000000,0.000519,0.000524,1.691098,1.612759,139.000000,0.622854,0.133616,0.489238,101.000000,0.381431,168.000000,0.378366,67.000000,0.006353,0.008431,37.095428,28.009567
1505059CATANSSP,0,2021,1,Fungicide,True,94.000000,0.373342,0.067235,0.306107,73.000000,0.224241,117.000000,0.215751,44.000000,0.007100,0.006852,14.120533,11.094948,93.000000,0.540449,0.282320,0.258129,72.000000,0.414678,114.000000,0.414416,42.000000,0.005989,0.006002,21.129887,8.990122,92.000000,0.283771,0.006963,0.276808,71.000000,0.149998,112.000000,0.150327,41.000000,0.006370,0.006672,9.754609,9.462166,94.000000,0.028740,0.007356,0.021384,69.000000,0.017989,115.000000,0.017973,46.000000,0.000430,0.000513,1.161178,0.815469,100.000000,0.634895,0.317744,0.317151,73.000000,0.480930,132.000000,0.475940,59.000000,0.005702,0.004967,34.211761,15.147097
1505059CATASSP,0,2021,0,No,True,94.000000,0.373362,0.052216,0.321146,72.000000,0.212414,117.000000,0.215811,45.000000,0.007316,0.006850,14.323935,11.922003,93.000000,0.541229,0.272454,0.268775,71.000000,0.404175,115.000000,0.405682,44.000000,0.006230,0.006161,21.950218,9.689809,92.000000,0.283750,-0.008634,0.292384,70.000000,0.138828,113.000000,0.140475,43.000000,0.006587,0.006823,10.020575,10.400479,95.000000,0.028584,0.009003,0.019580,71.000000,0.019060,114.000000,0.018800,43.000000,0.000397,0.000515,1.098409,0.702261,100.000000,0.634788,0.316660,0.318128,74.000000,0.479257,132.000000,0.476105,58.000000,0.005982,0.004959,33.617760,14.934818
1505059CATNFP,0,2020,1,Mixed,True,285.000000,0.430470,0.073653,0.356817,264.000000,0.256545,305.000000,0.264999,41.000000,0.008282,0.008274,15.321053,12.227621,285.000000,0.579915,0.242276,0.337639,265.000000,0.410313,305.000000,0.450615,40.000000,0.008480,0.006465,21.411137,11.477822,283.000000,0.364671,0.006342,0.358329,262.000000,0.181647,303.000000,0.180666,41.000000,0.008715,0.009200,12.307539,12.041182,283.000000,0.037381,0.003063,0.034319,262.000000,0.020396,303.000000,0.020466,41.000000,0.000809,0.000846,1.293902,1.165267,292.000000,0.692009,0.304632,0.387377,262.000000,0.502795,305.000000,0.640094,43.000000,0.006307,0.003993,28.291088,14.887295
1505059CATNFP,1,2021,0,No,True,306.000000,0.401886,0.058017,0.343870,280.000000,0.230596,328.000000,0.232243,48.000000,0.006588,0.007711,16.503212,13.660383,303.000000,0.527176,0.172584,0.354592,277.000000,0.352136,327.000000,0.353699,50.000000,0.006732,0.007228,23.512794,14.711012,303.000000,0.317136,-0.000695,0.317831,279.000000,0.162352,326.000000,0.159774,47.000000,0.006449,0.006842,12.398142,12.431498,301.000000,0.035935,0.006508,0.029427,276.000000,0.021479,325.000000,0.021402,49.000000,0.000578,0.000606,1.515869,1.190455,313.000000,0.709708,0.351562,0.358146,271.000000,0.526883,343.000000,0.526566,72.000000,0.004353,0.006105,47.666153,22.002148
1505059CATTANI,0,2020,0,No,True,285.000000,0.430391,0.079111,0.351279,264.000000,0.256843,305.000000,0.259539,41.000000,0.008264,0.008543,15.281153,11.958487,285.000000,0.580663,0.232809,0.347854,265.000000,0.410709,309.000000,0.409328,44.000000,0.008498,0.007139,23.083506,12.607092,283.000000,0.364545,0.005786,0.358759,262.000000,0.181757,302.000000,0.191582,40.000000,0.008704,0.009103,12.110731,11.873488,283.000000,0.037397,0.002783,0.034614,262.000000,0.020410,303.000000,0.020231,41.000000,0.000809,0.000858,1.292769,1.175883,290.000000,0.685609,0.315521,0.370088,262.000000,0.503975,316.000000,0.499530,54.000000,0.006487,0.007157,34.124901,16.771267
1505059CHARLSP,0,2020,1,Herbicide,True,110.000000,0.576954,0.080830,0.496124,85.000000,0.324366,131.000000,0.332334,46.000000,0.010104,0.011649,22.619646,18.820652,108.000000,0.675612,0.241128,0.434484,83.000000,0.461858,131.000000,0.456732,48.000000,0.008550,0.009517,29.045479,17.230198,108.000000,0.460312,0.003554,0.456758,83.000000,0.235642,129.000000,0.229864,46.000000,0.008987,0.010974,17.539452,17.372429,109.000000,0.037778,0.004488,0.033289,76.000000,0.020970,131.000000,0.021129,55.000000,0.000509,0.000757,1.754655,1.503303,116.000000,0.445254,0.130786,0.314469,92.000000,0.285285,136.000000,0.286485,44.000000,0.006665,0.007938,17.238600,11.353235
1505059COULTRSP,0,2021,1,Herbicide,True,111.000000,0.655680,0.048917,0.606763,89.000000,0.353676,132.000000,0.360710,43.000000,0.013727,0.014046,23.707609,21.555250,111.000000,0.721990,0.194658,0.527331,88.000000,0.462981,135.000000,0.461927,47.000000,0.011261,0.010836,29.747118,20.403522,109.000000,0.500528,-0.003761,0.504289,88.000000,0.250611,129.000000,0.253193,41.000000,0.011901,0.012367,16.993408,17.151377,111.000000,0.034232,0.004457,0.029775,88.000000,0.019720,134.000000,0.019616,46.000000,0.000631,0.000635,1.346559,1.137077,121.000000,0.715899,0.306665,0.409234,88.000000,0.510038,149.000000,0.508875,61.000000,0.006238,0.007394,39.550896,20.537638
1505059COULTSP,0,2020,1,Herbicide,True,123.000000,0.648088,0.030348,0.617740,98.000000,0.332602,145.000000,0.337051,47.000000,0.012619,0.014138,25.140009,23.683302,122.000000,0.699665,0.216659,0.483006,96.000000,0.453194,145.000000,0.463282,49.000000,0.009480,0.010278,30.283943,19.451008,120.000000,0.497930,-0.033747,0.531677,96.000000,0.236465,142.000000,0.237233,46.000000,0.010894,0.011850,18.691200,20.277306,120.000000,0.044841,0.008229,0.036612,91.000000,0.026259,144.000000,0.026728,53.000000,0.000641,0.000755,2.045194,1.600821,134.000000,0.750453,0.324256,0.426197,95.000000,0.536137,159.000000,0.537311,64.000000,0.005495,0.008526,43.193226,22.116566
1505059DELISSP,0,2021,1,Herbicide,True,108.000000,0.790885,-0.015512,0.806396,80.000000,0.379118,133.000000,0.393641,53.000000,0.014706,0.015890,34.489876,35.327499,106.000000,0.810334,0.154837,0.655497,79.000000,0.481573,134.000000,0.478828,55.000000,0.012176,0.011839,38.396515,29.725662,104.000000,0.608002,-0.055448,0.663449,78.000000,0.267957,130.000000,0.267389,52.000000,0.013079,0.013100,25.403252,28.341972,116.000000,0.034597,0.000525,0.034072,79.000000,0.017662,140.000000,0.017996,61.000000,0.000458,0.000692,1.750743,1.718208,116.000000,0.697254,0.152484,0.544770,86.000000,0.420495,140.000000,0.428238,54.000000,0.009225,0.011209,32.682610,24.295992
1505059ENGLE,0,2020,0,No,True,302.000000,0.465912,0.024592,0.441320,279.000000,0.244253,326.000000,0.239260,47.000000,0.009637,0.009444,18.116840,16.936436,304.000000,0.593033,0.047116,0.545917,276.000000,0.318097,336.000000,0.322652,60.000000,0.009819,0.008449,29.220390,26.346312,301.000000,0.376086,-0.021373,0.397459,278.000000,0.172887,323.000000,0.180934,45.000000,0.008835,0.008871,13.768965,14.752122,298.000000,0.035487,0.003398,0.032088,271.000000,0.019733,326.000000,0.019304,55.000000,0.000583,0.000578,1.656396,1.466083,317.000000,0.458414,0.126739,0.331675,84.000000,0.292839,343.000000,0.289436,259.000000,0.000711,0.006499,85.710106,52.757961
1505059ENGLEFP,0,2020,1,Mixed,True,307.000000,0.517107,0.062107,0.455000,283.000000,0.291223,0.000000,,-283.000000,0.009412,,0.000000,0.000000,308.000000,0.634215,0.171509,0.462705,283.000000,0.400697,0.000000,,-283.000000,0.009341,,0.000000,0.000000,307.000000,0.416643,-0.010455,0.427098,281.000000,0.201902,0.000000,,-281.000000,0.008259,,0.000000,0.000000,302.000000,0.035465,0.003590,0.031875,271.000000,0.019434,305.000000,0.035375,34.000000,0.000517,0.000030,1.063409,0.937776,321.000000,0.512712,0.147031,0.365682,289.000000,0.329784,0.000000,,-289.000000,0.005717,,0.000000,0.000000
1505059ENGLEFP,1,2021,0,No,True,292.000000,0.608470,0.061948,0.546522,268.000000,0.326332,314.000000,0.340945,46.000000,0.011756,0.012160,23.708624,20.797066,292.000000,0.678904,0.173169,0.505735,268.000000,0.431479,316.000000,0.421217,48.000000,0.010309,0.010737,28.547802,20.062531,290.000000,0.489174,-0.006243,0.495417,267.000000,0.241159,313.000000,0.245426,46.000000,0.010783,0.010598,18.652300,18.945704,296.000000,0.044157,0.002732,0.041425,267.000000,0.023889,321.000000,0.022901,54.000000,0.000699,0.000850,2.005410,1.855129,309.000000,0.797759,0.392392,0.405367,277.000000,0.593951,330.000000,0.592312,53.000000,0.006369,0.009783,38.545795,17.356606
1505059F50SP,0,2020,1,Herbicide,True,118.000000,0.666513,0.032337,0.634176,94.000000,0.345148,140.000000,0.355765,46.000000,0.013390,0.014125,25.550014,24.030190,117.000000,0.677514,0.183475,0.494039,92.000000,0.434424,142.000000,0.432233,50.000000,0.009724,0.009811,29.727806,20.370583,115.000000,0.464631,-0.023869,0.488501,92.000000,0.222726,137.000000,0.224271,45.000000,0.010518,0.010925,17.122158,18.220152,118.000000,0.038989,0.005353,0.033636,89.000000,0.021832,140.000000,0.022239,51.000000,0.000592,0.000761,1.690528,1.412177,126.000000,0.580026,0.110672,0.469354,100.000000,0.340232,147.000000,0.349215,47.000000,0.009223,0.010991,23.478462,18.166204
1505059F50SP,1,2021,1,Fungicide,True,101.000000,0.591214,0.046436,0.544778,77.000000,0.312721,124.000000,0.323083,47.000000,0.011604,0.011658,23.283905,21.054996,100.000000,0.683030,0.204413,0.478617,76.000000,0.440778,125.000000,0.446516,49.000000,0.010094,0.009461,29.486898,19.266247,99.000000,0.447320,-0.012626,0.459946,76.000000,0.215092,121.000000,0.211632,45.000000,0.010097,0.010713,16.417038,16.997829,102.000000,0.037693,0.005115,0.032579,76.000000,0.021090,125.000000,0.021074,49.000000,0.000639,0.000723,1.562082,1.306344,106.000000,0.430788,0.157417,0.273371,85.000000,0.294954,129.000000,0.292268,44.000000,0.006468,0.006023,17.021309,9.937523
1505059FUG10SP,0,2020,1,Herbicide,True,134.000000,0.758035,0.042513,0.715522,110.000000,0.393421,158.000000,0.409439,48.000000,0.015192,0.014525,30.536684,28.453535,133.000000,0.740988,0.224836,0.516151,109.000000,0.474111,160.000000,0.480241,51.000000,0.011120,0.009657,33.335396,21.643900,132.000000,0.531743,-0.024142,0.555885,108.000000,0.249667,156.000000,0.245013,48.000000,0.011753,0.011947,20.799959,21.982925,137.000000,0.041783,0.001584,0.040200,104.000000,0.021829,162.000000,0.021034,58.000000,0.000605,0.000830,2.008672,1.915228,140.000000,0.687680,0.223452,0.464228,117.000000,0.450759,162.000000,0.456297,45.000000,0.010301,0.010517,27.559601,17.280788
1505059FUG11SP,0,2020,1,Herbicide,True,127.000000,0.654150,0.071163,0.582987,106.000000,0.354778,147.000000,0.366652,41.000000,0.014256,0.014375,22.662064,19.673208,126.000000,0.693700,0.226430,0.467270,105.000000,0.453487,149.000000,0.453005,44.000000,0.011439,0.010465,26.976711,16.787373,125.000000,0.470264,-0.000988,0.471252,105.000000,0.234792,145.000000,0.229045,40.000000,0.011774,0.012061,15.486686,15.527195,133.000000,0.041924,0.002603,0.039320,105.000000,0.022585,155.000000,0.022588,50.000000,0.000691,0.000879,1.755658,1.622890,139.000000,0.614352,0.225489,0.388863,118.000000,0.423009,158.000000,0.413481,40.000000,0.009112,0.010572,21.995987,12.750933
1505059FUG12FP,0,2021,0,No,True,301.000000,0.719646,0.047164,0.672482,276.000000,0.389894,326.000000,0.379501,50.000000,0.013190,0.013606,30.287413,27.882034,301.000000,0.755026,0.199936,0.555090,276.000000,0.485370,327.000000,0.482453,51.000000,0.010786,0.010484,34.040752,23.644062,300.000000,0.557168,-0.009428,0.566596,274.000000,0.275499,324.000000,0.273246,50.000000,0.010833,0.011830,23.034025,23.514866,305.000000,0.037383,0.009532,0.027851,277.000000,0.023538,330.000000,0.023076,53.000000,0.000494,0.000572,1.740187,1.225456,316.000000,0.623475,0.187374,0.436101,285.000000,0.400530,339.000000,0.399880,54.000000,0.007192,0.009722,29.522141,19.216570
1505059FUG13FP,0,2021,0,No,True,304.000000,0.613952,0.047341,0.566611,276.000000,0.330674,325.000000,0.339656,49.000000,0.010117,0.013062,25.336222,22.969156,300.000000,0.696424,0.201167,0.495257,276.000000,0.454267,323.000000,0.452661,47.000000,0.010090,0.010598,29.093599,19.437601,301.000000,0.523392,-0.009775,0.533167,274.000000,0.250608,323.000000,0.264255,49.000000,0.010103,0.011779,21.180016,21.668770,304.000000,0.041040,0.007551,0.033489,277.000000,0.024667,328.000000,0.023997,51.000000,0.000606,0.000710,1.803317,1.410648,316.000000,0.605617,0.180500,0.425117,287.000000,0.394264,337.000000,0.396384,50.000000,0.007288,0.009963,26.699024,17.493528
1505059FUG13SP,0,2020,1,Herbicide,True,126.000000,0.655152,0.065827,0.589325,105.000000,0.353681,146.000000,0.367295,41.000000,0.014356,0.014393,22.693378,19.928661,126.000000,0.675900,0.201785,0.474115,105.000000,0.445065,149.000000,0.440597,44.000000,0.010992,0.010231,26.292223,17.211918,124.000000,0.460763,-0.009695,0.470457,104.000000,0.232856,144.000000,0.223025,40.000000,0.011395,0.011887,15.194284,15.591761,129.000000,0.045575,0.005588,0.039986,105.000000,0.025446,150.000000,0.025442,45.000000,0.000839,0.000959,1.751001,1.493935,136.000000,0.669334,0.162283,0.507052,113.000000,0.409542,156.000000,0.422714,43.000000,0.011295,0.012331,25.182964,18.042534
1505059FUG14PS,0,2021,0,No,True,112.000000,0.660159,0.070257,0.589901,88.000000,0.363570,133.000000,0.364007,45.000000,0.012358,0.014102,25.102596,21.870758,111.000000,0.762570,0.225892,0.536679,86.000000,0.494261,134.000000,0.494371,48.000000,0.010732,0.011661,32.352325,21.283628,110.000000,0.528970,-0.002319,0.531289,86.000000,0.263852,131.000000,0.261732,45.000000,0.011047,0.012726,19.643179,19.749859,110.000000,0.034403,0.005185,0.029217,78.000000,0.019546,133.000000,0.020122,55.000000,0.000464,0.000621,1.605441,1.315066,121.000000,0.684376,0.327938,0.356438,85.000000,0.507195,142.000000,0.509236,57.000000,0.004922,0.008340,35.626423,16.606007
1505059FUG14SP,0,2020,1,Herbicide,True,127.000000,0.573029,0.062424,0.510605,107.000000,0.309667,147.000000,0.315035,40.000000,0.013168,0.012900,19.252926,16.693542,127.000000,0.628025,0.185416,0.442609,106.000000,0.402810,149.000000,0.404694,43.000000,0.010725,0.010151,23.692575,15.534292,126.000000,0.405688,-0.001882,0.407570,107.000000,0.208584,144.000000,0.207930,37.000000,0.010374,0.010987,12.486547,12.558057,127.000000,0.042512,0.003932,0.038580,103.000000,0.023154,148.000000,0.023110,45.000000,0.000807,0.000924,1.607719,1.426830,133.000000,0.708745,0.258582,0.450163,110.000000,0.487835,165.000000,0.481231,55.000000,0.009605,0.007110,34.556896,20.076309
1505059FUG14SP,1,2021,1,Herbicide,True,112.000000,0.660112,0.066538,0.593574,88.000000,0.363624,133.000000,0.364005,45.000000,0.012354,0.014100,25.101185,22.040443,111.000000,0.762577,0.210971,0.551606,85.000000,0.479826,134.000000,0.494307,49.000000,0.010875,0.011664,32.849533,22.300999,110.000000,0.529000,-0.003682,0.532682,86.000000,0.263958,131.000000,0.261727,45.000000,0.011043,0.012727,19.645350,19.814726,110.000000,0.034422,0.005513,0.028909,79.000000,0.020075,133.000000,0.020120,54.000000,0.000463,0.000622,1.587053,1.283832,121.000000,0.684434,0.324334,0.360100,85.000000,0.507389,142.000000,0.509212,57.000000,0.004918,0.008344,35.639496,16.828129
1505059FUG1FP,0,2021,0,No,True,297.000000,0.495241,0.062225,0.433016,271.000000,0.279578,319.000000,0.273402,48.000000,0.008295,0.010084,20.432949,17.383905,297.000000,0.587942,0.203780,0.384162,271.000000,0.393248,318.000000,0.399394,47.000000,0.007488,0.008978,24.999220,15.217782,294.000000,0.411818,-0.000574,0.412392,269.000000,0.200133,317.000000,0.204117,48.000000,0.008467,0.009030,16.487364,16.515482,296.000000,0.047004,0.005436,0.041568,270.000000,0.025666,319.000000,0.026657,49.000000,0.000821,0.000885,1.958335,1.686555,307.000000,0.549099,0.201609,0.347490,285.000000,0.380524,330.000000,0.376131,45.000000,0.007663,0.007520,22.142000,12.867968
1505059FUG2FP,0,2020,1,Mixed,True,278.000000,0.593092,0.070883,0.522209,256.000000,0.337953,304.000000,0.332578,48.000000,0.011597,0.010020,24.182537,20.709270,280.000000,0.632100,0.193218,0.438882,255.000000,0.406592,305.000000,0.489384,50.000000,0.009020,0.005709,28.818724,18.964624,275.000000,0.454518,-0.000371,0.454889,254.000000,0.229925,300.000000,0.230887,46.000000,0.010695,0.008945,17.358591,17.376047,279.000000,0.043040,0.003420,0.039620,254.000000,0.023291,305.000000,0.024279,51.000000,0.000790,0.000722,1.848085,1.670254,297.000000,0.720600,0.287996,0.432604,244.000000,0.501456,305.000000,0.699593,61.000000,0.004135,0.002626,40.614685,22.758934
1505059FUG2FP,1,2021,0,No,True,277.000000,0.572865,0.060794,0.512071,256.000000,0.310632,297.000000,0.324661,41.000000,0.012487,0.012410,19.845411,17.292057,282.000000,0.647520,0.204423,0.443098,258.000000,0.423862,305.000000,0.430403,47.000000,0.009319,0.009440,26.945919,17.133636,280.000000,0.448288,0.000294,0.447994,257.000000,0.225943,301.000000,0.221654,44.000000,0.009667,0.010792,16.298908,16.285694,288.000000,0.046589,0.005450,0.041139,257.000000,0.025599,310.000000,0.025534,53.000000,0.000677,0.000957,2.091208,1.796891,288.000000,0.562765,0.200860,0.361906,267.000000,0.383714,309.000000,0.382027,42.000000,0.008526,0.008607,21.272148,12.635189
1505059FUG3FP,0,2021,0,No,True,280.000000,0.525352,0.064019,0.461334,259.000000,0.288302,300.000000,0.294923,41.000000,0.011288,0.011521,18.214912,15.526131,281.000000,0.590622,0.200339,0.390283,259.000000,0.391699,304.000000,0.390122,45.000000,0.009042,0.008717,23.484505,14.268911,279.000000,0.393242,0.000589,0.392652,258.000000,0.202613,299.000000,0.194962,41.000000,0.009078,0.009914,13.331827,13.307077,283.000000,0.040651,0.003183,0.037468,255.000000,0.022012,307.000000,0.021289,52.000000,0.000666,0.000807,1.768043,1.599339,287.000000,0.760904,0.261554,0.499349,252.000000,0.513432,316.000000,0.506611,64.000000,0.007071,0.008769,43.491989,26.490965
1505059FUG6SP,0,2020,1,Herbicide,True,131.000000,0.812665,0.053982,0.758683,107.000000,0.431048,156.000000,0.438541,49.000000,0.015901,0.014965,33.480156,30.781042,132.000000,0.794419,0.226760,0.567659,106.000000,0.506662,159.000000,0.505795,53.000000,0.011068,0.010690,36.950188,24.705166,130.000000,0.603111,-0.025029,0.628139,105.000000,0.286002,154.000000,0.292005,49.000000,0.012684,0.012963,24.231520,25.482948,135.000000,0.044348,0.005706,0.038641,105.000000,0.024555,159.000000,0.024891,54.000000,0.000660,0.000811,2.047638,1.733786,146.000000,0.683260,0.178530,0.504729,117.000000,0.426664,170.000000,0.435808,53.000000,0.008848,0.010310,31.582890,21.942247
1505059FUG7SP,0,2020,1,Herbicide,True,132.000000,0.778546,0.045274,0.733272,107.000000,0.415445,156.000000,0.415660,49.000000,0.014524,0.015120,32.085724,29.822014,131.000000,0.778184,0.213321,0.564863,106.000000,0.496493,157.000000,0.499444,51.000000,0.011268,0.010721,34.956329,23.863615,130.000000,0.583112,-0.027486,0.610598,105.000000,0.275758,154.000000,0.277224,49.000000,0.012294,0.012745,23.386835,24.761145,134.000000,0.044400,0.005468,0.038932,106.000000,0.024685,158.000000,0.024864,52.000000,0.000704,0.000814,1.972590,1.682799,144.000000,0.654485,0.167076,0.487409,117.000000,0.414754,167.000000,0.415329,50.000000,0.008879,0.010398,28.664528,20.143663
1505059FUG8SP,0,2020,1,Herbicide,True,316.000000,0.738677,0.066638,0.672039,260.000000,0.399608,0.000000,,-260.000000,0.006055,,0.000000,0.000000,321.000000,0.757775,0.217595,0.540180,260.000000,0.486315,0.000000,,-260.000000,0.004450,,0.000000,0.000000,315.000000,0.558940,0.005110,0.553831,258.000000,0.280521,0.000000,,-258.000000,0.004885,,0.000000,0.000000,123.000000,0.041200,0.005254,0.035946,102.000000,0.023427,144.000000,0.022743,42.000000,0.000846,0.000879,1.473899,1.247983,340.000000,0.763256,0.229173,0.534083,123.000000,0.498697,0.000000,,-123.000000,0.001219,,0.000000,0.000000
1505059FUG8SP,1,2021,0,No,True,112.000000,0.643249,0.063529,0.579720,89.000000,0.345579,135.000000,0.346090,46.000000,0.012942,0.012920,24.867538,21.881680,111.000000,0.718781,0.213394,0.505388,87.000000,0.468154,137.000000,0.460275,50.000000,0.010443,0.009943,31.698074,20.814999,111.000000,0.495813,-0.004657,0.500470,87.000000,0.243237,133.000000,0.241414,46.000000,0.010524,0.011564,18.804924,19.023804,114.000000,0.035182,0.004819,0.030362,77.000000,0.019965,139.000000,0.019913,62.000000,0.000411,0.000611,1.840268,1.536651,260.000000,0.722184,0.017829,0.704355,161.000000,0.368842,289.000000,0.365186,128.000000,0.003569,0.012310,80.733055,78.433113
1505059FUG9SP,0,2020,1,Herbicide,True,124.000000,0.694028,0.073173,0.620855,104.000000,0.384656,144.000000,0.383690,40.000000,0.015469,0.015517,23.497953,20.497871,124.000000,0.708395,0.243457,0.464938,104.000000,0.483702,145.000000,0.480215,41.000000,0.011235,0.010866,26.046513,15.821326,123.000000,0.496339,0.000813,0.495526,103.000000,0.252586,142.000000,0.249713,39.000000,0.012188,0.012980,16.059624,16.027113,125.000000,0.043072,0.003103,0.039969,102.000000,0.022635,146.000000,0.023020,44.000000,0.000889,0.000955,1.590062,1.450409,132.000000,0.638691,0.205181,0.433510,111.000000,0.415203,153.000000,0.415650,42.000000,0.010642,0.010621,23.792961,14.970193
1505059FUGIT3FP,1,2020,1,Mixed,False,296.000000,0.530458,0.056847,0.473611,277.000000,0.300677,316.000000,0.300825,39.000000,0.012094,0.011482,17.621330,15.347446,298.000000,0.609381,0.193913,0.415468,278.000000,0.406923,319.000000,0.399707,41.000000,0.010123,0.009984,22.188152,14.043813,295.000000,0.403785,0.001355,0.402430,276.000000,0.206040,314.000000,0.208230,38.000000,0.010408,0.010292,12.757542,12.704689,295.000000,0.043494,0.003550,0.039944,272.000000,0.023923,319.000000,0.023288,47.000000,0.000851,0.000842,1.720746,1.550350,307.000000,0.581147,0.148088,0.433059,126.000000,0.364199,329.000000,0.365943,203.000000,0.001199,0.009782,60.438339,30.228424
1505059FUGIT6SP,0,2021,1,Herbicide,True,121.000000,0.685934,0.060054,0.625881,100.000000,0.362528,142.000000,0.381218,42.000000,0.015400,0.014510,24.233730,21.651424,121.000000,0.718815,0.217625,0.501189,100.000000,0.474937,144.000000,0.464630,44.000000,0.011613,0.011052,27.986637,18.193506,120.000000,0.497624,-0.009685,0.507310,99.000000,0.243561,140.000000,0.235036,41.000000,0.012098,0.013129,16.715803,17.122585,123.000000,0.043608,0.004044,0.039564,100.000000,0.024343,144.000000,0.024336,44.000000,0.000838,0.000918,1.626856,1.444859,268.000000,0.575014,0.098693,0.476321,180.000000,0.337265,290.000000,0.337529,110.000000,0.002702,0.010795,49.106480,38.151577
1505059FUGIT8SP,0,2021,1,Herbicide,True,112.000000,0.643198,0.069096,0.574102,90.000000,0.364559,134.000000,0.364778,44.000000,0.012665,0.012655,24.173859,21.064547,111.000000,0.719031,0.213779,0.505252,87.000000,0.467303,137.000000,0.460284,50.000000,0.010489,0.009952,31.700825,20.798109,111.000000,0.495780,-0.004130,0.499910,87.000000,0.243270,133.000000,0.241413,46.000000,0.010521,0.011562,18.803865,18.997978,114.000000,0.035159,0.004123,0.031036,76.000000,0.019702,139.000000,0.019914,63.000000,0.000407,0.000610,1.860283,1.596417,260.000000,0.722184,0.027133,0.695051,105.000000,0.373277,289.000000,0.365186,184.000000,0.002251,0.012310,103.467712,98.448181
1505059FUGIT9SP,0,2021,1,Fungicide,True,109.000000,0.625149,0.068421,0.556728,88.000000,0.342776,129.000000,0.340748,41.000000,0.013446,0.014220,21.577503,18.703823,108.000000,0.705444,0.226475,0.478969,87.000000,0.471255,131.000000,0.466754,44.000000,0.011152,0.010378,27.522091,17.330708,107.000000,0.473517,-0.000150,0.473667,87.000000,0.243635,126.000000,0.233574,39.000000,0.011494,0.012629,15.293082,15.299074,105.000000,0.031203,0.003679,0.027523,57.000000,0.017492,130.000000,0.017501,73.000000,0.000286,0.000548,1.892230,1.619963,266.000000,0.541556,0.086183,0.455372,185.000000,0.315658,295.000000,0.309469,110.000000,0.002789,0.008003,51.877586,42.311253
1505059FUGT10SP,0,2021,1,Fungicide,True,140.000000,0.778571,0.068436,0.710136,112.000000,0.423238,166.000000,0.423270,54.000000,0.012690,0.013665,35.522896,31.758924,137.000000,0.782046,0.227904,0.554142,109.000000,0.502206,167.000000,0.509685,58.000000,0.009994,0.009079,40.188946,26.742598,136.000000,0.566193,-0.001743,0.567936,109.000000,0.277218,163.000000,0.283037,54.000000,0.010703,0.010487,25.348997,25.444889,145.000000,0.046862,0.003733,0.043129,107.000000,0.024976,172.000000,0.025783,65.000000,0.000576,0.000781,2.609377,2.362986,150.000000,0.645678,0.087000,0.558678,117.000000,0.366659,291.000000,0.365860,174.000000,0.008455,0.001985,86.886879,71.661865
1505059FUGT11SP,0,2021,1,Fungicide,True,107.000000,0.570328,0.076651,0.493677,86.000000,0.329762,128.000000,0.320970,42.000000,0.011456,0.011874,20.462339,17.166348,105.000000,0.692213,0.232863,0.459351,83.000000,0.460771,129.000000,0.461002,46.000000,0.010520,0.009634,28.293978,17.349430,104.000000,0.436630,0.003139,0.433491,83.000000,0.214820,125.000000,0.215824,42.000000,0.010562,0.010515,15.110692,14.975699,107.000000,0.033742,0.003462,0.030281,67.000000,0.018781,130.000000,0.018184,63.000000,0.000374,0.000676,1.742330,1.520771,179.000000,0.569581,0.131712,0.437869,146.000000,0.350444,292.000000,0.356627,146.000000,0.006641,0.001885,74.752037,55.390339
1505059FUGT12,0,2021,0,No,True,301.000000,0.719646,0.047164,0.672482,276.000000,0.389894,326.000000,0.379501,50.000000,0.013190,0.013606,30.287413,27.882034,301.000000,0.755026,0.199936,0.555090,276.000000,0.485370,327.000000,0.482453,51.000000,0.010786,0.010484,34.040752,23.644062,300.000000,0.557168,-0.009428,0.566596,274.000000,0.275499,324.000000,0.273246,50.000000,0.010833,0.011830,23.034025,23.514866,305.000000,0.037383,0.009532,0.027851,277.000000,0.023538,330.000000,0.023076,53.000000,0.000494,0.000572,1.740187,1.225456,316.000000,0.623475,0.187374,0.436101,285.000000,0.400530,339.000000,0.399880,54.000000,0.007192,0.009722,29.522141,19.216570
1505059IZNFP,0,2021,0,No,True,292.000000,0.613567,0.069119,0.544449,267.000000,0.344569,315.000000,0.341934,48.000000,0.010760,0.011810,25.097294,21.710480,291.000000,0.698796,0.244790,0.454006,266.000000,0.466430,315.000000,0.477692,49.000000,0.009295,0.009213,30.706772,18.467262,290.000000,0.497184,0.003873,0.493311,265.000000,0.246554,314.000000,0.247238,49.000000,0.010025,0.010414,20.180035,19.986383,298.000000,0.039182,0.004375,0.034807,262.000000,0.022068,322.000000,0.021188,60.000000,0.000475,0.000750,1.998227,1.731367,308.000000,0.815570,0.382126,0.433444,265.000000,0.603128,330.000000,0.597106,65.000000,0.004940,0.009930,48.230995,23.010675
1505059IZQSFP,0,2019,0,No,False,308.000000,0.774688,0.473779,0.300909,305.000000,0.774614,338.000000,0.624047,33.000000,0.000025,0.005021,24.812130,8.940531,316.000000,0.804841,0.598638,0.206203,305.000000,0.800950,339.000000,0.703078,34.000000,0.000354,0.004424,27.029440,6.376444,317.000000,0.625990,0.352083,0.273907,305.000000,0.615856,339.000000,0.489090,34.000000,0.000845,0.006223,20.609482,8.462618,305.000000,0.033769,0.026424,0.007345,0.000000,,324.000000,0.030061,324.000000,,0.000195,0.618111,0.102843,305.000000,0.787082,0.619192,0.167890,0.000000,,343.000000,0.706855,343.000000,,0.002111,29.536409,5.697508
1505059IZQSFP,1,2020,1,Mixed,False,295.000000,0.695828,0.071147,0.624681,273.000000,0.378595,317.000000,0.373715,44.000000,0.014420,0.014641,25.826801,22.625206,295.000000,0.725974,0.222599,0.503376,274.000000,0.472337,319.000000,0.479311,45.000000,0.012078,0.010278,28.989590,18.750044,294.000000,0.542331,0.003221,0.539110,273.000000,0.276311,315.000000,0.274746,42.000000,0.012668,0.012742,18.959810,18.821327,294.000000,0.044375,0.002063,0.042312,269.000000,0.023069,320.000000,0.023071,51.000000,0.000852,0.000819,1.897643,1.790371,309.000000,0.788427,0.272713,0.515714,274.000000,0.532115,330.000000,0.532709,56.000000,0.007323,0.012177,39.549454,24.004810
1505059JAMESP,0,2020,1,Herbicide,True,117.000000,0.506629,0.075895,0.430735,92.000000,0.292883,138.000000,0.294699,46.000000,0.008550,0.010092,19.907993,16.340942,115.000000,0.587732,0.196403,0.391329,87.000000,0.387225,140.000000,0.396417,53.000000,0.007161,0.007653,27.597057,16.991291,114.000000,0.368267,0.003123,0.365144,89.000000,0.190435,135.000000,0.184452,46.000000,0.007113,0.008753,14.068362,13.921566,114.000000,0.037335,0.002598,0.034737,57.000000,0.020035,139.000000,0.019962,82.000000,0.000304,0.000695,2.470349,2.254681,335.000000,0.585181,0.220187,0.364994,195.000000,0.402326,0.000000,,-195.000000,0.001306,,0.000000,0.000000
1505059JAMESP,1,2021,0,No,True,102.000000,0.480558,0.057101,0.423458,79.000000,0.272858,124.000000,0.266158,45.000000,0.009030,0.009745,18.366352,15.739717,102.000000,0.585805,0.192994,0.392811,78.000000,0.391994,124.000000,0.393380,46.000000,0.008075,0.008747,24.027246,14.956541,101.000000,0.348930,0.003448,0.345482,79.000000,0.176915,122.000000,0.171380,43.000000,0.007819,0.008455,12.403452,12.251751,104.000000,0.036600,0.004175,0.032424,60.000000,0.022248,128.000000,0.020279,68.000000,0.000326,0.000680,2.162090,1.873981,325.000000,0.444706,0.118934,0.325772,153.000000,0.283623,350.000000,0.285665,197.000000,0.000937,0.006362,75.391922,51.842934
1505059JENSEN,1,2021,1,Fungicide,True,100.000000,0.672613,0.051796,0.620817,78.000000,0.368883,122.000000,0.366632,44.000000,0.013806,0.013908,24.944696,22.613876,100.000000,0.728253,0.193055,0.535198,76.000000,0.457171,124.000000,0.463401,48.000000,0.011295,0.011036,30.545307,21.085604,99.000000,0.502599,-0.017562,0.520161,77.000000,0.250885,120.000000,0.233456,43.000000,0.011442,0.012816,17.696812,18.469551,99.000000,0.041987,0.002047,0.039940,71.000000,0.022378,124.000000,0.022017,53.000000,0.000700,0.000799,1.859514,1.748969,109.000000,0.771786,0.465797,0.305989,84.000000,0.614408,134.000000,0.619285,50.000000,0.006295,0.006100,36.308598,12.552963
1505059KIMSP,0,2020,1,Herbicide,True,113.000000,0.515143,0.061433,0.453709,88.000000,0.285675,137.000000,0.292420,49.000000,0.009179,0.009280,21.458763,18.387093,111.000000,0.594415,0.214394,0.380021,86.000000,0.400272,137.000000,0.399805,51.000000,0.007766,0.007485,27.058306,15.909806,109.000000,0.394007,-0.000682,0.394689,85.000000,0.195319,133.000000,0.199594,48.000000,0.008279,0.008101,15.639603,15.673032,116.000000,0.029178,0.002780,0.026398,86.000000,0.015939,140.000000,0.016180,54.000000,0.000441,0.000542,1.330209,1.177285,124.000000,0.432365,0.153022,0.279343,100.000000,0.293730,147.000000,0.293287,47.000000,0.005776,0.006047,18.198711,10.853649
1505059KIMSP,1,2021,1,Fungicide,True,85.000000,0.546169,0.055945,0.490224,63.000000,0.304724,106.000000,0.301368,43.000000,0.010975,0.011657,19.830246,17.368683,85.000000,0.648151,0.187340,0.460811,62.000000,0.416048,109.000000,0.421046,47.000000,0.010091,0.009463,26.750378,17.758062,83.000000,0.427848,-0.010787,0.438636,61.000000,0.202288,103.000000,0.204208,42.000000,0.010253,0.011182,14.620089,15.083948,85.000000,0.027057,0.002883,0.024174,63.000000,0.014891,105.000000,0.015114,42.000000,0.000553,0.000597,0.965075,0.841104,83.000000,0.476828,0.225689,0.251139,62.000000,0.348793,105.000000,0.350198,43.000000,0.006097,0.005756,18.910393,8.980080
1505059MRCH12SP,0,2020,1,Herbicide,True,106.000000,0.732307,0.073482,0.658825,82.000000,0.393331,127.000000,0.396851,45.000000,0.014124,0.015974,27.634684,24.254509,105.000000,0.756138,0.253940,0.502198,81.000000,0.499569,129.000000,0.505524,48.000000,0.010690,0.010442,32.230076,19.786999,103.000000,0.552711,0.000329,0.552383,80.000000,0.276931,124.000000,0.274591,44.000000,0.011990,0.013244,20.072426,20.057640,105.000000,0.035893,0.005287,0.030606,75.000000,0.020667,128.000000,0.021107,53.000000,0.000508,0.000643,1.645295,1.359788,115.000000,0.567625,0.137426,0.430198,89.000000,0.346947,135.000000,0.358362,46.000000,0.008488,0.010463,22.808514,16.349476
1505059NSABOSP,0,2020,1,Herbicide,True,102.000000,0.527091,0.076176,0.450915,83.000000,0.307938,122.000000,0.295721,39.000000,0.011534,0.011568,17.476542,14.429490,102.000000,0.617353,0.268009,0.349344,83.000000,0.438002,121.000000,0.448328,38.000000,0.009440,0.008896,21.393202,10.940865,100.000000,0.397590,0.007566,0.390023,81.000000,0.202834,119.000000,0.202826,38.000000,0.010250,0.010251,12.502343,12.207253,103.000000,0.032922,0.004379,0.028543,77.000000,0.019016,124.000000,0.018809,47.000000,0.000535,0.000672,1.324220,1.114017,109.000000,0.648198,0.292417,0.355781,82.000000,0.464848,134.000000,0.470986,52.000000,0.006791,0.007089,30.844057,15.345951
1505059PALA2FP,0,2021,0,No,True,278.000000,0.623986,0.066399,0.557586,256.000000,0.350624,300.000000,0.348314,44.000000,0.012426,0.012531,23.231041,20.243076,282.000000,0.704473,0.215164,0.489309,257.000000,0.459504,306.000000,0.457615,49.000000,0.009799,0.010286,30.516273,19.758091,280.000000,0.517867,0.000713,0.517155,256.000000,0.254791,302.000000,0.256713,46.000000,0.010962,0.011871,19.603783,19.570286,295.000000,0.045842,0.004563,0.041279,260.000000,0.025331,315.000000,0.025775,55.000000,0.000586,0.001003,2.090833,1.835287,299.000000,0.734976,0.132390,0.602585,271.000000,0.437247,322.000000,0.440246,51.000000,0.010633,0.012814,32.072811,25.188507
1505059PALA4FP,1,2021,0,No,True,281.000000,0.506208,0.080024,0.426184,259.000000,0.292789,302.000000,0.291346,43.000000,0.009701,0.010232,18.511600,14.990563,284.000000,0.625290,0.222021,0.403269,261.000000,0.427973,305.000000,0.424886,44.000000,0.008579,0.009543,24.581894,14.590958,282.000000,0.423721,0.008099,0.415622,259.000000,0.211023,302.000000,0.216222,43.000000,0.009248,0.010375,14.982312,14.625942,294.000000,0.038413,0.005431,0.032982,262.000000,0.021714,314.000000,0.021441,52.000000,0.000522,0.000849,1.674299,1.386457,299.000000,0.535616,0.123607,0.412009,273.000000,0.328962,323.000000,0.326038,50.000000,0.007948,0.008732,23.035051,16.731092
1505059PALLA4FP,0,2020,1,Mixed,True,88.000000,0.703904,0.110468,0.593436,23.000000,0.405053,122.000000,0.412906,99.000000,0.004598,0.008559,60.413437,49.366638,87.000000,0.842529,0.281121,0.561408,22.000000,0.561515,124.000000,0.560364,102.000000,0.004323,0.007626,77.765518,48.810020,85.000000,0.658305,0.024927,0.633378,23.000000,0.338800,121.000000,0.346143,98.000000,0.005153,0.008671,54.855476,52.387672,286.000000,0.027932,0.003584,0.024348,261.000000,0.015663,308.000000,0.015503,47.000000,0.000491,0.000565,1.104999,0.932987,107.000000,0.741370,0.235983,0.505387,37.000000,0.489107,328.000000,0.487962,291.000000,0.003604,0.001147,134.411255,65.504257
1505059PALLA5SP,0,2021,0,No,True,121.000000,0.726856,0.018168,0.708688,98.000000,0.381917,144.000000,0.383052,46.000000,0.014997,0.014948,27.929895,27.075993,121.000000,0.752135,0.152318,0.599817,97.000000,0.460644,148.000000,0.453984,51.000000,0.012145,0.011043,33.157631,25.237110,120.000000,0.543007,-0.041915,0.584922,97.000000,0.259028,142.000000,0.253111,45.000000,0.012347,0.013177,19.946150,21.874229,127.000000,0.042491,0.000482,0.042009,100.000000,0.021375,151.000000,0.021209,51.000000,0.000782,0.000887,1.788369,1.763312,134.000000,0.719277,0.146030,0.573247,104.000000,0.432296,289.000000,0.432394,185.000000,0.009566,0.001851,87.036667,59.875107
1505059PALLA6SP,0,2021,0,No,True,124.000000,0.760221,0.019597,0.740624,99.000000,0.384955,148.000000,0.400140,49.000000,0.015011,0.015003,30.999386,30.019545,124.000000,0.771379,0.152456,0.618923,98.000000,0.462046,152.000000,0.468034,54.000000,0.011897,0.010834,35.954109,27.569033,123.000000,0.570806,-0.038692,0.609497,98.000000,0.260832,146.000000,0.267722,48.000000,0.012399,0.013178,22.299900,24.195797,129.000000,0.042514,0.001031,0.041483,101.000000,0.022283,153.000000,0.021947,52.000000,0.000723,0.000857,1.846171,1.791537,134.000000,0.663543,0.101560,0.561983,104.000000,0.376352,296.000000,0.382443,192.000000,0.009573,0.001735,83.019783,63.418625
1505059PET1SP,0,2020,0,No,False,306.000000,0.711461,0.173781,0.537680,0.000000,,349.000000,0.438451,349.000000,,0.006349,27.370117,19.723747,313.000000,0.764417,0.328606,0.435812,306.000000,0.763313,348.000000,0.552455,42.000000,0.000158,0.006056,30.157763,16.192028,313.000000,0.581681,0.101108,0.480573,306.000000,0.580450,349.000000,0.345825,43.000000,0.000176,0.006552,22.668007,18.269802,329.000000,0.026063,0.011595,0.014468,306.000000,0.025829,355.000000,0.018529,49.000000,0.000010,0.000290,1.227090,0.653159,337.000000,1.032184,0.537471,0.494713,306.000000,0.796922,355.000000,0.790941,49.000000,0.007589,0.013402,46.484901,19.880096
1505059PET1SP,1,2021,1,Fungicide,False,111.000000,0.422258,0.071474,0.350784,86.000000,0.250057,138.000000,0.249117,52.000000,0.006888,0.006413,18.710083,14.921965,108.000000,0.597145,0.236949,0.360196,85.000000,0.413826,135.000000,0.418163,50.000000,0.007970,0.006629,26.763050,14.678658,108.000000,0.339753,-0.000379,0.340132,85.000000,0.169860,133.000000,0.171636,48.000000,0.007387,0.006725,13.340472,13.359030,112.000000,0.035335,0.004438,0.030896,83.000000,0.019802,141.000000,0.020155,58.000000,0.000536,0.000523,1.742216,1.480363,123.000000,0.701025,0.258166,0.442859,89.000000,0.478895,291.000000,0.479701,202.000000,0.006533,0.001317,107.938301,55.530640
1505059PET2SP,0,2020,1,Herbicide,True,134.000000,0.567339,0.083016,0.484323,110.000000,0.319075,159.000000,0.323066,49.000000,0.010344,0.009771,23.715210,19.564411,135.000000,0.680298,0.232794,0.447504,111.000000,0.454930,161.000000,0.461766,50.000000,0.009390,0.008405,30.366104,18.493591,134.000000,0.451579,0.000647,0.450932,110.000000,0.227100,157.000000,0.222848,47.000000,0.009353,0.009945,17.587791,17.556753,140.000000,0.040943,0.006236,0.034708,109.000000,0.023299,163.000000,0.022969,54.000000,0.000569,0.000781,1.888645,1.545688,149.000000,0.786158,0.272747,0.513411,111.000000,0.532074,183.000000,0.527132,72.000000,0.006686,0.007618,50.422718,30.512152
1505059PET3SP,0,2020,1,Herbicide,True,131.000000,0.639842,0.059793,0.580048,107.000000,0.357071,156.000000,0.344800,49.000000,0.011782,0.011802,26.526989,23.537325,132.000000,0.714442,0.196127,0.518316,106.000000,0.455142,159.000000,0.454617,53.000000,0.009973,0.009623,33.201859,22.611027,130.000000,0.500142,-0.018093,0.518235,106.000000,0.241990,154.000000,0.238529,48.000000,0.010756,0.010901,19.723066,20.609646,137.000000,0.040459,0.004447,0.036013,105.000000,0.022262,160.000000,0.022161,55.000000,0.000569,0.000796,1.894489,1.645469,148.000000,0.747457,0.277816,0.469641,106.000000,0.509150,178.000000,0.510282,72.000000,0.005674,0.007906,47.876282,27.595726
1505059PET5SP,0,2020,1,Herbicide,True,130.000000,0.727712,0.100540,0.627172,106.000000,0.410741,154.000000,0.407499,48.000000,0.013207,0.013342,29.768826,24.842381,130.000000,0.767955,0.273879,0.494076,106.000000,0.523428,155.000000,0.527380,49.000000,0.010189,0.009623,33.848339,20.154373,129.000000,0.575611,0.007845,0.567766,105.000000,0.295798,152.000000,0.297876,47.000000,0.011659,0.012075,22.629745,22.253199,138.000000,0.042349,0.006415,0.035934,105.000000,0.024597,160.000000,0.024740,55.000000,0.000538,0.000800,2.014880,1.655630,151.000000,0.754958,0.362341,0.392617,111.000000,0.560836,184.000000,0.560424,73.000000,0.004853,0.005895,48.917034,22.103777
1505059PET5SP,1,2021,1,Herbicide,True,115.000000,0.641147,0.082625,0.558522,90.000000,0.357988,139.000000,0.359626,49.000000,0.011326,0.011730,26.712669,22.581408,114.000000,0.730985,0.243770,0.487214,89.000000,0.487331,140.000000,0.483522,51.000000,0.009746,0.009518,33.214493,20.538429,113.000000,0.507876,-0.002073,0.509949,89.000000,0.254011,137.000000,0.251648,48.000000,0.010578,0.010676,20.186543,20.288141,123.000000,0.039457,0.003487,0.035970,90.000000,0.021772,147.000000,0.021918,57.000000,0.000536,0.000731,1.899502,1.697242,271.000000,0.740339,0.356379,0.383960,187.000000,0.549254,299.000000,0.547908,112.000000,0.002275,0.006873,71.413757,31.142944
1505059PETR3FP,0,2021,0,No,True,316.000000,0.304808,0.058934,0.245874,293.000000,0.182160,341.000000,0.181353,48.000000,0.005333,0.004938,12.598852,9.711079,315.000000,0.425464,0.196559,0.228905,291.000000,0.309622,343.000000,0.312598,52.000000,0.004827,0.004031,20.251846,9.834245,316.000000,0.235540,-0.002374,0.237914,294.000000,0.115126,338.000000,0.118015,44.000000,0.005473,0.005342,8.495844,8.602654,317.000000,0.029439,0.005929,0.023510,294.000000,0.017919,340.000000,0.017529,46.000000,0.000501,0.000518,1.171826,0.893159,332.000000,0.632751,0.330952,0.301799,303.000000,0.484201,353.000000,0.477762,50.000000,0.005122,0.007380,29.055828,12.177277
1505059PETSSP,1,2021,1,Fungicide,True,118.000000,0.710258,0.074266,0.635992,94.000000,0.395862,142.000000,0.386471,48.000000,0.013100,0.013491,28.809174,25.170162,117.000000,0.761862,0.220152,0.541709,92.000000,0.496440,144.000000,0.484474,52.000000,0.010617,0.010274,34.902550,23.234472,116.000000,0.541551,-0.004770,0.546321,92.000000,0.274167,139.000000,0.273405,47.000000,0.011141,0.011658,21.117172,21.346146,116.000000,0.043242,0.003526,0.039716,87.000000,0.023243,145.000000,0.023701,58.000000,0.000690,0.000674,2.133153,1.925103,123.000000,0.774659,0.340112,0.434547,89.000000,0.555960,165.000000,0.559562,76.000000,0.006432,0.005121,54.492210,28.303608
1505059RICHRDSP,0,2020,1,Herbicide,True,111.000000,0.616927,0.067127,0.549800,87.000000,0.345862,136.000000,0.337960,49.000000,0.011294,0.011159,25.590721,22.234385,109.000000,0.685564,0.261556,0.424008,87.000000,0.478694,134.000000,0.467351,47.000000,0.009403,0.008729,29.002132,16.447445,108.000000,0.465371,0.002108,0.463263,85.000000,0.234435,132.000000,0.235374,47.000000,0.010041,0.009583,18.090298,17.989111,111.000000,0.035380,0.004673,0.030707,76.000000,0.019740,140.000000,0.019554,64.000000,0.000447,0.000546,1.923698,1.619940,125.000000,0.677392,0.290449,0.386944,84.000000,0.484673,153.000000,0.479394,69.000000,0.004700,0.007071,42.344063,22.012657
1505059RICHRDSP,1,2021,1,Fungicide,True,113.000000,0.643747,0.052128,0.591620,91.000000,0.354675,135.000000,0.340010,44.000000,0.013140,0.013806,23.804306,21.458565,113.000000,0.732396,0.154222,0.578174,87.000000,0.439100,139.000000,0.440400,52.000000,0.011281,0.011231,32.642372,24.468628,112.000000,0.510158,-0.009590,0.519748,89.000000,0.242143,132.000000,0.253776,43.000000,0.011653,0.012819,17.991989,18.413927,115.000000,0.030456,0.004240,0.026216,83.000000,0.017124,138.000000,0.017521,55.000000,0.000417,0.000562,1.415451,1.177993,121.000000,0.773715,0.158620,0.615095,81.000000,0.463699,151.000000,0.460850,70.000000,0.007750,0.010429,45.796062,34.534027
1505059SACCOSP,0,2020,1,Herbicide,True,96.000000,0.665575,0.079861,0.585714,72.000000,0.363517,117.000000,0.381166,45.000000,0.012586,0.013543,25.378063,21.704453,96.000000,0.717111,0.263640,0.453471,72.000000,0.486784,120.000000,0.492101,48.000000,0.009597,0.009375,30.790819,17.872456,94.000000,0.520867,0.012990,0.507877,71.000000,0.261480,115.000000,0.264419,44.000000,0.011278,0.012212,18.973124,18.388571,91.000000,0.040077,0.004325,0.035753,67.000000,0.022591,118.000000,0.021810,51.000000,0.000729,0.000677,1.753479,1.528595,102.000000,0.733575,0.253830,0.479744,74.000000,0.490494,127.000000,0.487558,53.000000,0.008681,0.009841,34.990227,21.283386
1505059SACCOSP,1,2021,1,Herbicide,True,132.000000,0.654351,0.076046,0.578305,107.000000,0.367043,156.000000,0.372472,49.000000,0.011492,0.011745,27.324398,23.522123,132.000000,0.738347,0.249504,0.488843,107.000000,0.499598,158.000000,0.493204,51.000000,0.009550,0.009429,33.636784,20.662594,131.000000,0.539952,0.007572,0.532379,106.000000,0.271258,154.000000,0.275928,48.000000,0.010748,0.011479,21.537334,21.166290,137.000000,0.042617,0.002384,0.040233,106.000000,0.022389,164.000000,0.022588,58.000000,0.000653,0.000742,2.083538,1.942869,145.000000,0.765487,0.275363,0.490123,101.000000,0.516077,174.000000,0.514329,73.000000,0.005668,0.008661,50.362926,29.986034
1505059SANTFNSP,0,2020,1,Herbicide,True,94.000000,0.518811,0.065050,0.453762,69.000000,0.286788,115.000000,0.297947,46.000000,0.009281,0.010517,20.336369,17.279034,92.000000,0.592617,0.234468,0.358148,69.000000,0.418025,115.000000,0.416046,46.000000,0.007591,0.007677,24.770973,13.750964,92.000000,0.381636,-0.002329,0.383965,68.000000,0.187773,113.000000,0.191749,45.000000,0.008078,0.009042,14.226764,14.333898,93.000000,0.034929,0.003276,0.031654,67.000000,0.018772,117.000000,0.018549,50.000000,0.000621,0.000683,1.477140,1.310075,189.000000,0.500495,0.291256,0.209239,98.000000,0.395829,0.000000,,-98.000000,0.001150,,0.000000,0.000000
1505059SANTFNSP,1,2021,1,Herbicide,True,140.000000,0.467483,0.063177,0.404305,116.000000,0.264407,163.000000,0.267345,47.000000,0.008461,0.008702,18.707239,15.674724,140.000000,0.576144,0.198891,0.377253,116.000000,0.391933,166.000000,0.389719,50.000000,0.007675,0.007170,25.685709,15.542278,139.000000,0.343171,0.005447,0.337724,116.000000,0.176572,161.000000,0.170260,45.000000,0.007243,0.007860,12.795122,12.544538,138.000000,0.032241,0.002316,0.029925,109.000000,0.017016,166.000000,0.017643,57.000000,0.000525,0.000521,1.565567,1.431210,33.000000,0.583584,0.307507,0.276077,28.000000,0.513702,337.000000,0.445400,309.000000,0.013976,0.000455,109.341080,4.327560
1505059SANTFSSP,0,2020,1,Herbicide,True,91.000000,0.510835,0.068394,0.442441,68.000000,0.287639,115.000000,0.294324,47.000000,0.009704,0.009021,20.577303,17.294390,93.000000,0.623263,0.245338,0.377926,69.000000,0.434275,116.000000,0.432352,47.000000,0.007875,0.008300,26.492044,14.715839,92.000000,0.421621,0.000492,0.421129,69.000000,0.217752,113.000000,0.214718,44.000000,0.008864,0.009853,15.522745,15.500599,96.000000,0.035525,0.003342,0.032183,68.000000,0.019071,118.000000,0.019918,50.000000,0.000588,0.000709,1.514604,1.344158,189.000000,0.441350,0.239314,0.202036,178.000000,0.336085,0.000000,,-178.000000,0.009570,,0.000000,0.000000
1505059SANTFSSP,1,2021,1,Herbicide,True,135.000000,0.551075,0.057437,0.493638,109.000000,0.303651,159.000000,0.301710,50.000000,0.009516,0.010390,23.284382,20.355112,135.000000,0.639097,0.151639,0.487458,107.000000,0.393434,164.000000,0.399765,57.000000,0.008774,0.008253,31.495102,22.700031,134.000000,0.413168,0.001346,0.411821,110.000000,0.213088,156.000000,0.209607,46.000000,0.008337,0.009253,15.806173,15.742888,135.000000,0.035520,0.002472,0.033048,107.000000,0.018933,162.000000,0.018921,55.000000,0.000592,0.000615,1.655318,1.516895,144.000000,0.503764,0.140148,0.363616,118.000000,0.322093,166.000000,0.323898,48.000000,0.006987,0.008176,21.224831,14.357588
1505059SMITHSP,0,2020,0,No,True,111.000000,0.479142,0.074981,0.404161,88.000000,0.274671,132.000000,0.280552,44.000000,0.008890,0.009457,18.069696,14.695544,109.000000,0.554223,0.220012,0.334210,86.000000,0.389258,133.000000,0.383704,47.000000,0.007172,0.007105,23.543459,12.982876,108.000000,0.335670,-0.000818,0.336488,86.000000,0.168914,130.000000,0.162893,44.000000,0.007580,0.007854,12.198162,12.234964,112.000000,0.040498,0.003001,0.037498,86.000000,0.021956,134.000000,0.021118,48.000000,0.000713,0.000881,1.624975,1.477938,122.000000,0.766709,0.418438,0.348271,91.000000,0.589302,151.000000,0.592607,60.000000,0.005723,0.006003,42.579151,17.054438
1505059SVS120FP,0,2021,0,No,True,198.000000,0.690336,0.367165,0.323171,0.000000,,204.000000,0.536359,204.000000,,0.025663,3.948368,1.561796,198.000000,0.742676,0.414755,0.327921,0.000000,,206.000000,0.575217,206.000000,,0.020932,5.559575,2.034159,198.000000,0.524535,0.258718,0.265817,0.000000,,204.000000,0.394946,204.000000,,0.021598,2.956097,1.274429,291.000000,0.019723,0.004029,0.015694,268.000000,0.011975,310.000000,0.011695,42.000000,0.000337,0.000423,0.719101,0.545843,198.000000,0.712193,0.424945,0.287248,0.000000,,207.000000,0.571679,207.000000,,0.015613,6.065209,2.028228
1505059SVS80SP,0,2021,1,Fungicide,True,93.000000,0.567555,0.051409,0.516145,70.000000,0.312377,114.000000,0.313242,44.000000,0.011095,0.012110,21.125141,18.811722,92.000000,0.662173,0.201677,0.460496,69.000000,0.435666,115.000000,0.438325,46.000000,0.009848,0.009732,27.074545,17.595747,91.000000,0.450208,-0.011756,0.461964,67.000000,0.212068,112.000000,0.213866,45.000000,0.009922,0.011254,16.538942,17.079718,97.000000,0.030106,0.002107,0.027998,71.000000,0.016329,119.000000,0.015714,48.000000,0.000530,0.000654,1.206954,1.103688,103.000000,0.433276,0.173890,0.259387,81.000000,0.308334,131.000000,0.304047,50.000000,0.005679,0.004615,19.333679,10.465302
1505059TOMMYNSP,0,2020,1,Herbicide,True,121.000000,0.622824,0.069474,0.553350,98.000000,0.352280,143.000000,0.342866,45.000000,0.011763,0.012725,23.770983,20.575169,120.000000,0.667336,0.225676,0.441660,97.000000,0.444695,143.000000,0.447424,46.000000,0.009680,0.009561,27.402113,16.795355,118.000000,0.450933,-0.001856,0.452789,96.000000,0.229876,140.000000,0.224333,44.000000,0.010048,0.010300,16.478506,16.562023,119.000000,0.039696,0.003999,0.035697,93.000000,0.021435,141.000000,0.021702,48.000000,0.000702,0.000818,1.605462,1.409529,128.000000,0.721557,0.281500,0.440057,95.000000,0.501628,160.000000,0.500383,65.000000,0.006665,0.006912,41.742874,23.163881
1505059TOMMYSSP,0,2020,1,Herbicide,True,117.000000,0.596783,0.070739,0.526044,96.000000,0.336392,137.000000,0.339960,41.000000,0.012400,0.012841,20.806992,17.835949,116.000000,0.641275,0.212679,0.428595,94.000000,0.433704,138.000000,0.432159,44.000000,0.009435,0.009505,25.207191,15.636621,115.000000,0.419044,0.000213,0.418831,94.000000,0.214900,135.000000,0.204079,41.000000,0.009721,0.010748,14.186014,14.177052,116.000000,0.042609,0.004020,0.038589,87.000000,0.023269,138.000000,0.023381,51.000000,0.000667,0.000874,1.804917,1.595889,123.000000,0.717919,0.293871,0.424048,97.000000,0.508186,147.000000,0.507214,50.000000,0.008067,0.008779,32.454063,17.466658
1505059URFRIGSP,0,2020,1,Herbicide,True,111.000000,0.685075,0.079966,0.605109,88.000000,0.375908,132.000000,0.379840,44.000000,0.013442,0.014535,25.498650,21.900179,110.000000,0.730808,0.253552,0.477256,87.000000,0.489357,133.000000,0.493693,46.000000,0.010498,0.010309,30.010998,18.094074,109.000000,0.526483,0.009357,0.517126,86.000000,0.268216,129.000000,0.275207,43.000000,0.011229,0.012564,18.874659,18.462965,111.000000,0.034336,0.003503,0.030832,84.000000,0.019073,133.000000,0.018652,49.000000,0.000565,0.000713,1.417049,1.241879,120.000000,0.694107,0.276602,0.417505,85.000000,0.488414,153.000000,0.486357,68.000000,0.005877,0.006295,41.705025,22.619484
1505059URFRIGSP,1,2021,1,Fungicide,True,118.000000,0.793804,0.050917,0.742886,93.000000,0.429083,142.000000,0.427532,49.000000,0.014589,0.015261,32.803284,30.257416,117.000000,0.822741,0.234583,0.588158,91.000000,0.529532,144.000000,0.526961,53.000000,0.011277,0.010955,38.443939,25.776461,116.000000,0.622492,-0.013781,0.636273,91.000000,0.302538,140.000000,0.301176,49.000000,0.012798,0.013388,25.136837,25.825874,128.000000,0.036151,0.000457,0.035694,87.000000,0.018098,153.000000,0.018589,66.000000,0.000440,0.000702,1.971470,1.940837,136.000000,0.763284,0.275699,0.487585,89.000000,0.522825,160.000000,0.524315,71.000000,0.005116,0.009957,48.095329,28.245024
1505059WID12ASP,0,2020,1,Herbicide,True,104.000000,0.637741,0.077213,0.560528,81.000000,0.363601,127.000000,0.355348,46.000000,0.011919,0.012278,24.883381,21.254358,103.000000,0.623817,0.212684,0.411133,78.000000,0.422048,128.000000,0.421533,50.000000,0.008071,0.008091,27.848989,17.002106,102.000000,0.424241,0.006949,0.417292,78.000000,0.213296,124.000000,0.216200,46.000000,0.008789,0.009456,16.120705,15.794090,102.000000,0.048710,0.003069,0.045641,72.000000,0.025518,130.000000,0.025859,58.000000,0.000773,0.000816,2.384706,2.203606,114.000000,0.767199,0.279326,0.487873,76.000000,0.519820,144.000000,0.521822,68.000000,0.006510,0.008179,47.083458,27.809967
1505059WID12ASP,1,2021,1,Herbicide,True,129.000000,0.613504,0.079910,0.533593,105.000000,0.352025,151.000000,0.351571,46.000000,0.010895,0.011906,24.100931,20.345140,128.000000,0.633105,0.186801,0.446304,104.000000,0.415192,154.000000,0.406766,50.000000,0.009080,0.008705,27.895897,18.369040,126.000000,0.435096,0.002643,0.432454,103.000000,0.219272,149.000000,0.215044,46.000000,0.009384,0.009567,16.553185,16.428982,127.000000,0.039030,0.002587,0.036443,100.000000,0.021010,153.000000,0.021044,53.000000,0.000667,0.000692,1.723222,1.583518,128.000000,0.768017,0.299128,0.468889,99.000000,0.535888,162.000000,0.537301,63.000000,0.008004,0.006786,43.642654,24.498451
1505059WID1ASP,0,2020,1,Herbicide,True,104.000000,0.585388,0.085301,0.500087,82.000000,0.342366,127.000000,0.328838,45.000000,0.011046,0.011154,22.397718,18.473854,103.000000,0.606266,0.204460,0.401805,79.000000,0.399699,129.000000,0.402127,50.000000,0.008607,0.007851,26.814163,16.386686,101.000000,0.400070,0.009401,0.390670,79.000000,0.202800,123.000000,0.207407,44.000000,0.008967,0.008757,14.592419,14.169394,104.000000,0.046712,0.002923,0.043789,75.000000,0.025454,129.000000,0.025455,54.000000,0.000733,0.000850,2.145947,1.985195,118.000000,0.756243,0.283438,0.472805,80.000000,0.517259,148.000000,0.517377,68.000000,0.006289,0.007962,46.174725,26.617477
1505059WID1ASP,1,2021,1,Herbicide,True,130.000000,0.687602,0.079823,0.607779,106.000000,0.386862,153.000000,0.378532,47.000000,0.012531,0.013438,27.378447,23.546938,130.000000,0.704415,0.187762,0.516654,104.000000,0.442414,155.000000,0.447254,51.000000,0.010077,0.010286,31.463591,21.699972,128.000000,0.500464,-0.000470,0.500934,104.000000,0.252415,150.000000,0.257558,46.000000,0.010335,0.011041,19.165821,19.187901,127.000000,0.040637,0.001501,0.039136,103.000000,0.020887,152.000000,0.021220,49.000000,0.000823,0.000777,1.652260,1.577197,126.000000,0.749902,0.314643,0.435258,100.000000,0.526351,161.000000,0.532669,61.000000,0.008598,0.006207,41.530640,22.022762
1505124D15A,0,2020,0,No,True,220.000000,0.412407,0.058977,0.353430,0.000000,,236.000000,0.231284,236.000000,,0.011320,5.222713,4.220098,220.000000,0.513467,0.241621,0.271847,0.000000,,239.000000,0.378076,239.000000,,0.007126,8.650853,3.818439,220.000000,0.250110,0.010156,0.239954,0.000000,,232.000000,0.133025,232.000000,,0.009757,2.355613,2.223582,220.000000,0.045198,0.003003,0.042195,0.000000,,233.000000,0.023921,233.000000,,0.001637,0.460353,0.418311,220.000000,0.870247,0.218936,0.651312,0.000000,,232.000000,0.556186,232.000000,,0.026172,8.919792,6.073630
1505124D17A,0,2021,1,Mixed,True,320.000000,0.355931,0.095561,0.260370,292.000000,0.226008,350.000000,0.224056,58.000000,0.004640,0.004396,17.996117,12.358011,319.000000,0.520093,0.202089,0.318003,289.000000,0.358654,348.000000,0.361917,59.000000,0.005381,0.005454,27.586033,15.460673,320.000000,0.332829,0.029591,0.303238,292.000000,0.183238,348.000000,0.181252,56.000000,0.005343,0.005413,15.630736,13.944063,365.000000,0.040122,0.020654,0.019468,302.000000,0.030517,0.000000,,-302.000000,0.000152,,0.000000,0.000000,190.000000,0.578245,0.365923,0.212322,0.000000,,227.000000,0.469414,227.000000,,0.002941,18.758541,5.036442
1505124D17B,0,2021,1,Mixed,True,319.000000,0.410105,0.104568,0.305536,292.000000,0.260213,349.000000,0.258259,57.000000,0.005552,0.005062,20.393776,14.328818,317.000000,0.560839,0.224858,0.335981,289.000000,0.395543,347.000000,0.394441,58.000000,0.005903,0.005547,29.407875,16.141264,318.000000,0.369333,0.038103,0.331230,291.000000,0.204291,347.000000,0.205946,56.000000,0.006113,0.005634,17.428741,15.256868,190.000000,0.043769,0.022357,0.021412,0.000000,,335.000000,0.033087,335.000000,,0.000074,2.496104,-0.756824,190.000000,0.593592,0.369634,0.223958,0.000000,,226.000000,0.479669,226.000000,,0.003165,18.762829,5.271202
1505124ED23,0,2020,1,Mixed,True,329.000000,0.507856,0.085591,0.422265,294.000000,0.294959,0.000000,,-294.000000,0.006083,,0.000000,0.000000,331.000000,0.662454,0.244050,0.418404,293.000000,0.453445,0.000000,,-293.000000,0.005500,,0.000000,0.000000,316.000000,0.463343,0.022847,0.440496,290.000000,0.242894,0.000000,,-290.000000,0.008479,,0.000000,0.000000,327.000000,0.037010,0.007674,0.029336,290.000000,0.022133,0.000000,,-290.000000,0.000402,,0.000000,0.000000,220.000000,0.398685,0.175719,0.222966,0.000000,,247.000000,0.290522,247.000000,,0.004006,10.069362,4.973510
1505124ED23B,0,2021,1,Fungicide,True,132.000000,0.883152,0.042456,0.840696,102.000000,0.463673,167.000000,0.466576,65.000000,0.013983,0.011902,48.254143,45.452026,130.000000,0.847648,0.232177,0.615471,99.000000,0.544146,170.000000,0.537414,71.000000,0.009790,0.007756,53.316593,36.599815,130.000000,0.670797,-0.022771,0.693568,98.000000,0.317027,167.000000,0.321517,69.000000,0.011055,0.009440,38.155594,39.749546,153.000000,0.049087,0.009399,0.039688,102.000000,0.028681,181.000000,0.029283,79.000000,0.000400,0.000707,3.460387,2.708449,154.000000,0.788244,0.195149,0.593095,111.000000,0.485316,180.000000,0.489700,69.000000,0.007045,0.011482,47.800442,34.139980
1505124RICO16A,1,2020,1,Fungicide,False,141.000000,0.428565,0.079159,0.349407,106.000000,0.251368,328.000000,0.253058,222.000000,0.005063,0.000939,46.166115,28.513744,139.000000,0.595635,0.238972,0.356663,104.000000,0.418981,168.000000,0.420097,64.000000,0.005047,0.006053,34.443275,18.910112,138.000000,0.354538,0.003236,0.351303,103.000000,0.175496,343.000000,0.180187,240.000000,0.005115,0.000850,36.649227,35.869457,145.000000,0.045280,0.005688,0.039592,107.000000,0.025221,170.000000,0.025027,63.000000,0.000528,0.000810,2.378675,2.014631,341.000000,0.463632,0.240395,0.223237,278.000000,0.353696,364.000000,0.373612,86.000000,0.001745,0.003914,35.481853,14.567472
1505124S17,0,2020,1,Mixed,True,321.000000,0.512807,0.073591,0.439216,291.000000,0.290026,0.000000,,-291.000000,0.007426,,0.000000,0.000000,316.000000,0.666758,0.230647,0.436111,291.000000,0.442263,0.000000,,-291.000000,0.008980,,0.000000,0.000000,315.000000,0.466560,0.012782,0.453778,289.000000,0.237537,0.000000,,-289.000000,0.008809,,0.000000,0.000000,324.000000,0.032051,0.005231,0.026820,291.000000,0.018708,0.000000,,-291.000000,0.000404,,0.000000,0.000000,343.000000,0.668963,0.426394,0.242568,293.000000,0.546451,0.000000,,-293.000000,0.002450,,0.000000,0.000000
150553216H,1,2021,1,Herbicide,True,132.000000,0.843411,0.045973,0.797439,106.000000,0.455744,156.000000,0.443224,50.000000,0.014910,0.016674,35.567883,33.223278,131.000000,0.863261,0.182613,0.680648,103.000000,0.524740,157.000000,0.518259,54.000000,0.012090,0.013269,40.578026,30.534302,130.000000,0.658730,-0.006080,0.664810,104.000000,0.325252,155.000000,0.322181,51.000000,0.012826,0.013462,27.797649,28.113794,132.000000,0.043248,0.004734,0.038514,102.000000,0.023868,158.000000,0.024064,56.000000,0.000646,0.000738,2.059083,1.789241,140.000000,0.653439,0.156767,0.496672,115.000000,0.406518,163.000000,0.410504,48.000000,0.009877,0.010562,27.528341,19.846760
150553219D,0,2020,1,Herbicide,True,118.000000,0.804570,0.059578,0.744992,91.000000,0.442589,143.000000,0.439180,52.000000,0.013407,0.014616,35.556023,32.398373,118.000000,0.783150,0.191327,0.591822,89.000000,0.494912,145.000000,0.483861,56.000000,0.009939,0.011085,38.483948,27.578304,116.000000,0.589738,0.002693,0.587044,89.000000,0.297677,142.000000,0.290280,53.000000,0.010817,0.011518,25.945990,25.800552,123.000000,0.050721,0.005855,0.044865,76.000000,0.028140,147.000000,0.028195,71.000000,0.000480,0.000939,2.954234,2.532653,131.000000,0.815613,0.353469,0.462144,70.000000,0.589976,153.000000,0.584304,83.000000,0.003699,0.010514,59.704903,30.013548
150553220A,0,2020,1,Mixed,True,131.000000,0.706016,0.053967,0.652049,105.000000,0.375589,158.000000,0.370551,53.000000,0.012709,0.012425,31.374504,28.460272,131.000000,0.767438,0.201197,0.566241,103.000000,0.484773,160.000000,0.481885,57.000000,0.010095,0.009847,38.344364,26.674915,129.000000,0.547384,-0.000421,0.547805,103.000000,0.278857,156.000000,0.280562,53.000000,0.010328,0.009882,24.168627,24.191383,136.000000,0.047965,0.004520,0.043445,101.000000,0.026277,163.000000,0.026319,62.000000,0.000620,0.000802,2.528371,2.243611,145.000000,0.678672,0.169118,0.509554,119.000000,0.419926,168.000000,0.419351,49.000000,0.009952,0.011275,29.096004,20.640116
150553220F1,1,2021,1,Mixed,True,129.000000,0.669951,0.054836,0.615115,104.000000,0.362744,155.000000,0.362055,51.000000,0.012288,0.011842,28.843481,25.991993,129.000000,0.750354,0.192600,0.557754,103.000000,0.473828,157.000000,0.468384,54.000000,0.010636,0.010070,35.510048,24.917065,128.000000,0.530676,0.000407,0.530269,103.000000,0.264314,154.000000,0.263833,51.000000,0.010654,0.010263,22.365818,22.344631,136.000000,0.039790,0.002476,0.037314,104.000000,0.021225,161.000000,0.020587,57.000000,0.000580,0.000768,1.885875,1.742273,141.000000,0.674243,0.166567,0.507675,115.000000,0.419131,163.000000,0.420475,48.000000,0.009812,0.011535,28.329405,20.167601
150553220G1,1,2021,1,Mixed,True,136.000000,0.736144,0.051172,0.684972,110.000000,0.402885,162.000000,0.388173,52.000000,0.012818,0.013384,32.311710,29.599594,136.000000,0.800526,0.181528,0.618998,108.000000,0.482877,163.000000,0.495010,55.000000,0.011345,0.011315,38.350445,28.184870,135.000000,0.607937,-0.000052,0.607988,109.000000,0.302424,161.000000,0.299402,52.000000,0.011750,0.011867,26.156181,26.158915,139.000000,0.050634,0.003126,0.047508,108.000000,0.027278,166.000000,0.026976,58.000000,0.000753,0.000876,2.491192,2.306785,146.000000,0.717423,0.176097,0.541325,118.000000,0.442149,167.000000,0.451486,49.000000,0.009831,0.012664,30.673874,21.869011
150553221E2A,1,2021,1,Mixed,True,132.000000,0.770257,0.050146,0.720111,102.000000,0.407691,156.000000,0.420028,54.000000,0.012086,0.014593,35.143814,32.385773,129.000000,0.828188,0.187921,0.640267,100.000000,0.507162,156.000000,0.513183,56.000000,0.011070,0.011667,40.598293,29.886793,129.000000,0.631301,-0.001401,0.632702,101.000000,0.320486,155.000000,0.306247,54.000000,0.011101,0.012502,28.297655,28.374687,132.000000,0.049587,0.003454,0.046133,98.000000,0.026769,160.000000,0.026109,62.000000,0.000671,0.000839,2.621552,2.403927,141.000000,0.619307,0.179439,0.439867,112.000000,0.398865,163.000000,0.400092,51.000000,0.007601,0.009964,27.876997,18.546156
150553221F,0,2020,1,Herbicide,True,141.000000,0.599260,0.046408,0.552852,109.000000,0.318514,167.000000,0.316851,58.000000,0.008773,0.010862,29.206913,26.468842,140.000000,0.683853,0.195285,0.488568,109.000000,0.442254,167.000000,0.440581,58.000000,0.007793,0.009010,35.124722,23.602898,139.000000,0.472618,-0.002985,0.475603,107.000000,0.228941,165.000000,0.237540,58.000000,0.007615,0.009041,22.706949,22.883076,140.000000,0.049719,0.002685,0.047034,97.000000,0.026216,168.000000,0.026374,71.000000,0.000547,0.000834,2.968110,2.774770,151.000000,0.615779,0.141871,0.473908,121.000000,0.383573,175.000000,0.379427,54.000000,0.007740,0.009848,28.870609,21.067699
150553221G,1,2021,1,Mixed,True,128.000000,0.633162,0.048102,0.585060,102.000000,0.341731,152.000000,0.342438,50.000000,0.011209,0.012113,26.753750,24.300562,127.000000,0.725000,0.175544,0.549456,100.000000,0.448104,152.000000,0.452871,52.000000,0.010255,0.010885,32.984219,23.680380,126.000000,0.517508,-0.003263,0.520771,101.000000,0.259728,151.000000,0.250073,50.000000,0.010311,0.010697,21.370739,21.537155,127.000000,0.046998,0.003737,0.043260,97.000000,0.025319,152.000000,0.025280,55.000000,0.000723,0.000869,2.161946,1.952658,133.000000,0.594907,0.169696,0.425211,110.000000,0.379241,153.000000,0.375960,43.000000,0.009377,0.010947,22.502197,15.035551
150553221H,0,2020,1,Herbicide,True,129.000000,0.674905,0.048771,0.626134,100.000000,0.354974,157.000000,0.355148,57.000000,0.011032,0.011420,32.302933,29.474239,129.000000,0.750302,0.194788,0.555514,100.000000,0.474488,157.000000,0.470803,57.000000,0.009511,0.009982,37.588825,26.291136,127.000000,0.553448,-0.005121,0.558569,99.000000,0.278768,154.000000,0.280616,55.000000,0.009810,0.010105,25.328217,25.614973,134.000000,0.052396,0.004051,0.048345,93.000000,0.028173,160.000000,0.028865,67.000000,0.000591,0.000905,2.970538,2.695046,142.000000,0.633566,0.140025,0.493541,115.000000,0.383479,165.000000,0.392314,50.000000,0.009262,0.010489,27.505066,20.363796
150553229B1,1,2021,1,Mixed,True,122.000000,0.779963,0.051855,0.728108,94.000000,0.407522,146.000000,0.412303,52.000000,0.013301,0.015319,34.025513,31.277182,121.000000,0.825754,0.193079,0.632676,93.000000,0.500592,146.000000,0.511848,53.000000,0.011613,0.012556,38.246101,27.819849,120.000000,0.627927,-0.002650,0.630577,94.000000,0.320133,145.000000,0.303196,51.000000,0.011838,0.012989,26.573210,26.711008,122.000000,0.048984,0.003120,0.045864,91.000000,0.025975,149.000000,0.025404,58.000000,0.000742,0.000873,2.405573,2.221500,131.000000,0.622310,0.159118,0.463192,106.000000,0.396077,152.000000,0.393416,46.000000,0.009049,0.010900,25.178596,17.700047
150553229E,0,2020,1,Mixed,True,118.000000,0.710678,0.050080,0.660598,89.000000,0.374600,146.000000,0.377598,57.000000,0.011589,0.011896,34.082603,31.177980,118.000000,0.747910,0.184700,0.563210,86.000000,0.461843,146.000000,0.470430,60.000000,0.008940,0.009910,39.357704,28.091009,116.000000,0.549297,-0.001530,0.550827,85.000000,0.269414,144.000000,0.265707,59.000000,0.009028,0.010128,26.787609,26.879389,126.000000,0.054183,0.004300,0.049883,85.000000,0.029277,148.000000,0.030027,63.000000,0.000607,0.001098,2.784807,2.509577,131.000000,0.644513,0.156087,0.488426,106.000000,0.400875,152.000000,0.398940,46.000000,0.009746,0.011694,25.676580,18.340487
150553229H1,1,2021,1,Mixed,True,118.000000,0.772652,0.047979,0.724673,90.000000,0.405643,143.000000,0.404886,53.000000,0.013107,0.014711,34.401440,31.810568,116.000000,0.826256,0.190521,0.635735,89.000000,0.511019,143.000000,0.506534,54.000000,0.011675,0.011842,39.108036,28.629406,116.000000,0.625029,-0.003953,0.628981,89.000000,0.314668,141.000000,0.311970,52.000000,0.011495,0.012522,27.083332,27.292818,120.000000,0.048402,0.003620,0.044782,87.000000,0.026296,146.000000,0.026121,59.000000,0.000670,0.000857,2.433152,2.215946,127.000000,0.654285,0.183121,0.471163,101.000000,0.412223,150.000000,0.413573,49.000000,0.009310,0.010466,28.099600,18.943535
150553230A,0,2020,1,Herbicide,True,114.000000,0.713142,0.069877,0.643265,85.000000,0.399150,139.000000,0.396559,54.000000,0.010827,0.012663,32.887268,29.044025,114.000000,0.752456,0.234705,0.517752,83.000000,0.488288,140.000000,0.490499,57.000000,0.008522,0.010075,38.064964,24.452089,112.000000,0.556433,0.005822,0.550612,83.000000,0.287247,138.000000,0.279484,55.000000,0.009282,0.010652,25.562984,25.236963,115.000000,0.046340,0.004096,0.042244,81.000000,0.025092,141.000000,0.024727,60.000000,0.000625,0.000831,2.318986,2.069137,124.000000,0.568396,0.150965,0.417431,99.000000,0.355679,143.000000,0.360986,44.000000,0.008509,0.010916,21.842070,15.048640
150553230F1,1,2021,1,Mixed,True,119.000000,0.715405,0.052474,0.662931,92.000000,0.390507,143.000000,0.380578,51.000000,0.012033,0.013951,30.812799,28.084156,118.000000,0.783535,0.187332,0.596203,90.000000,0.480743,143.000000,0.488960,53.000000,0.010814,0.011783,36.313015,26.197086,117.000000,0.578136,-0.003292,0.581427,90.000000,0.280310,141.000000,0.293477,51.000000,0.011031,0.011861,24.405418,24.576588,123.000000,0.041937,0.003696,0.038241,92.000000,0.022882,148.000000,0.023008,56.000000,0.000615,0.000757,1.972066,1.761404,128.000000,0.639084,0.160145,0.478939,104.000000,0.402327,149.000000,0.407513,45.000000,0.009865,0.011027,25.287212,17.920525
150553230G,0,2020,1,Herbicide,True,125.000000,0.638541,0.050962,0.587579,97.000000,0.340323,151.000000,0.346141,54.000000,0.010651,0.011246,29.069851,26.266935,125.000000,0.702691,0.178164,0.524527,97.000000,0.438774,152.000000,0.436144,55.000000,0.009426,0.009872,33.750523,23.773317,123.000000,0.503889,-0.000510,0.504400,96.000000,0.252370,149.000000,0.254211,53.000000,0.009316,0.009603,22.128719,22.156277,127.000000,0.054473,0.003798,0.050675,96.000000,0.029476,152.000000,0.028528,56.000000,0.000806,0.001038,2.549960,2.333450,134.000000,0.629291,0.155695,0.473596,110.000000,0.391924,156.000000,0.391025,46.000000,0.009890,0.010830,25.276432,17.958763
150553232A,0,2020,1,Herbicide,True,112.000000,0.661717,0.044361,0.617356,84.000000,0.354126,141.000000,0.344967,57.000000,0.010985,0.010922,31.714151,29.141205,111.000000,0.700749,0.170554,0.530195,81.000000,0.434540,141.000000,0.440561,60.000000,0.008874,0.008673,36.859924,26.456141,109.000000,0.508229,-0.005797,0.514026,82.000000,0.255079,137.000000,0.257658,55.000000,0.009376,0.008949,23.197437,23.522081,117.000000,0.049691,0.003836,0.045855,78.000000,0.026471,143.000000,0.027240,65.000000,0.000595,0.000864,2.698863,2.445681,125.000000,0.569851,0.146285,0.423567,97.000000,0.361408,148.000000,0.359367,51.000000,0.007444,0.009151,25.429737,17.822935
150553232D1,1,2021,1,Mixed,True,119.000000,0.721887,0.046169,0.675718,89.000000,0.376337,146.000000,0.375370,57.000000,0.011518,0.012834,34.563103,31.885307,117.000000,0.772117,0.178880,0.593237,87.000000,0.469198,145.000000,0.481214,58.000000,0.010097,0.010389,39.256134,28.702194,116.000000,0.564985,-0.006847,0.571832,87.000000,0.273310,144.000000,0.272967,57.000000,0.010058,0.010429,26.631281,27.028383,120.000000,0.042741,0.004024,0.038716,84.000000,0.023497,150.000000,0.023178,66.000000,0.000535,0.000652,2.401360,2.131720,127.000000,0.652222,0.161379,0.490843,99.000000,0.410801,150.000000,0.409567,51.000000,0.008622,0.010550,29.267963,20.876282
1505532NMA,0,2020,1,Fungicide,True,109.000000,0.628796,0.056679,0.572117,78.000000,0.339389,136.000000,0.348503,58.000000,0.009336,0.010381,30.833370,27.489304,110.000000,0.709046,0.232700,0.476346,76.000000,0.472217,137.000000,0.475428,61.000000,0.006966,0.008653,38.374561,23.947176,107.000000,0.520739,0.001291,0.519448,76.000000,0.255207,133.000000,0.253546,57.000000,0.008566,0.010277,24.313831,24.238930,113.000000,0.055159,0.003187,0.051973,68.000000,0.028627,139.000000,0.029071,71.000000,0.000590,0.001003,3.337746,3.108296,125.000000,0.798965,0.315649,0.483316,58.000000,0.550381,146.000000,0.558631,88.000000,0.003710,0.011444,65.182884,37.090137
1505532NMBE,0,2020,1,Fungicide,True,109.000000,0.640917,0.057483,0.583434,77.000000,0.349830,136.000000,0.341770,59.000000,0.009096,0.011080,31.798477,28.349495,109.000000,0.697485,0.252876,0.444608,74.000000,0.476244,136.000000,0.480158,62.000000,0.006321,0.008049,38.802475,22.871256,105.000000,0.510253,0.002184,0.508070,74.000000,0.255382,132.000000,0.252650,58.000000,0.008222,0.009541,24.493416,24.364578,111.000000,0.053835,0.003504,0.050331,68.000000,0.027880,138.000000,0.028269,70.000000,0.000604,0.000947,3.240284,2.991503,81.000000,0.810077,0.318975,0.491102,59.000000,0.563974,146.000000,0.556528,87.000000,0.011186,0.003901,65.118622,37.048813
1505532NMCE1,1,2021,1,Mixed,True,114.000000,0.694325,0.065768,0.628557,87.000000,0.384787,140.000000,0.383870,53.000000,0.011464,0.011941,31.237850,27.686361,113.000000,0.768849,0.245424,0.523424,83.000000,0.501758,142.000000,0.500182,59.000000,0.008903,0.009264,40.006104,25.280636,112.000000,0.565694,0.005375,0.560319,85.000000,0.290129,137.000000,0.289931,52.000000,0.010206,0.011031,24.475193,24.190325,111.000000,0.050029,0.004239,0.045789,79.000000,0.026697,141.000000,0.027584,62.000000,0.000729,0.000748,2.640227,2.373155,126.000000,0.790380,0.360083,0.430297,64.000000,0.570793,150.000000,0.583071,86.000000,0.003542,0.008638,64.017464,32.690254
1505532NMCW1,1,2021,1,Mixed,True,117.000000,0.731747,0.063191,0.668556,89.000000,0.405036,142.000000,0.392302,53.000000,0.011668,0.013578,32.764511,29.352196,116.000000,0.784971,0.237827,0.547144,86.000000,0.511633,144.000000,0.508667,58.000000,0.009111,0.009868,40.204185,26.172367,115.000000,0.590206,0.006213,0.583993,87.000000,0.296638,139.000000,0.303620,52.000000,0.010485,0.011941,25.506798,25.177519,112.000000,0.049556,0.003323,0.046234,76.000000,0.026318,144.000000,0.027009,68.000000,0.000646,0.000705,2.885247,2.655986,85.000000,0.781607,0.329740,0.451867,60.000000,0.552147,153.000000,0.562999,93.000000,0.009178,0.003215,65.384743,34.389229
1505532NMD1,1,2021,1,Mixed,True,117.000000,0.722219,0.057308,0.664911,88.000000,0.381324,142.000000,0.379179,54.000000,0.011755,0.013722,32.631790,29.479856,116.000000,0.781257,0.232578,0.548679,85.000000,0.502824,143.000000,0.506428,58.000000,0.008982,0.010179,39.923252,26.201160,115.000000,0.590927,0.003467,0.587460,87.000000,0.299055,139.000000,0.300976,52.000000,0.010424,0.012081,25.535660,25.351923,113.000000,0.049499,0.004929,0.044571,79.000000,0.027485,143.000000,0.027057,64.000000,0.000647,0.000748,2.712618,2.392261,90.000000,0.757135,0.356285,0.400850,64.000000,0.563111,151.000000,0.554617,87.000000,0.007462,0.003320,62.596893,31.243826
1505532SMB1,1,2021,1,Mixed,True,118.000000,0.725288,0.058570,0.666717,89.000000,0.386901,143.000000,0.401309,54.000000,0.011669,0.012959,33.100544,29.879181,116.000000,0.791767,0.232549,0.559218,85.000000,0.505813,144.000000,0.519132,59.000000,0.009224,0.009737,41.220119,27.267185,115.000000,0.609560,-0.001564,0.611124,87.000000,0.301126,140.000000,0.311384,53.000000,0.011016,0.011927,26.793541,26.877979,117.000000,0.051234,0.004699,0.046535,82.000000,0.028229,145.000000,0.028242,63.000000,0.000657,0.000821,2.753769,2.453007,127.000000,0.748948,0.331360,0.417588,64.000000,0.543389,152.000000,0.543738,88.000000,0.003263,0.008208,60.976677,31.485674
150559121GN02GA,0,2021,1,Fungicide,True,113.000000,0.892616,0.473442,0.419174,99.000000,0.674965,0.000000,,-99.000000,0.015547,,0.000000,0.000000,113.000000,0.930402,0.570393,0.360009,97.000000,0.755737,0.000000,,-97.000000,0.010917,,0.000000,0.000000,113.000000,0.761384,0.380553,0.380831,98.000000,0.577824,0.000000,,-98.000000,0.012237,,0.000000,0.000000,113.000000,0.050062,0.026606,0.023456,94.000000,0.038120,0.000000,,-94.000000,0.000629,,0.000000,0.000000,113.000000,0.685213,0.385313,0.299901,102.000000,0.533622,0.000000,,-102.000000,0.013781,,0.000000,0.000000
150559121KV07GA,0,2021,1,Fungicide,True,113.000000,0.845798,0.447902,0.397897,98.000000,0.643773,0.000000,,-98.000000,0.013468,,0.000000,0.000000,113.000000,0.922917,0.560607,0.362311,96.000000,0.743891,0.000000,,-96.000000,0.010531,,0.000000,0.000000,113.000000,0.736852,0.369262,0.367590,97.000000,0.551681,0.000000,,-97.000000,0.011573,,0.000000,0.000000,113.000000,0.045391,0.024161,0.021230,97.000000,0.034713,0.000000,,-97.000000,0.000667,,0.000000,0.000000,113.000000,0.540945,0.305427,0.235519,101.000000,0.422486,0.000000,,-101.000000,0.009872,,0.000000,0.000000
150559121KZ73GA,0,2021,1,Fungicide,True,113.000000,0.778872,0.427961,0.350911,99.000000,0.603019,0.000000,,-99.000000,0.012561,,0.000000,0.000000,113.000000,0.825171,0.542066,0.283106,96.000000,0.683716,0.000000,,-96.000000,0.008321,,0.000000,0.000000,113.000000,0.651178,0.330796,0.320382,97.000000,0.495445,0.000000,,-97.000000,0.009733,,0.000000,0.000000,113.000000,0.070884,0.037491,0.033393,99.000000,0.053699,0.000000,,-99.000000,0.001227,,0.000000,0.000000,113.000000,0.760568,0.416945,0.343623,103.000000,0.580387,0.000000,,-103.000000,0.018018,,0.000000,0.000000
150559121SK15FA,0,2020,0,No,False,306.000000,0.822684,0.056007,0.766677,0.000000,,323.000000,0.435846,323.000000,,0.022755,11.010592,10.002474,306.000000,0.821394,0.239821,0.581573,0.000000,,324.000000,0.534999,324.000000,,0.015911,12.671440,8.114849,306.000000,0.624719,0.004107,0.620613,0.000000,,323.000000,0.313449,323.000000,,0.018310,8.184147,8.110225,306.000000,0.027293,0.003090,0.024203,0.000000,,323.000000,0.014857,323.000000,,0.000732,0.367811,0.312193,306.000000,0.846405,0.323492,0.522913,0.000000,,326.000000,0.589506,326.000000,,0.012845,14.914416,8.121075
150559121SK15FA,1,2021,0,No,False,291.000000,0.711214,0.032486,0.678728,268.000000,0.373658,314.000000,0.368773,46.000000,0.014676,0.014889,27.424786,25.897934,291.000000,0.716027,0.171710,0.544317,69.000000,0.445299,314.000000,0.445120,245.000000,0.001219,0.011779,88.431458,46.190857,290.000000,0.531259,-0.022961,0.554220,68.000000,0.252431,313.000000,0.262259,245.000000,0.001256,0.011696,38.970181,44.618664,294.000000,0.042722,0.004901,0.037821,267.000000,0.023582,317.000000,0.023433,50.000000,0.000709,0.000839,1.815816,1.565885,94.000000,0.746318,0.192756,0.553562,62.000000,0.465296,122.000000,0.464775,60.000000,0.008782,0.010055,38.588123,26.830023
150559121SK15FA,2,2022,0,No,False,39.000000,0.540791,0.220730,0.320061,20.000000,0.375318,55.000000,0.376157,35.000000,0.008709,0.010290,17.233513,9.287238,39.000000,0.669115,0.368158,0.300957,20.000000,0.515045,55.000000,0.524757,35.000000,0.008109,0.009022,22.066994,8.813307,39.000000,0.451292,0.154138,0.297153,20.000000,0.296399,55.000000,0.294834,35.000000,0.008152,0.009779,14.127481,8.578497,59.000000,0.013644,0.011003,0.002641,53.000000,0.012284,0.000000,,-53.000000,0.000227,,0.000000,0.000000,43.000000,0.502054,0.311984,0.190070,27.000000,0.407592,59.000000,0.438598,32.000000,0.005904,0.003966,15.334381,5.194897
150559122GN04GA,0,2020,0,No,False,306.000000,0.863377,0.046903,0.816474,0.000000,,332.000000,0.465867,332.000000,,0.015289,18.241615,16.975227,306.000000,0.827469,0.214551,0.612918,0.000000,,335.000000,0.514873,335.000000,,0.010779,20.661407,14.224876,306.000000,0.648698,-0.003404,0.652103,0.000000,,332.000000,0.331393,332.000000,,0.012204,13.461472,13.553392,320.000000,0.020597,0.006570,0.014027,306.000000,0.019457,342.000000,0.013534,36.000000,0.000081,0.000321,0.689845,0.450048,306.000000,0.807937,0.174260,0.633677,0.000000,,342.000000,0.483465,342.000000,,0.009013,26.515295,20.067675
150559122GN04GA,1,2021,0,No,False,69.000000,0.495228,0.037486,0.457742,34.000000,0.263634,96.000000,0.266576,62.000000,0.006617,0.008469,25.906689,23.545057,69.000000,0.651086,0.191361,0.459725,33.000000,0.418967,97.000000,0.416469,64.000000,0.006448,0.008379,36.853451,24.414989,67.000000,0.416260,-0.022355,0.438616,32.000000,0.192924,95.000000,0.194027,63.000000,0.006381,0.007937,21.541916,22.972658,47.000000,0.012605,0.004719,0.007886,21.000000,0.008659,114.000000,0.008761,93.000000,0.000152,0.000057,1.065007,0.621448,80.000000,0.806744,0.214437,0.592307,37.000000,0.514239,106.000000,0.511391,69.000000,0.006802,0.011360,48.506660,33.496056
150559122GN08GA,0,2020,0,No,False,306.000000,0.759478,0.433269,0.326209,0.000000,,352.000000,0.591373,352.000000,,0.003654,33.171921,12.808264,306.000000,0.740662,0.540049,0.200613,0.000000,,353.000000,0.640902,353.000000,,0.002123,34.403351,8.480997,306.000000,0.564815,0.261446,0.303370,0.000000,,346.000000,0.412146,346.000000,,0.003817,20.302557,9.583288,351.000000,0.026937,0.018283,0.008654,329.000000,0.022672,364.000000,0.023849,35.000000,0.000194,0.000238,0.918251,0.260058,347.000000,0.967062,0.748424,0.218638,327.000000,0.856288,364.000000,0.854424,37.000000,0.005539,0.006626,35.224880,6.784761
