PMT_SITE,window,year,treated,treatment_type,is_organic,n_obs,window_known,SAVI_pos_time,SAVI_pos_value,SAVI_bse_value,SAVI_aos_value,SAVI_sos_time,SAVI_sos_value,SAVI_eos_time,SAVI_eos_value,SAVI_los,SAVI_roi,SAVI_rod,SAVI_lios,SAVI_sios,GNDVI_pos_time,GNDVI_pos_value,GNDVI_bse_value,GNDVI_aos_value,GNDVI_sos_time,GNDVI_sos_value,GNDVI_eos_time,GNDVI_eos_value,GNDVI_los,GNDVI_roi,GNDVI_rod,GNDVI_lios,GNDVI_sios,RENDVI_pos_time,RENDVI_pos_value,RENDVI_bse_value,RENDVI_aos_value,RENDVI_sos_time,RENDVI_sos_value,RENDVI_eos_time,RENDVI_eos_value,RENDVI_los,RENDVI_roi,RENDVI_rod,RENDVI_lios,RENDVI_sios,VH_pos_time,VH_pos_value,VH_bse_value,VH_aos_value,VH_sos_time,VH_sos_value,VH_eos_time,VH_eos_value,VH_los,VH_roi,VH_rod,VH_lios,VH_sios,RVI_pos_time,RVI_pos_value,RVI_bse_value,RVI_aos_value,RVI_sos_time,RVI_sos_value,RVI_eos_time,RVI_eos_value,RVI_los,RVI_roi,RVI_rod,RVI_lios,RVI_sios,has_season
150000721121POS,0,2021,1,Mixed,False,190,True,133.0,0.7936493754386902,0.01644374243915081,0.7772056460380554,102.0,0.40105724334716797,165.0,0.4002251625061035,63.0,0.01266426220536232,0.012294506654143333,41.773521423339844,40.72112274169922,130.0,0.8273716568946838,0.2290511429309845,0.598320484161377,99.0,0.5270331501960754,165.0,0.5228989124298096,66.0,0.009688339196145535,0.008699221536517143,48.30376434326172,32.95733642578125,129.0,0.624586284160614,-0.04151924327015877,0.6661055088043213,100.0,0.2945142388343811,163.0,0.29766845703125,63.0,0.011381794698536396,0.00961523037403822,32.40306854248047,35.060298919677734,138.0,0.044989828020334244,0.0036807639990001917,0.041309062391519547,101.0,0.024661391973495483,168.0,0.024082796648144722,67.0,0.0005494171637110412,0.0006969010573811829,2.6030426025390625,2.352750778198242,146.0,0.693034827709198,0.06868639588356018,0.6243484020233154,109.0,0.38475385308265686,171.0,0.3710687756538391,62.0,0.00833191815763712,0.012878642417490482,36.28546142578125,31.95821762084961,True
150000727011POS,0,2021,1,Mixed,False,190,True,125.0,0.7225541472434998,0.04531383514404297,0.6772403120994568,98.0,0.3874872028827667,152.0,0.3812452554702759,54.0,0.01240988727658987,0.012641070410609245,32.87858581542969,30.38632583618164,122.0,0.7921807169914246,0.2568433880805969,0.5353373289108276,95.0,0.5278270244598389,151.0,0.5254298448562622,56.0,0.009790877811610699,0.009198306128382683,39.60963439941406,24.969562530517578,122.0,0.588538408279419,-0.015515655279159546,0.6040540933609009,96.0,0.29388293623924255,150.0,0.2857147455215454,54.0,0.011332903057336807,0.010815130546689034,26.258516311645508,27.11187744140625,122.0,0.04852445796132088,0.004997470881789923,0.043526988476514816,95.0,0.027177410200238228,150.0,0.026556650176644325,55.0,0.0007906313985586166,0.0007845645886845887,2.274383544921875,1.9945251941680908,131.0,0.6846675872802734,0.1892118602991104,0.4954557418823242,105.0,0.4399174153804779,152.0,0.44478368759155273,47.0,0.009413467720150948,0.011423042975366116,28.402952194213867,19.320781707763672,True
150000727090POS,0,2020,1,Fungicide,False,189,True,124.0,0.7815628051757812,0.034292072057724,0.7472707033157349,95.0,0.403011679649353,154.0,0.408464252948761,59.0,0.013053487055003643,0.012436618097126484,38.650352478027344,36.59282684326172,123.0,0.7886366844177246,0.24560528993606567,0.5430313944816589,92.0,0.5133113265037537,153.0,0.5175391435623169,61.0,0.0088814627379179,0.009036584757268429,42.78721618652344,27.559688568115234,122.0,0.5915058255195618,-0.022856764495372772,0.6143625974655151,93.0,0.2917800545692444,152.0,0.2913954555988312,59.0,0.01033537182956934,0.010003679431974888,28.96925926208496,30.340665817260742,130.0,0.053260061889886856,0.0018637359607964754,0.05139632523059845,93.0,0.027077853679656982,158.0,0.02803291380405426,65.0,0.0007076272740960121,0.0009009695495478809,2.879875659942627,2.756869077682495,136.0,0.7033884525299072,0.14149338006973267,0.5618950724601746,110.0,0.42822179198265076,160.0,0.4172400236129761,50.0,0.010583332739770412,0.011922851204872131,30.507091522216797,23.290929794311523,True
150000733040POS,0,2020,1,Herbicide,False,189,True,135.0,0.760409951210022,0.022317936643958092,0.7380920052528381,106.0,0.38222020864486694,166.0,0.39278507232666016,60.0,0.013041025958955288,0.011858867481350899,37.85834884643555,36.49695587158203,135.0,0.7837273478507996,0.21994975209236145,0.5637775659561157,107.0,0.506096363067627,168.0,0.497234582901001,61.0,0.00991539191454649,0.00868159905076027,42.06764602661133,28.430763244628906,135.0,0.5901622772216797,-0.03756941854953766,0.6277316808700562,106.0,0.2827329635620117,167.0,0.2681729197502136,61.0,0.010601011104881763,0.010062167420983315,29.336898803710938,31.666202545166016,143.0,0.056224603205919266,0.0019342160085216165,0.05429038777947426,105.0,0.029149066656827927,172.0,0.028373850509524345,67.0,0.0007125140982680023,0.0009603707585483789,3.1450586318969727,3.0135319232940674,149.0,0.6821164488792419,0.07432789355516434,0.6077885627746582,117.0,0.382514089345932,174.0,0.3851379454135895,57.0,0.009362573735415936,0.011879140511155128,33.33605194091797,29.025033950805664,True
150001535SP,0,2021,1,Herbicide,False,240,True,95.0,0.7648792266845703,0.07431884109973907,0.6905604004859924,66.0,0.4237445294857025,120.0,0.42875802516937256,54.0,0.01176326535642147,0.013444848358631134,34.86431884765625,30.776782989501953,94.0,0.8069433569908142,0.2339160144329071,0.5730273723602295,61.0,0.5239369869232178,121.0,0.5254326462745667,60.0,0.008575950749218464,0.010426322929561138,42.330650329589844,28.061771392822266,93.0,0.5936912298202515,0.0027410537004470825,0.5909501910209656,63.0,0.2942828834056854,118.0,0.2891959547996521,55.0,0.009980278089642525,0.012179810553789139,26.644128799438477,26.490629196166992,92.0,0.04329589381814003,0.0027314387261867523,0.04056445509195328,60.0,0.027226805686950684,122.0,0.02251075766980648,62.0,0.0005021590040996671,0.0006928378716111183,2.3176052570343018,2.145524501800537,109.0,0.7699785232543945,0.3706681728363037,0.3993103504180908,60.0,0.7319207191467285,132.0,0.5751484036445618,72.0,0.0007766899070702493,0.008470875211060047,53.87173843383789,26.81296157836914,True
1500015BERRY1SP,0,2019,0,No,False,61,False,305.0,0.13682064414024353,0.10823836922645569,0.028582274913787842,0.0,,313.0,0.12260681390762329,313.0,,0.00177672877907753,1.0989763736724854,0.1789502501487732,305.0,0.34924590587615967,0.3207657039165497,0.028480201959609985,0.0,,313.0,0.3354024291038513,313.0,,0.0017304345965385437,2.9063971042633057,0.17988848686218262,305.0,0.043399304151535034,0.024455593898892403,0.01894371025264263,0.0,,316.0,0.03400421515107155,316.0,,0.0008540989947505295,0.4424338936805725,0.1611945629119873,364.0,0.008292879909276962,0.006806811783462763,0.0014860681258141994,354.0,0.0075590237975120544,365.0,0.008285888470709324,11.0,7.338561408687383e-05,6.991438567638397e-06,0.09259703755378723,0.014318697154521942,305.0,0.47583720088005066,0.37203454971313477,0.1038026511669159,0.0,,310.0,0.423166960477829,310.0,,0.010534048080444336,2.458674192428589,0.41248416900634766,False
1500015BERRY1SP,1,2020,1,Herbicide,False,427,False,97.0,0.8218504786491394,0.07610088586807251,0.7457495927810669,66.0,0.4537813067436218,123.0,0.45194098353385925,57.0,0.011873198673129082,0.014227287843823433,39.705745697021484,35.291893005371094,95.0,0.827568769454956,0.2692066431045532,0.5583621263504028,62.0,0.5546678900718689,124.0,0.544409990310669,62.0,0.008269723504781723,0.009764095768332481,45.81068801879883,28.850669860839844,94.0,0.6431561708450317,0.003017596434801817,0.640138566493988,62.0,0.31742390990257263,121.0,0.3160763680934906,59.0,0.010179133154451847,0.012114066630601883,31.49678611755371,31.315731048583984,94.0,0.045781079679727554,0.004158152267336845,0.04162292927503586,59.0,0.02540169470012188,125.0,0.02470630779862404,66.0,0.0005822681705467403,0.000679831369780004,2.633455276489258,2.3548591136932373,111.0,0.6865761280059814,0.3676561117172241,0.3189200162887573,49.0,0.5305376648902893,134.0,0.5264379978179932,85.0,0.0025167493149638176,0.006962527520954609,55.58060836791992,23.962182998657227,True
1500015BERRY1SP,2,2021,1,Herbicide,False,424,False,99.0,0.819917619228363,0.0776318609714508,0.7422857284545898,63.0,0.45155423879623413,127.0,0.4462431073188782,64.0,0.010232316330075264,0.01334551814943552,44.22657775878906,39.18050765991211,96.0,0.8467918634414673,0.24556110799312592,0.6012307405471802,60.0,0.5785963535308838,128.0,0.5426086187362671,68.0,0.007449875120073557,0.009505726397037506,50.99408721923828,34.05036926269531,94.0,0.6505634188652039,0.004086503759026527,0.6464769244194031,60.0,0.34471067786216736,123.0,0.3284601867198944,63.0,0.008995668962597847,0.011107007972896099,34.12947082519531,33.86793518066406,99.0,0.046377912163734436,0.004821967799216509,0.041555944830179214,60.0,0.03299687057733536,127.0,0.025686874985694885,67.0,0.00034310363116674125,0.0007389656384475529,2.7715609073638916,2.44366717338562,113.0,0.7474244236946106,0.34200969338417053,0.40541473031044006,91.0,0.7008440494537354,137.0,0.5433365106582642,46.0,0.0021172896958887577,0.00850366335362196,32.7103271484375,16.63587188720703,True
1500015BERRY1SP,3,2022,0,No,False,59,False,59.0,0.4485475718975067,0.2666980028152466,0.18184956908226013,52.0,0.35434168577194214,0.0,,-52.0,0.01345798373222351,,0.0,0.0,59.0,0.6171706914901733,0.4283508062362671,0.18881988525390625,50.0,0.5193831324577332,0.0,,-50.0,0.010865284129977226,,0.0,0.0,59.0,0.37705790996551514,0.19268463551998138,0.18437327444553375,52.0,0.28042128682136536,0.0,,-52.0,0.013805232010781765,,0.0,0.0,59.0,0.03887694701552391,0.023022448644042015,0.015854498371481895,52.0,0.0306403748691082,0.0,,-52.0,0.0011766531970351934,,0.0,0.0,59.0,0.703305184841156,0.5794299244880676,0.12387526035308838,52.0,0.6445633769035339,0.0,,-52.0,0.008391686715185642,,0.0,0.0,False
1500015BERRY2SP,0,2019,0,No,False,61,False,305.0,0.1198372021317482,0.1156606525182724,0.0041765496134757996,0.0,,314.0,0.1177508607506752,314.0,,0.00023181570577435195,1.1281936168670654,0.02941751480102539,305.0,0.3307475745677948,0.3151249289512634,0.015622645616531372,0.0,,328.0,0.32266926765441895,328.0,,0.00035123073030263186,7.695751667022705,0.290316104888916,356.0,0.028793837875127792,0.0264095738530159,0.0023842640221118927,332.0,0.02759992703795433,364.0,0.027509870007634163,32.0,4.974628609488718e-05,0.00016049598343670368,0.9298898577690125,0.05837392807006836,305.0,0.007715781219303608,0.006255039945244789,0.0014607412740588188,0.0,,309.0,0.006994191091507673,309.0,,0.00018039753194898367,0.03291201591491699,0.004764337092638016,305.0,0.49090006947517395,0.34044989943504333,0.15045017004013062,0.0,,312.0,0.41700220108032227,312.0,,0.010556838475167751,3.38474440574646,0.8313701152801514,False
1500015BERRY2SP,1,2020,1,Herbicide,False,427,False,100.0,0.8809822201728821,0.0827484279870987,0.7982338070869446,69.0,0.4800007939338684,129.0,0.48328983783721924,60.0,0.012934884987771511,0.013713530264794827,44.870574951171875,39.82292175292969,100.0,0.8254968523979187,0.2697393000125885,0.5557575225830078,64.0,0.5500391125679016,131.0,0.5414270758628845,67.0,0.007651603780686855,0.009163540787994862,49.273887634277344,30.931615829467773,98.0,0.6391169428825378,0.007454275153577328,0.6316626667976379,65.0,0.31677648425102234,127.0,0.3149762749671936,62.0,0.009767892770469189,0.011177264153957367,32.92516326904297,32.455543518066406,106.0,0.04367823898792267,0.003599658142775297,0.040078580379486084,60.0,0.023454658687114716,133.0,0.0231194905936718,73.0,0.00043964304495602846,0.0007614351343363523,2.754199504852295,2.4878249168395996,121.0,0.7100918889045715,0.2902894914150238,0.41980239748954773,43.0,0.4999309778213501,146.0,0.49958914518356323,103.0,0.0026943706907331944,0.008420109748840332,67.24238586425781,37.052276611328125,True
1500015BERRY2SP,2,2021,1,Herbicide,False,424,False,98.0,0.7734659314155579,0.08260604739189148,0.6908599138259888,66.0,0.42404472827911377,125.0,0.4208466112613678,59.0,0.010919412598013878,0.013059974648058414,38.24596405029297,33.28960037231445,95.0,0.8137432336807251,0.24652507901191711,0.5672181844711304,60.0,0.5277544260025024,125.0,0.5303089618682861,65.0,0.008171108551323414,0.009447809308767319,46.28651428222656,30.015859603881836,94.0,0.5981265902519226,0.006307853385806084,0.5918187499046326,62.0,0.30658817291259766,121.0,0.30463218688964844,59.0,0.009110575541853905,0.010870163328945637,29.106727600097656,28.728256225585938,100.0,0.041470739990472794,0.004285584203898907,0.03718515485525131,60.0,0.027807695791125298,130.0,0.02230333723127842,70.0,0.0003415761166252196,0.0006389134214259684,2.5546536445617676,2.2503771781921387,114.0,0.7961013317108154,0.3204074203968048,0.4756939113140106,1.0,0.5572160482406616,142.0,0.5568889379501343,141.0,0.002114029135555029,0.00854329951107502,121.57474517822266,57.33306121826172,True
1500015BERRY2SP,3,2022,0,No,False,59,False,59.0,0.24525515735149384,0.1692153811454773,0.07603977620601654,53.0,0.2067844569683075,0.0,,-53.0,0.006411783397197723,,0.0,0.0,59.0,0.398014098405838,0.31867748498916626,0.07933661341667175,37.0,0.3583082854747772,0.0,,-37.0,0.0018048096681013703,,0.0,0.0,59.0,0.15004713833332062,0.08270937949419022,0.0673377588391304,53.0,0.11707568168640137,0.0,,-53.0,0.005495242774486542,,0.0,0.0,59.0,0.03231087327003479,0.019152730703353882,0.013158142566680908,52.0,0.025645384564995766,0.0,,-52.0,0.0009522126638330519,,0.0,0.0,59.0,0.7610669136047363,0.6090734004974365,0.1519935131072998,52.0,0.6861859560012817,0.0,,-52.0,0.010697280056774616,,0.0,0.0,False
1500015DRYER1FP,0,2020,0,No,False,61,False,306.0,0.5362011790275574,0.1421608328819275,0.3940403461456299,0.0,,341.0,0.33526283502578735,341.0,,0.005741095636039972,16.319931030273438,11.202140808105469,306.0,0.6754122376441956,0.40176719427108765,0.2736450433731079,0.0,,339.0,0.5384016633033752,339.0,,0.004151835571974516,20.9429931640625,7.2829084396362305,306.0,0.45493584871292114,0.058731354773044586,0.39620450139045715,0.0,,337.0,0.25694456696510315,337.0,,0.006386815570294857,11.626500129699707,9.74709701538086,306.0,0.029886625707149506,0.012094078585505486,0.01779254712164402,0.0,,340.0,0.021101145073771477,340.0,,0.00025839649606496096,0.9387757778167725,0.515483021736145,335.0,0.37794461846351624,0.23106899857521057,0.14687561988830566,311.0,0.3063603937625885,353.0,0.3024221956729889,42.0,0.0029826760292053223,0.004195690155029297,15.003335952758789,5.06736946105957,True
1500015DRYER1FP,1,2021,0,No,False,365,False,315.0,0.5311171412467957,0.09357727319002151,0.43753987550735474,280.0,0.30718401074409485,344.0,0.31100404262542725,64.0,0.006398089230060577,0.007590106688439846,29.191720962524414,23.10919952392578,312.0,0.6556944251060486,0.2751176059246063,0.38057681918144226,278.0,0.4631081521511078,344.0,0.4626690447330475,66.0,0.005664302036166191,0.006032043136656284,39.543968200683594,21.111087799072266,312.0,0.4590950310230255,0.01865868642926216,0.44043633341789246,277.0,0.23761294782161713,343.0,0.23878410458564758,66.0,0.006328059360384941,0.00710680428892374,25.458946228027344,24.20881462097168,305.0,0.04048657417297363,0.016126252710819244,0.02436032146215439,283.0,0.02793278731405735,365.0,0.029433798044919968,82.0,0.0005706266965717077,0.00018421294225845486,2.91355562210083,1.5831397771835327,332.0,0.3906029164791107,0.1994120180606842,0.1911908984184265,123.0,0.29484423995018005,354.0,0.29647430777549744,231.0,0.0004581754910759628,0.004278573207557201,70.75209045410156,24.488506317138672,True
1500015DRYER1FP,2,2022,0,No,False,59,False,1.0,0.12626968324184418,0.11256396025419235,0.013705722987651825,0.0,,3.0,0.12014888972043991,3.0,,0.003060396760702133,0.3063213527202606,0.024911463260650635,30.0,0.35805901885032654,0.31181496381759644,0.0462440550327301,14.0,0.33589115738868713,46.0,0.3353179395198822,32.0,0.0013854913413524628,0.001421317458152771,11.527767181396484,1.2378730773925781,1.0,0.056138746440410614,0.040884602814912796,0.015254143625497818,0.0,,4.0,0.04843611270189285,4.0,,0.0025675445795059204,0.18046161532402039,0.037365496158599854,1.0,0.028626322746276855,0.0166227575391531,0.012003565207123756,0.0,,7.0,0.02310401387512684,7.0,,0.0009203848312608898,0.16715388000011444,0.05910595506429672,46.0,0.2446838617324829,0.2237454205751419,0.020938441157341003,31.0,0.23433390259742737,59.0,0.24246996641159058,28.0,0.0006899972795508802,0.0001702996378298849,6.908720970153809,0.5319766998291016,False
1500015DRYER2FP,0,2021,1,Mixed,False,127,True,307.0,0.10475596785545349,0.09287821501493454,0.011877752840518951,237.0,0.09873311966657639,0.0,,-237.0,8.604068716522306e-05,,0.0,0.0,181.0,0.28444620966911316,0.26845452189445496,0.015991687774658203,0.0,,189.0,0.2764231264591217,189.0,,0.0010028854012489319,2.3804478645324707,0.09858465194702148,307.0,0.03339339792728424,0.017186619341373444,0.016206778585910797,243.0,0.025222431868314743,0.0,,-243.0,0.0001276713446713984,,0.0,0.0,181.0,0.007149261888116598,0.004937308374792337,0.0022119535133242607,0.0,,188.0,0.005959209520369768,188.0,,0.00017000747902784497,0.04885146766901016,0.011821657419204712,270.0,0.337922066450119,0.22815647721290588,0.10976558923721313,189.0,0.28203481435775757,293.0,0.2808118164539337,104.0,0.0006899660802446306,0.0024830542970448732,32.722503662109375,8.766071319580078,False
1500015DRYERFP,0,2020,1,Fungicide,False,179,True,313.0,0.4793696105480194,0.08833332359790802,0.3910362720489502,281.0,0.2809556722640991,346.0,0.28834041953086853,65.0,0.006200435571372509,0.005788763519376516,27.074420928955078,21.244422912597656,313.0,0.6362760663032532,0.26869863271713257,0.3675774335861206,282.0,0.45240506529808044,349.0,0.451305627822876,67.0,0.0059313224628567696,0.005138067528605461,38.902896881103516,20.63138771057129,309.0,0.393649160861969,-0.000796190113760531,0.39444535970687866,277.0,0.20025280117988586,344.0,0.19240441918373108,67.0,0.006043636240065098,0.0057498496025800705,22.040340423583984,22.094480514526367,302.0,0.030422041192650795,0.005500908009707928,0.024921134114265442,271.0,0.017690429463982582,347.0,0.017817802727222443,76.0,0.00041069716098718345,0.00028009418747387826,2.0088393688201904,1.5852694511413574,335.0,0.3807682693004608,0.18373800814151764,0.19703026115894318,304.0,0.28187423944473267,356.0,0.283924400806427,52.0,0.0031901299953460693,0.004611612763255835,18.024059295654297,8.285943984985352,True
1500015HILL1FP,0,2020,0,No,False,61,False,306.0,0.4862871468067169,0.12141748517751694,0.3648696541786194,0.0,,345.0,0.29889440536499023,345.0,,0.004804942291229963,17.04102325439453,12.184324264526367,306.0,0.6331268548965454,0.30420637130737305,0.32892048358917236,0.0,,344.0,0.46779105067253113,344.0,,0.0043509420938789845,22.417654037475586,10.553605079650879,306.0,0.44840508699417114,0.043140098452568054,0.4052649736404419,0.0,,341.0,0.24932615458965302,341.0,,0.005687969271093607,13.230016708374023,11.676973342895508,306.0,0.029267961159348488,0.007370153442025185,0.021897807717323303,0.0,,343.0,0.018174976110458374,343.0,,0.00029981040279380977,0.9373428225517273,0.65727698802948,346.0,0.6861047744750977,0.6149097681045532,0.07119500637054443,328.0,0.651013970375061,359.0,0.6480565071105957,31.0,0.0019494891166687012,0.002926789689809084,21.475006103515625,1.7978935241699219,True
1500015HILL1FP,1,2021,1,Mixed,False,365,False,314.0,0.5571029186248779,0.10861460864543915,0.4484882950782776,281.0,0.32911497354507446,345.0,0.3307361900806427,64.0,0.00690872548148036,0.007302152458578348,30.702573776245117,23.642623901367188,311.0,0.6440357565879822,0.25142568349838257,0.3926100730895996,279.0,0.44543758034706116,342.0,0.44869160652160645,63.0,0.006206193007528782,0.006301424000412226,36.640357971191406,20.54911231994629,311.0,0.4594467580318451,0.04055304080247879,0.4188937246799469,279.0,0.25496554374694824,343.0,0.24771535396575928,64.0,0.006390037946403027,0.006616606377065182,24.895044326782227,22.259098052978516,351.0,0.03643098846077919,0.016063885763287544,0.020367102697491646,285.0,0.025968534871935844,365.0,0.029675180092453957,80.0,0.00015852203068789095,0.00048255774891003966,2.7184457778930664,1.4253027439117432,353.0,0.7265903353691101,0.516972541809082,0.20961779356002808,166.0,0.6217958331108093,365.0,0.6726510524749756,199.0,0.0005603983881883323,0.004494940396398306,122.95449829101562,19.8184814453125,True
1500015HILL1FP,2,2022,0,No,False,59,False,1.0,0.141073539853096,0.11085686832666397,0.030216671526432037,0.0,,4.0,0.12401513010263443,4.0,,0.005686136428266764,0.4589442014694214,0.070945143699646,1.0,0.293060839176178,0.27672386169433594,0.01633697748184204,0.0,,4.0,0.2849949300289154,4.0,,0.002688636304810643,1.0091121196746826,0.040578603744506836,1.0,0.06932234019041061,0.04547329992055893,0.023849040269851685,0.0,,4.0,0.05622948333621025,4.0,,0.004364285618066788,0.21587517857551575,0.05671863257884979,1.0,0.028716787695884705,0.016904277727007866,0.011812509968876839,0.0,,7.0,0.022482547909021378,7.0,,0.001039039925672114,0.16506215929985046,0.05518434941768646,1.0,0.663861095905304,0.4749026894569397,0.18895840644836426,0.0,,10.0,0.57439124584198,10.0,,0.009941094554960728,5.866158485412598,1.3545827865600586,False
1500015HILL2FP,0,2020,0,No,False,61,False,313.0,0.31868019700050354,0.19385525584220886,0.12482494115829468,306.0,0.31787753105163574,351.0,0.2578219473361969,45.0,0.00011466656724223867,0.0016015329165384173,13.79507827758789,4.974663734436035,306.0,0.4764960706233978,0.3543219566345215,0.12217411398887634,0.0,,347.0,0.4159199595451355,347.0,,0.0014774660812690854,19.0156307220459,4.134108543395996,306.0,0.2770124077796936,0.1075623631477356,0.169450044631958,0.0,,344.0,0.19072267413139343,344.0,,0.0022707823663949966,9.300946235656738,5.106014251708984,320.0,0.019298845902085304,0.012280484661459923,0.0070183612406253815,306.0,0.01901000738143921,356.0,0.0158242117613554,50.0,2.0631323423003778e-05,9.651761502027512e-05,0.9446895122528076,0.32452499866485596,354.0,0.2355571985244751,0.2105678915977478,0.024989306926727295,339.0,0.22282284498214722,364.0,0.22577939927577972,25.0,0.0008489569299854338,0.000977779971435666,6.004029750823975,0.5292649269104004,False
1500015HILL2FP,1,2021,0,No,False,365,False,1.0,0.1864795833826065,0.1316920816898346,0.05478750169277191,0.0,,7.0,0.15728554129600525,7.0,,0.004865673836320639,1.1091346740722656,0.25313615798950195,1.0,0.3483387231826782,0.2665416896343231,0.0817970335483551,0.0,,11.0,0.30870509147644043,11.0,,0.003963363356888294,3.434537887573242,0.635850191116333,1.0,0.1010643020272255,0.05430115386843681,0.04676314815878868,0.0,,6.0,0.07948405295610428,6.0,,0.004316049627959728,0.49077919125556946,0.19212284684181213,1.0,0.01165767665952444,0.00705912197008729,0.004598554689437151,0.0,,7.0,0.009171789512038231,7.0,,0.0004143145342823118,0.06701898574829102,0.021134693175554276,319.0,0.7240771651268005,0.2852766513824463,0.43880051374435425,113.0,0.5039047598838806,356.0,0.5044612884521484,243.0,0.0010687981266528368,0.005935564171522856,145.17637634277344,75.5688705444336,False
1500015HILL2FP,2,2022,0,No,False,59,False,1.0,0.12220312654972076,0.10640759766101837,0.015795528888702393,0.0,,6.0,0.11499297618865967,6.0,,0.0014420300722122192,0.6520639061927795,0.0668221116065979,27.0,0.2828112840652466,0.25615382194519043,0.026657462120056152,9.0,0.2700953483581543,49.0,0.2691880166530609,40.0,0.0007064408855512738,0.0006192394066601992,11.400619506835938,0.8983125686645508,1.0,0.06580983102321625,0.04569503664970398,0.020114794373512268,0.0,,10.0,0.0555233396589756,10.0,,0.0011429435107856989,0.579875111579895,0.1457722783088684,4.0,0.006555571686476469,0.005328083410859108,0.001227488275617361,1.0,0.00650783721357584,19.0,0.005933727137744427,18.0,1.591149157320615e-05,4.145630373386666e-05,0.1175595074892044,0.018989965319633484,1.0,0.43297311663627625,0.30447864532470703,0.1284944713115692,0.0,,25.0,0.36814552545547485,25.0,,0.0027011495549231768,9.54250717163086,2.082780361175537,False
1500015HILLFP1,0,2019,0,No,False,61,False,327.0,0.31367212533950806,0.20579910278320312,0.10787302255630493,305.0,0.27982428669929504,346.0,0.26063072681427,41.0,0.0015385381411761045,0.0027916524559259415,12.389649391174316,3.8489866256713867,327.0,0.4877103269100189,0.3892707824707031,0.0984395444393158,305.0,0.4666299521923065,345.0,0.44084084033966064,40.0,0.0009581988560967147,0.0026038603391498327,19.276268005371094,3.510801315307617,325.0,0.2646785080432892,0.15814822912216187,0.10653027892112732,305.0,0.24572454392910004,345.0,0.21063004434108734,40.0,0.0009476981940679252,0.0027024231385439634,10.20901107788086,3.8040075302124023,332.0,0.031828541308641434,0.021796301007270813,0.01003224030137062,308.0,0.026957495138049126,350.0,0.026791324838995934,42.0,0.00020296026195865124,0.0002798453497234732,1.2895065546035767,0.3522655963897705,305.0,0.8584378957748413,0.8058493137359619,0.052588582038879395,0.0,,346.0,0.8320670127868652,346.0,,0.0006431922665797174,34.63472366333008,1.1919784545898438,False
1500015HILLFP1,1,2020,1,Mixed,False,366,False,319.0,0.47909706830978394,0.09619948267936707,0.38289758563041687,289.0,0.28558018803596497,347.0,0.28400918841362,58.0,0.006450562737882137,0.006967424415051937,24.164485931396484,18.48871612548828,317.0,0.623883843421936,0.2391124665737152,0.3847713768482208,289.0,0.428108274936676,348.0,0.42832106351852417,59.0,0.006991984788328409,0.006308476906269789,33.28500747680664,18.93825912475586,315.0,0.4172919690608978,0.02186695858836174,0.395425021648407,286.0,0.21670407056808472,344.0,0.22321730852127075,58.0,0.006916824262589216,0.006692229770123959,20.42171859741211,19.131568908691406,309.0,0.028655562549829483,0.005074638873338699,0.023580923676490784,281.0,0.017153950408101082,345.0,0.01690715178847313,64.0,0.0004107718705199659,0.0003263447433710098,1.583270788192749,1.253419280052185,1.0,0.7440500259399414,0.4328024387359619,0.3112475872039795,0.0,,207.0,0.5847834348678589,207.0,,0.0007731387740932405,78.68590545654297,-10.904205322265625,True
1500015HILLFP1,2,2021,0,No,False,59,False,1.0,0.1156613752245903,0.10037653148174286,0.015284843742847443,0.0,,3.0,0.10808133333921432,3.0,,0.0037900209426879883,0.27760306000709534,0.026661723852157593,1.0,0.28219538927078247,0.2637985348701477,0.018396854400634766,0.0,,4.0,0.2721981704235077,4.0,,0.0033324062824249268,0.9670149087905884,0.04372000694274902,59.0,0.04006801173090935,0.030457939952611923,0.009610071778297424,44.0,0.035326819866895676,0.0,,-44.0,0.0003160794440191239,,0.0,0.0,1.0,0.007085280027240515,0.00493594678118825,0.002149333246052265,0.0,,9.0,0.005996341817080975,9.0,,0.00013611727626994252,0.05440572276711464,0.01245017722249031,1.0,0.6104147434234619,0.5483847856521606,0.06202995777130127,0.0,,7.0,0.5801178812980652,7.0,,0.005049476865679026,3.859954357147217,0.2954533100128174,False
1500015HILLFP2,0,2020,1,Mixed,False,179,True,322.0,0.32076916098594666,0.15192252397537231,0.16884663701057434,294.0,0.23587830364704132,359.0,0.23790450394153595,65.0,0.0030318163335323334,0.0022395853884518147,19.163246154785156,9.136359214782715,319.0,0.4728983938694,0.27844852209091187,0.19444987177848816,293.0,0.37248295545578003,357.0,0.3767862021923065,64.0,0.00386213231831789,0.002529268153011799,28.43686294555664,10.33770751953125,316.0,0.26017844676971436,0.0616503581404686,0.19852808117866516,289.0,0.16005408763885498,353.0,0.16174709796905518,64.0,0.00370830949395895,0.0026603066362440586,14.436226844787598,10.428953170776367,311.0,0.019441813230514526,0.008584796451032162,0.010857016779482365,288.0,0.013852973468601704,364.0,0.014761951752007008,76.0,0.00024299303186126053,8.829927537590265e-05,1.3562254905700684,0.6951961517333984,188.0,0.4655965566635132,0.20103543996810913,0.26456111669540405,0.0,,230.0,0.3345460593700409,230.0,,0.0031202498357743025,17.5423641204834,8.89784049987793,False
1500015OLDLINSP,0,2020,1,Herbicide,False,188,True,108.0,0.806223452091217,0.07117590308189392,0.7350475788116455,81.0,0.4349810779094696,134.0,0.4316003918647766,53.0,0.013749717734754086,0.014408579096198082,36.01252746582031,32.169029235839844,105.0,0.8114694952964783,0.26401203870773315,0.5474574565887451,75.0,0.5432661771774292,134.0,0.5343875288963318,59.0,0.00894011091440916,0.009554550983011723,42.6639289855957,26.823205947875977,105.0,0.6209049224853516,0.0003670398145914078,0.6205378770828247,76.0,0.31458160281181335,132.0,0.3040081262588501,56.0,0.01056287344545126,0.011736918240785599,28.788249969482422,28.7673282623291,113.0,0.052729953080415726,0.0023704038467258215,0.05035955086350441,76.0,0.027269484475255013,138.0,0.027222860604524612,62.0,0.0006881207809783518,0.0010202836710959673,2.731067657470703,2.5817322731018066,120.0,0.6500152349472046,0.18086747825145721,0.4691477417945862,91.0,0.4116632342338562,141.0,0.41869670152664185,50.0,0.008219034411013126,0.011015168391168118,28.512603759765625,19.288362503051758,True
1500015OLDLINSP,1,2021,0,No,False,59,True,330.0,0.09378378838300705,0.05009286105632782,0.04369092732667923,307.0,0.07855954021215439,348.0,0.07187043875455856,41.0,0.0006619238411076367,0.001217408338561654,3.621309757232666,1.5424559116363525,338.0,0.26715558767318726,0.1728150099515915,0.09434057772159576,316.0,0.21998493373394012,352.0,0.2207106351852417,36.0,0.0021441206336021423,0.003317496506497264,9.111715316772461,2.717559814453125,334.0,0.017062338069081306,-0.00151483912486583,0.018577177077531815,314.0,0.008089237846434116,351.0,0.008079156279563904,37.0,0.0004486550169531256,0.0005284224753268063,0.5191197395324707,0.5766836404800415,365.0,0.009202203713357449,0.005809244234114885,0.0033929594792425632,358.0,0.0075217559933662415,0.0,,-358.0,0.00024006396415643394,,0.0,0.0,310.0,0.41750049591064453,0.2638673186302185,0.15363317728042603,307.0,0.4142451882362366,327.0,0.33889737725257874,20.0,0.0010851025581359863,0.004623712971806526,8.027827262878418,2.6185474395751953,False
1500015PECK1SP,0,2021,1,Mixed,False,181,True,135.0,0.8802556991577148,0.09081965684890747,0.7894360423088074,107.0,0.4786805808544159,165.0,0.4755047559738159,58.0,0.014341968111693859,0.013491698540747166,43.280845642089844,37.9224853515625,134.0,0.8582268953323364,0.3121199607849121,0.5461069345474243,103.0,0.5905349254608154,168.0,0.5784888863563538,65.0,0.008635224774479866,0.00822758860886097,50.274024963378906,29.67410659790039,133.0,0.6710643768310547,0.014637259766459465,0.6564271450042725,104.0,0.3427192270755768,164.0,0.34526389837265015,60.0,0.011322246864438057,0.010509693063795567,33.77955627441406,32.88668441772461,150.0,0.04828841611742973,0.01746649481356144,0.030821921303868294,112.0,0.03271777927875519,179.0,0.03332425281405449,67.0,0.00040975361480377614,0.0005160056171007454,2.927445411682129,1.7397236824035645,152.0,0.7735623717308044,0.30775243043899536,0.4658099412918091,122.0,0.5440050363540649,178.0,0.5366957783699036,56.0,0.007651911117136478,0.009110253304243088,39.2029914855957,21.66110610961914,True
1500015PECK1SP1,0,2020,1,Other,False,19,True,348.0,0.08836635202169418,0.0739097148180008,0.01445663720369339,0.0,,357.0,0.08092297613620758,357.0,,0.0008270417456515133,0.8391082882881165,0.10001111030578613,348.0,0.2619650363922119,0.2459840178489685,0.015981018543243408,0.0,,357.0,0.2543925344944,357.0,,0.0008413891191594303,2.5747461318969727,0.11490583419799805,348.0,0.017860524356365204,0.01552608236670494,0.002334441989660263,0.0,,356.0,0.016734380275011063,356.0,,0.00014076801016926765,0.15443000197410583,0.01469525694847107,1.0,0.006606953218579292,0.005476517602801323,0.0011304356157779694,0.0,,0.0,,0.0,,,0.0,0.0,348.0,0.2618327736854553,0.2049327790737152,0.05689999461174011,0.0,,357.0,0.23225584626197815,357.0,,0.0032863253727555275,2.441392183303833,0.39206433296203613,False
1500015PECK2SP,0,2021,1,Mixed,False,181,True,135.0,0.8321297764778137,0.1344211846590042,0.6977086067199707,107.0,0.481475293636322,167.0,0.47492918372154236,60.0,0.012523374520242214,0.01116251852363348,43.03106689453125,34.83137512207031,133.0,0.838952898979187,0.3365185856819153,0.5024343132972717,104.0,0.5870803594589233,170.0,0.5813944935798645,66.0,0.008685260079801083,0.0069610378704965115,50.33928680419922,27.792543411254883,133.0,0.641482949256897,0.06800340116024017,0.5734795331954956,105.0,0.3611404597759247,167.0,0.34914475679397583,62.0,0.010012231767177582,0.00859818235039711,33.99907684326172,29.714862823486328,146.0,0.04428131878376007,0.012944999150931835,0.03133631870150566,106.0,0.028292322531342506,173.0,0.02861810103058815,67.0,0.000399724900489673,0.000580119201913476,2.6069374084472656,1.7266775369644165,146.0,0.6903733015060425,0.25655099749565125,0.43382230401039124,118.0,0.4774821996688843,173.0,0.47555026412010193,55.0,0.0076032537035644054,0.007956408895552158,34.18922424316406,19.822368621826172,True
1500015PECK2SP1,0,2020,1,Other,False,19,True,348.0,0.08482640981674194,0.06910856813192368,0.015717841684818268,0.0,,357.0,0.0766659751534462,357.0,,0.0009067149367183447,0.7993729114532471,0.10828721523284912,348.0,0.33796223998069763,0.21629104018211365,0.12167119979858398,0.0,,357.0,0.2747926414012909,357.0,,0.00701884413138032,3.001157283782959,0.8382470607757568,1.0,0.016061019152402878,0.01301139872521162,0.0030496204271912575,0.0,,0.0,,0.0,,,0.0,0.0,348.0,0.007771323900669813,0.005594426766037941,0.002176897134631872,0.0,,357.0,0.006629783660173416,357.0,,0.00012683781096711755,0.0708724707365036,0.014928203076124191,348.0,0.23155610263347626,0.18960730731487274,0.041948795318603516,0.0,,356.0,0.2117965817451477,356.0,,0.002469940111041069,1.9735143184661865,0.2670484781265259,False
1500015PECK3SP,0,2020,1,Fungicide,False,188,True,102.0,0.7920457720756531,0.05257897078990936,0.7394667863845825,74.0,0.42774465680122375,129.0,0.4110405445098877,55.0,0.013010754249989986,0.01411130465567112,36.45427703857422,33.50985336303711,102.0,0.8118793368339539,0.1856910139322281,0.626188337802887,70.0,0.5048933029174805,131.0,0.5024172067642212,61.0,0.009593313559889793,0.010671108029782772,43.093807220458984,31.580963134765625,100.0,0.619242250919342,0.003735649399459362,0.6155065894126892,72.0,0.31123316287994385,126.0,0.31961971521377563,54.0,0.011000324971973896,0.011523943394422531,27.831859588623047,27.62639808654785,107.0,0.049097027629613876,0.0027091612573713064,0.046387866139411926,71.0,0.026175037026405334,134.0,0.02638186141848564,63.0,0.0006367219612002373,0.0008413024479523301,2.6190414428710938,2.445655107498169,113.0,0.5883280634880066,0.17479759454727173,0.41353046894073486,85.0,0.37976157665252686,135.0,0.3773723840713501,50.0,0.0074488031677901745,0.009588894434273243,25.983570098876953,17.068893432617188,True
1500015PECK3SP,1,2021,1,Other,False,59,True,320.0,0.09463468194007874,0.06966359168291092,0.024971090257167816,307.0,0.08883853256702423,339.0,0.08186081796884537,32.0,0.0004458576440811157,0.0006723086116835475,2.9560048580169678,0.6919381618499756,326.0,0.2750866413116455,0.1852109730243683,0.08987566828727722,307.0,0.2582210302352905,345.0,0.23228922486305237,38.0,0.0008876637439243495,0.002252495614811778,10.198348999023438,3.0677266120910645,323.0,0.020298192277550697,0.002547195879742503,0.017750997096300125,307.0,0.011860353872179985,340.0,0.011707933619618416,33.0,0.0005273649003356695,0.0005053093191236258,0.576014518737793,0.4906834363937378,365.0,0.009465728886425495,0.005805776920169592,0.0036599519662559032,358.0,0.007582038640975952,0.0,,-358.0,0.000269098614808172,,0.0,0.0,307.0,0.49599453806877136,0.30104613304138184,0.19494840502738953,0.0,,319.0,0.3966202139854431,319.0,,0.008281193673610687,5.680944442749023,1.917867660522461,False
1500015SC10B1SP,0,2020,1,Fungicide,False,188,True,140.0,0.8141555190086365,0.11186224967241287,0.7022932767868042,112.0,0.4531237483024597,171.0,0.46146783232688904,59.0,0.01289399154484272,0.011377022601664066,41.176185607910156,34.46445083618164,139.0,0.8255441188812256,0.28873783349990845,0.5368062853813171,111.0,0.5559011697769165,172.0,0.5596208572387695,61.0,0.009630105458199978,0.008058280684053898,45.34116744995117,27.439422607421875,139.0,0.6454999446868896,0.0349196195602417,0.610580325126648,111.0,0.34198758006095886,170.0,0.34372082352638245,59.0,0.010839727707207203,0.009734810329973698,32.28718185424805,30.192005157470703,151.0,0.0463528148829937,0.009609262458980083,0.03674355149269104,109.0,0.027743462473154068,178.0,0.028655322268605232,69.0,0.0004430798289831728,0.00065546267433092,2.8446288108825684,2.171980381011963,156.0,0.6866528391838074,0.2791767716407776,0.4074760675430298,124.0,0.48824945092201233,185.0,0.48051854968070984,61.0,0.006200105883181095,0.007108078803867102,38.1931266784668,20.88416862487793,True
1500015SC10B1SP,1,2021,0,No,False,59,True,307.0,0.15332801640033722,0.08698507398366928,0.06634294241666794,0.0,,311.0,0.11982869356870651,311.0,,0.008374830707907677,0.6021929979324341,0.2107601761817932,307.0,0.3084512948989868,0.19740904867649078,0.11104224622249603,0.0,,313.0,0.25584644079208374,313.0,,0.008767475374042988,1.808432936668396,0.5252741575241089,307.0,0.057933509349823,0.028210515156388283,0.029722994193434715,0.0,,309.0,0.04306573420763016,309.0,,0.00743388757109642,0.1221536248922348,0.05162733793258667,307.0,0.013538634404540062,0.007734615355730057,0.005804019048810005,0.0,,310.0,0.010313235223293304,310.0,,0.0010751330992206931,0.04080859571695328,0.013737441971898079,307.0,0.44745326042175293,0.2849600911140442,0.16249316930770874,0.0,,319.0,0.3625657260417938,319.0,,0.0070739611983299255,5.046283721923828,1.4842824935913086,False
1500015SC10B2SP,0,2021,0,No,False,56,True,1.0,0.09859295934438705,0.09128686785697937,0.007306091487407684,0.0,,16.0,0.09480752795934677,16.0,,0.00025236207875423133,1.5023921728134155,0.08744573593139648,1.0,0.3199998140335083,0.26132142543792725,0.058678388595581055,0.0,,19.0,0.29151976108551025,19.0,,0.0015822252025827765,5.643695831298828,0.8092494010925293,8.0,0.021964145824313164,0.016620267182588577,0.0053438786417245865,1.0,0.021685311570763588,23.0,0.01917007751762867,22.0,3.983346323366277e-05,0.00018627122335601598,0.47887158393859863,0.1049155592918396,56.0,0.005603852681815624,0.004295950755476952,0.0013079019263386726,48.0,0.004923071246594191,0.0,,-48.0,8.50976794026792e-05,,0.0,0.0,1.0,0.2592473328113556,0.20076274871826172,0.05848458409309387,0.0,,14.0,0.23076516389846802,14.0,,0.0021909361239522696,3.3087191581726074,0.5984220504760742,False
1500015SC10B3SP,0,2020,1,Fungicide,False,188,True,129.0,0.7953663468360901,0.06920402497053146,0.726162314414978,101.0,0.4379398822784424,156.0,0.4337939918041229,55.0,0.012765230610966682,0.013391568325459957,37.02987289428711,33.15444564819336,127.0,0.8234590888023376,0.2209705263376236,0.6024885773658752,97.0,0.5207997560501099,158.0,0.5168165564537048,61.0,0.010088643990457058,0.009891694411635399,44.20363235473633,30.503459930419922,127.0,0.6382114887237549,0.0023703603073954582,0.6358411312103271,98.0,0.31977593898773193,156.0,0.31407156586647034,58.0,0.010980536229908466,0.011177239008247852,30.769798278808594,30.629947662353516,134.0,0.050790417939424515,0.0042004273273050785,0.046589989215135574,96.0,0.028029682114720345,166.0,0.027476416900753975,70.0,0.0005989667261019349,0.0007285625324584544,3.055875778198242,2.75764536857605,143.0,0.658868134021759,0.20205305516719818,0.45681506395339966,118.0,0.4337892234325409,166.0,0.43748828768730164,48.0,0.009003156796097755,0.009625210426747799,28.263269424438477,18.3626708984375,True
1500015SC10B3SP,1,2021,1,Other,False,59,True,332.0,0.08629119396209717,0.050300806760787964,0.035990387201309204,310.0,0.06826096773147583,349.0,0.06737910211086273,39.0,0.0008195557165890932,0.0011124759912490845,3.148852825164795,1.1368205547332764,337.0,0.2643657624721527,0.16656431555747986,0.09780144691467285,317.0,0.21485914289951324,351.0,0.2156323939561844,34.0,0.0024753310717642307,0.0034809547942131758,8.514738082885742,2.6849870681762695,340.0,0.020490683615207672,0.0036231912672519684,0.016867492347955704,326.0,0.012232559733092785,365.0,0.012422633357346058,39.0,0.0005898660165257752,0.00032272201497107744,0.6789342761039734,0.5358182191848755,365.0,0.01812807284295559,0.010202661156654358,0.007925411686301231,356.0,0.014054541476070881,0.0,,-356.0,0.0004526145930867642,,0.0,0.0,317.0,0.317331463098526,0.2646253705024719,0.05270609259605408,307.0,0.2892114520072937,328.0,0.2907157838344574,21.0,0.0028120011556893587,0.002419607248157263,6.5932698249816895,0.9038243293762207,False
1500015SC10B4SP,0,2020,1,Fungicide,False,188,True,132.0,0.8280913829803467,0.0756102055311203,0.7524811625480652,102.0,0.4469166100025177,161.0,0.45826682448387146,59.0,0.012705826200544834,0.012752571143209934,41.50910568237305,36.97249221801758,130.0,0.8105893731117249,0.26068657636642456,0.5499027967453003,99.0,0.5293850302696228,163.0,0.5351195931434631,64.0,0.00907110795378685,0.008347569033503532,46.301910400390625,29.357280731201172,130.0,0.6215423941612244,0.00970908347517252,0.6118333339691162,99.0,0.3083835244178772,160.0,0.3240588903427124,61.0,0.010101898573338985,0.00991611648350954,31.81477165222168,31.21280860900879,140.0,0.05050266534090042,0.0057370541617274284,0.04476561024785042,103.0,0.02775219827890396,168.0,0.02844759076833725,65.0,0.0006148774991743267,0.0007876812596805394,2.8042192459106445,2.4255735874176025,147.0,0.6599123477935791,0.21528418362140656,0.44462817907333374,119.0,0.43961459398269653,173.0,0.43636175990104675,54.0,0.007867776788771152,0.00859809946268797,31.765949249267578,19.92531967163086,True
1500015SC10B4SP,1,2021,1,Other,False,59,True,307.0,0.07936383783817291,0.05025835335254669,0.02910548448562622,0.0,,342.0,0.06502720713615417,342.0,,0.0004096180200576782,2.4799318313598633,0.6957603693008423,307.0,0.2793219983577728,0.18492521345615387,0.09439678490161896,0.0,,344.0,0.23353804647922516,344.0,,0.001237404067069292,9.890928268432617,2.956233024597168,335.0,0.010895729064941406,-0.0030895592644810677,0.013985288329422474,320.0,0.003670008387416601,351.0,0.003765877801924944,31.0,0.00048171469825319946,0.0004456157039385289,0.26113390922546387,0.35999980568885803,365.0,0.0153545793145895,0.008918512612581253,0.006436066702008247,356.0,0.01213133055716753,0.0,,-356.0,0.00035813875729218125,,0.0,0.0,307.0,0.301300048828125,0.24768678843975067,0.05361326038837433,0.0,,315.0,0.2754572927951813,315.0,,0.0032303445041179657,2.4371018409729004,0.33176422119140625,False
1500015SCONESP,0,2021,0,No,False,59,True,331.0,0.08839763700962067,0.06609541922807693,0.02230221778154373,307.0,0.0820445567369461,348.0,0.0766315683722496,41.0,0.0002647116780281067,0.000692121684551239,3.5321645736694336,0.7892045974731445,336.0,0.28079456090927124,0.16699029505252838,0.11380426585674286,308.0,0.22379787266254425,351.0,0.22138400375843048,43.0,0.002035595942288637,0.00396070396527648,11.265514373779297,3.917941093444824,333.0,0.018539411947131157,0.00707806833088398,0.011461343616247177,314.0,0.0167506355792284,348.0,0.012852704152464867,34.0,9.414612577529624e-05,0.0003791138587985188,0.5988779067993164,0.35114550590515137,365.0,0.012751976028084755,0.00849312637001276,0.004258849658071995,358.0,0.010470163077116013,0.0,,-358.0,0.00032597329118289053,,0.0,0.0,365.0,0.577618420124054,0.4303482472896576,0.14727017283439636,349.0,0.5019530653953552,0.0,,-349.0,0.004729084670543671,,0.0,0.0,False
1500015SEC1B1SP,0,2021,0,No,False,59,True,307.0,0.10071029514074326,0.08243739604949951,0.018272899091243744,0.0,,337.0,0.0914849266409874,337.0,,0.0003075122949667275,2.931422710418701,0.4170820713043213,318.0,0.24798953533172607,0.18828555941581726,0.059703975915908813,307.0,0.24629847705364227,347.0,0.21821796894073486,40.0,0.0001537325733806938,0.0010266057215631008,9.863656044006348,2.2380905151367188,307.0,0.024273628368973732,0.011053761467337608,0.013219866901636124,0.0,,335.0,0.017931638285517693,335.0,,0.00022649964375887066,0.6301525831222534,0.3151203989982605,365.0,0.0067274440079927444,0.004928445443511009,0.0017989985644817352,357.0,0.0058519006706774235,0.0,,-357.0,0.00010944291716441512,,0.0,0.0,307.0,0.6434063911437988,0.36429691314697266,0.27910947799682617,0.0,,313.0,0.5053036212921143,313.0,,0.02301712892949581,3.6988205909729004,1.3308906555175781,False
1500015SEC1B2SP,0,2021,1,Fungicide,False,181,True,106.0,0.84885174036026,0.05543924868106842,0.7934125065803528,77.0,0.45888790488243103,135.0,0.455795019865036,58.0,0.013447028584778309,0.013553679920732975,41.66817855834961,38.39726257324219,105.0,0.8628832697868347,0.23653317987918854,0.6263501048088074,74.0,0.5473142862319946,136.0,0.5510208010673523,62.0,0.010179644450545311,0.010060079395771027,47.1976318359375,32.29603958129883,104.0,0.6797966361045837,-0.011872457340359688,0.6916691064834595,74.0,0.32895955443382263,133.0,0.3268044590950012,59.0,0.011694569140672684,0.012172143906354904,33.09738540649414,33.80973434448242,110.0,0.048502303659915924,0.0020718565210700035,0.046430446207523346,73.0,0.025297898799180984,139.0,0.025690482929348946,66.0,0.0006271461024880409,0.0007866144878789783,2.7271695137023926,2.58835506439209,119.0,0.681449294090271,0.1533602625131607,0.5280890464782715,92.0,0.42030519247055054,142.0,0.40980109572410583,50.0,0.009672003798186779,0.011810791678726673,29.595788955688477,21.774415969848633,True
1500015SEC1B3SP,0,2021,1,Fungicide,False,181,True,104.0,0.8360289335250854,0.05404701083898544,0.7819819450378418,74.0,0.44592490792274475,132.0,0.455250084400177,58.0,0.013003467582166195,0.013599244877696037,40.9527473449707,37.763973236083984,102.0,0.8515101075172424,0.2345532476902008,0.6169568300247192,70.0,0.5373213887214661,134.0,0.5357089638710022,64.0,0.009818397462368011,0.009868785738945007,47.76084518432617,32.51488494873047,101.0,0.667299211025238,-0.003403264097869396,0.6707024574279785,71.0,0.3302116096019745,130.0,0.32177579402923584,59.0,0.011236253194510937,0.011914600618183613,32.497257232666016,32.701454162597656,106.0,0.05052260681986809,0.0025759036652743816,0.04794670268893242,70.0,0.02716214954853058,134.0,0.026479145511984825,64.0,0.0006489015650004148,0.0008586950716562569,2.7566490173339844,2.5892152786254883,116.0,0.6565548181533813,0.19709691405296326,0.4594579041004181,91.0,0.43094924092292786,137.0,0.42644035816192627,46.0,0.009024223312735558,0.010957831516861916,26.719688415527344,17.456132888793945,True
1500015SEC1B4SP,0,2021,1,Fungicide,False,181,True,100.0,0.8079510927200317,0.06052160635590553,0.7474294900894165,70.0,0.4364268481731415,127.0,0.4426433742046356,57.0,0.0123841417953372,0.013529915362596512,38.83978271484375,35.32952880859375,98.0,0.8339853286743164,0.23684436082839966,0.5971409678459167,64.0,0.5317704677581787,128.0,0.5410511493682861,64.0,0.008888672105967999,0.0097644729539752,46.90498352050781,31.510101318359375,97.0,0.6474125981330872,-0.0005402411334216595,0.6479528546333313,67.0,0.33052095770835876,125.0,0.3153822124004364,58.0,0.01056305505335331,0.011858227662742138,31.027603149414062,31.059476852416992,100.0,0.049363311380147934,0.0025582939852029085,0.046805016696453094,66.0,0.02542014978826046,128.0,0.025336192920804024,62.0,0.0007042106590233743,0.0008581113652326167,2.5559051036834717,2.3947324752807617,181.0,0.7111696004867554,0.4221230447292328,0.2890465557575226,96.0,0.5648256540298462,0.0,,-96.0,0.0017216934356838465,,0.0,0.0,True
1500015SKONSP,0,2020,1,Herbicide,False,210,True,89.0,0.7162278294563293,0.06099201738834381,0.6552358269691467,58.0,0.3839116394519806,114.0,0.3975459933280945,56.0,0.010719876736402512,0.012747273780405521,33.81553649902344,30.338991165161133,86.0,0.7630032896995544,0.24410191178321838,0.5189013481140137,53.0,0.5016694664955139,114.0,0.5025901794433594,61.0,0.007919207215309143,0.009300468489527702,41.310279846191406,26.175962448120117,85.0,0.5608611106872559,-0.0011644656769931316,0.5620255470275879,55.0,0.2792888879776001,111.0,0.2855256199836731,56.0,0.009385740384459496,0.010589826852083206,26.142494201660156,26.2088680267334,87.0,0.047043584287166595,0.005037800408899784,0.042005784809589386,56.0,0.025816289708018303,116.0,0.025742778554558754,60.0,0.0006847514305263758,0.000734510540496558,2.4197754859924316,2.1124696731567383,100.0,0.7571057677268982,0.365825355052948,0.3912804126739502,43.0,0.5624691843986511,124.0,0.5590087175369263,81.0,0.0034146769903600216,0.008254043757915497,56.556209564208984,26.558528900146484,True
1500015SWC1B1SP,0,2020,1,Fungicide,False,188,True,105.0,0.797757089138031,0.05232254043221474,0.7454345226287842,77.0,0.43329012393951416,130.0,0.43644067645072937,53.0,0.01301667746156454,0.014452656731009483,35.6953125,32.869895935058594,103.0,0.8086832165718079,0.1710452139377594,0.6376379728317261,71.0,0.49567660689353943,132.0,0.4948371946811676,61.0,0.009781456552445889,0.010822276584804058,42.83312225341797,32.22831726074219,101.0,0.6287657618522644,-0.004261086694896221,0.6330268383026123,73.0,0.3141539394855499,127.0,0.320043683052063,54.0,0.01123613677918911,0.011873926036059856,28.24161148071289,28.475971221923828,107.0,0.04718400165438652,0.001921018585562706,0.045262984931468964,69.0,0.024044247344136238,132.0,0.024693120270967484,63.0,0.0006089408998377621,0.0008996352553367615,2.5147552490234375,2.3918099403381348,174.0,0.622599720954895,0.32286620140075684,0.2997335195541382,100.0,0.4697725176811218,188.0,0.5533936619758606,88.0,0.002065232489258051,0.004943289794027805,44.05064010620117,15.476980209350586,True
1500027CLARE2,0,2020,1,Fungicide,False,178,True,308.0,0.5265913009643555,0.04734065383672714,0.47925063967704773,285.0,0.2879069149494171,330.0,0.2834033668041229,45.0,0.010377582162618637,0.011053997091948986,19.902063369750977,17.724393844604492,308.0,0.6498396396636963,0.2347768247127533,0.415062814950943,285.0,0.4412941038608551,333.0,0.4423467218875885,48.0,0.00906719733029604,0.008299716748297215,27.873340606689453,16.36927604675293,307.0,0.41724449396133423,-0.009820075705647469,0.42706456780433655,283.0,0.20700860023498535,330.0,0.2049359381198883,47.0,0.008759829215705395,0.00923080649226904,16.114652633666992,16.586015701293945,303.0,0.02245454303920269,0.0047193109057843685,0.017735231667757034,276.0,0.013483749702572823,332.0,0.013776048086583614,56.0,0.0003322515985928476,0.0002992584486491978,1.0959763526916504,0.8269755840301514,319.0,0.4987102448940277,0.3296051621437073,0.16910508275032043,243.0,0.4141428768634796,354.0,0.4131573438644409,111.0,0.001112728496082127,0.002444368554279208,52.087974548339844,15.172199249267578,True
1500027HERSHEY,0,2020,0,No,False,61,False,306.0,0.10568471252918243,0.09276548773050308,0.012919224798679352,0.0,,314.0,0.09943213313817978,314.0,,0.0007815724238753319,0.9158934950828552,0.08100414276123047,360.0,0.3271600306034088,0.3004043996334076,0.02675563097000122,347.0,0.31317585706710815,364.0,0.3259938657283783,17.0,0.001075705629773438,0.0002915412187576294,5.816064357757568,0.4087848663330078,353.0,0.02585998922586441,0.022241532802581787,0.0036184564232826233,340.0,0.0240925382822752,364.0,0.02467695064842701,24.0,0.00013595775817520916,0.00010754896356957033,0.6327782273292542,0.0767398476600647,1.0,0.009240187704563141,0.006415597163140774,0.002824590541422367,0.0,,306.0,0.0037174883764237165,306.0,,1.8107210053130984e-05,0.0064788381569087505,6.324099376797676e-05,1.0,0.4739130437374115,0.402303010225296,0.07161003351211548,0.0,,306.0,0.34852874279022217,306.0,,0.00041109605808742344,0.411220908164978,0.008917897939682007,False
1500027HERSHEY,1,2021,0,No,False,365,False,119.0,0.6286023855209351,0.079184390604496,0.5494179725646973,83.0,0.3571701645851135,145.0,0.3608197867870331,62.0,0.007539784070104361,0.010299330577254295,33.17823028564453,28.189613342285156,117.0,0.7220099568367004,0.2566051483154297,0.46540480852127075,80.0,0.48480549454689026,147.0,0.4895166754722595,67.0,0.00641093123704195,0.007749775890260935,43.22370147705078,25.774551391601562,116.0,0.4674886465072632,0.008563060313463211,0.4589255750179291,81.0,0.2412775158882141,144.0,0.23230206966400146,63.0,0.006463175173848867,0.008399521000683308,24.47454833984375,23.926511764526367,118.0,0.03755892068147659,0.004927727393805981,0.03263119235634804,82.0,0.021203555166721344,146.0,0.021497823297977448,64.0,0.0004543157119769603,0.0005736105958931148,2.032644271850586,1.7123420238494873,125.0,0.7816310524940491,0.36227691173553467,0.4193541407585144,61.0,0.5697802901268005,155.0,0.5705719590187073,94.0,0.0033101681619882584,0.007035302929580212,65.31707763671875,30.900772094726562,True
1500027HERSHEY,2,2022,0,No,False,59,False,39.0,0.32239335775375366,0.19615903496742249,0.12623432278633118,23.0,0.2561204433441162,55.0,0.256144255399704,32.0,0.004142057150602341,0.004140568897128105,9.816811561584473,3.3435635566711426,42.0,0.48238515853881836,0.3802230656147003,0.10216209292411804,27.0,0.43403273820877075,59.0,0.4327663481235504,32.0,0.003223494626581669,0.0029187535401433706,15.078536987304688,2.7212867736816406,39.0,0.2184266597032547,0.1109764575958252,0.1074502021074295,24.0,0.16586308181285858,54.0,0.16721607744693756,30.0,0.0035042385570704937,0.0034140388015657663,6.1671857833862305,2.7269155979156494,59.0,0.017068207263946533,0.012967906892299652,0.004100300371646881,53.0,0.015045738779008389,0.0,,-53.0,0.00033707809052430093,,0.0,0.0,44.0,0.46338167786598206,0.37661153078079224,0.08677014708518982,29.0,0.4216866195201874,59.0,0.4457740783691406,30.0,0.002779670525342226,0.0011738400207832456,13.799707412719727,2.3130550384521484,False
1500027HERSHEYS,0,2021,0,No,False,150,True,326.0,0.5316439867019653,0.062551349401474,0.46909263730049133,298.0,0.2970143258571625,349.0,0.29545333981513977,51.0,0.008379630744457245,0.010269158519804478,22.88827896118164,19.635608673095703,327.0,0.6427912712097168,0.16398471593856812,0.4788065552711487,292.0,0.40562257170677185,349.0,0.4116252064704895,57.0,0.006776248570531607,0.010507548227906227,31.941837310791016,22.43072509765625,325.0,0.41622570157051086,-0.006415088195353746,0.4226408004760742,297.0,0.20967231690883636,349.0,0.2015158087015152,52.0,0.0073769064620137215,0.008946245536208153,17.7557373046875,18.09573745727539,312.0,0.030118942260742188,0.013198883272707462,0.0169200599193573,291.0,0.02191712148487568,348.0,0.023603638634085655,57.0,0.0003905628982465714,0.00018098065629601479,1.5713609457015991,0.8058257102966309,345.0,0.7351524829864502,0.599873423576355,0.13527905941009521,295.0,0.6696879863739014,365.0,0.7200465798377991,70.0,0.0013092899462208152,0.0007552951574325562,50.996337890625,8.705265045166016,True
1500027K2F,0,2019,0,No,False,61,False,362.0,0.13115771114826202,0.11029136180877686,0.02086634933948517,352.0,0.12057868391275406,365.0,0.13023751974105835,13.0,0.0010579027002677321,0.00030673047876916826,1.7265894412994385,0.2376561164855957,365.0,0.35044679045677185,0.3168715238571167,0.03357526659965515,357.0,0.3333471715450287,0.0,,-357.0,0.0021374523639678955,,0.0,0.0,362.0,0.0793926790356636,0.04810188710689545,0.03129079192876816,350.0,0.06361521035432816,365.0,0.07792361825704575,15.0,0.001314789056777954,0.0004896869068033993,1.1543219089508057,0.40874260663986206,355.0,0.008206558413803577,0.004525905009359121,0.003680653404444456,329.0,0.006306945346295834,365.0,0.007945500314235687,36.0,7.306203769985586e-05,2.6105810320586897e-05,0.2864628732204437,0.12126734852790833,305.0,0.46053823828697205,0.3675881624221802,0.09295007586479187,0.0,,314.0,0.4156951904296875,314.0,,0.004982560873031616,4.153004169464111,0.6609165668487549,False
1500027K2F,1,2020,0,No,False,366,False,120.0,0.5789222717285156,0.0731453150510788,0.5057769417762756,91.0,0.329679936170578,164.0,0.3259414732456207,73.0,0.008594563230872154,0.0057495636865496635,35.95330810546875,30.54055404663086,117.0,0.6958441138267517,0.25799307227134705,0.43785104155540466,89.0,0.47128167748451233,165.0,0.4746691882610321,76.0,0.008020087145268917,0.004607811104506254,47.27665710449219,27.411191940307617,115.0,0.47451213002204895,0.0033183135092258453,0.4711938202381134,88.0,0.23452283442020416,163.0,0.2379169464111328,75.0,0.008888492360711098,0.00492906617000699,29.021381378173828,28.769189834594727,130.0,0.04936959221959114,0.0021945806220173836,0.04717501252889633,96.0,0.025563891977071762,166.0,0.02555200271308422,70.0,0.0007001676713116467,0.0006615996826440096,2.9040367603302,2.7482216358184814,141.0,0.6733835339546204,0.1546967774629593,0.5186867713928223,112.0,0.4102156460285187,310.0,0.41385796666145325,198.0,0.009074755012989044,0.0015356543008238077,87.48037719726562,56.695716857910156,True
1500027K2F,2,2021,0,No,False,59,False,59.0,0.3325866758823395,0.21264110505580902,0.11994557082653046,42.0,0.2720208466053009,0.0,,-42.0,0.003562695812433958,,0.0,0.0,59.0,0.4796791970729828,0.37526029348373413,0.10441890358924866,45.0,0.4280886948108673,0.0,,-45.0,0.003685035975649953,,0.0,0.0,59.0,0.2286173552274704,0.13226419687271118,0.09635315835475922,41.0,0.18030698597431183,0.0,,-41.0,0.0026839093770831823,,0.0,0.0,26.0,0.010161026380956173,0.005120368208736181,0.005040658172219992,7.0,0.00767015665769577,42.0,0.007753381039947271,35.0,0.00013109840801917017,0.00015047783381305635,0.3312090039253235,0.14687573909759521,59.0,0.3412632942199707,0.2637951374053955,0.0774681568145752,47.0,0.3014988899230957,0.0,,-47.0,0.0033137004356831312,,0.0,0.0,False
1500027KH1,0,2021,1,Herbicide,False,216,True,132.0,0.7766713500022888,0.0690937340259552,0.7075775861740112,104.0,0.4256427586078644,156.0,0.41252708435058594,52.0,0.012536735273897648,0.015172678045928478,33.92741775512695,30.26544952392578,130.0,0.8321857452392578,0.24662566184997559,0.5855600833892822,100.0,0.5396748781204224,158.0,0.533946692943573,58.0,0.009750362485647202,0.010651394724845886,42.54835891723633,27.99744415283203,129.0,0.6246649026870728,0.0014438587240874767,0.6232210397720337,102.0,0.3192695379257202,154.0,0.31318581104278564,52.0,0.01131093967705965,0.012459163554012775,26.93928337097168,26.86275863647461,130.0,0.04446718096733093,0.0034394036047160625,0.04102777689695358,103.0,0.024390600621700287,157.0,0.024225961416959763,54.0,0.0007435770239681005,0.0007496748003177345,2.034851551055908,1.845684289932251,136.0,0.6748361587524414,0.07295428216457367,0.6018818616867065,108.0,0.37987738847732544,165.0,0.3762854337692261,57.0,0.010534241795539856,0.010294852778315544,32.52265930175781,28.291309356689453,True
1500027S111,0,2019,0,No,False,61,False,305.0,0.09000284969806671,0.07990793883800507,0.010094910860061646,0.0,,311.0,0.08479782193899155,311.0,,0.0008675046265125275,0.5667805671691895,0.04737895727157593,305.0,0.2959405183792114,0.2663467526435852,0.02959376573562622,0.0,,310.0,0.27952122688293457,310.0,,0.003283858299255371,1.5782725811004639,0.11336541175842285,305.0,0.023159217089414597,0.01710423082113266,0.006054986268281937,0.0,,311.0,0.019958434626460075,311.0,,0.0005334637244231999,0.13928315043449402,0.02810564637184143,305.0,0.009135833010077477,0.008673508651554585,0.000462324358522892,0.0,,308.0,0.008889688178896904,308.0,,8.204827463487163e-05,0.03148280456662178,0.0011255238205194473,305.0,0.2801036238670349,0.21887832880020142,0.061225295066833496,0.0,,311.0,0.24784041941165924,311.0,,0.005377200897783041,1.7069791555404663,0.2842700481414795,False
1500027S111,1,2020,1,Mixed,False,427,False,105.0,0.6427612900733948,0.07696053385734558,0.5658007860183716,75.0,0.36612769961357117,138.0,0.3616101145744324,63.0,0.009221119806170464,0.008519732393324375,34.84642791748047,29.92095375061035,101.0,0.7111091017723083,0.25780951976776123,0.4532995820045471,70.0,0.4897877871990204,136.0,0.4794538617134094,66.0,0.007139397319406271,0.006618720944970846,42.02571105957031,24.752471923828125,100.0,0.493767112493515,0.01318036112934351,0.4805867373943329,71.0,0.25591692328453064,132.0,0.2524857819080353,61.0,0.00820173043757677,0.007540041580796242,25.066761016845703,24.24957847595215,100.0,0.04320037364959717,0.004756253212690353,0.038444120436906815,68.0,0.024368751794099808,140.0,0.023592567071318626,72.0,0.0005884881829842925,0.0004901951760984957,2.624619960784912,2.2774133682250977,116.0,0.5864827036857605,0.12194459140300751,0.4645380973815918,81.0,0.3510994017124176,150.0,0.35522493720054626,69.0,0.006725237239152193,0.006801698822528124,35.316890716552734,26.78076934814453,True
1500027S111,2,2021,0,No,False,424,False,111.0,0.5948609113693237,0.08592505753040314,0.5089358687400818,81.0,0.33919358253479004,136.0,0.348593533039093,55.0,0.008522244170308113,0.009850694797933102,28.156517028808594,23.344715118408203,110.0,0.7052739858627319,0.2675490379333496,0.4377249479293823,76.0,0.48329609632492065,137.0,0.4917932152748108,61.0,0.006528761237859726,0.007906694896519184,38.67230224609375,22.08426284790039,110.0,0.4622880220413208,0.015323574654757977,0.44696444272994995,78.0,0.23777203261852264,135.0,0.24134159088134766,57.0,0.007016124669462442,0.008837857283651829,22.02750015258789,21.13873291015625,113.0,0.038037583231925964,0.004784610588103533,0.03325297310948372,84.0,0.021499058231711388,139.0,0.021116485819220543,55.0,0.0005702939815819263,0.0006508114165626466,1.7641371488571167,1.4961988925933838,121.0,0.559872567653656,0.1181376576423645,0.4417349100112915,93.0,0.338064581155777,272.0,0.33900055289268494,179.0,0.007921713404357433,0.0014627286000177264,75.84111785888672,54.57633972167969,True
1500027S111,3,2022,0,No,False,59,False,16.0,0.1191331073641777,0.10487472265958786,0.014258384704589844,3.0,0.11177925765514374,32.0,0.11231488734483719,29.0,0.0005656807334162295,0.0004261387512087822,3.495934247970581,0.34969258308410645,59.0,0.4166618287563324,0.33530697226524353,0.08135485649108887,45.0,0.3749237656593323,0.0,,-45.0,0.0029812902212142944,,0.0,0.0,13.0,0.03388437628746033,0.029493529349565506,0.004390846937894821,4.0,0.031708456575870514,26.0,0.03171791136264801,22.0,0.00024176885199267417,0.0001666511525399983,0.7607219219207764,0.08237075805664062,59.0,0.01140248030424118,0.00899526197463274,0.0024072183296084404,54.0,0.010303166694939137,0.0,,-54.0,0.00021986271895002574,,0.0,0.0,45.0,0.19410106539726257,0.1473122388124466,0.04678882658481598,29.0,0.1700732409954071,59.0,0.18296489119529724,30.0,0.0015017390251159668,0.0007954410393722355,5.7120819091796875,1.2190589904785156,False
1500027S115,0,2019,0,No,False,61,False,305.0,0.10113909095525742,0.08571398258209229,0.01542510837316513,0.0,,310.0,0.09320507198572159,310.0,,0.00158680381719023,0.5324026942253113,0.06097579002380371,305.0,0.34151461720466614,0.2973359227180481,0.04417869448661804,0.0,,310.0,0.31893932819366455,310.0,,0.004515057895332575,1.8105448484420776,0.17519724369049072,305.0,0.029039498418569565,0.02165803499519825,0.007381463423371315,0.0,,310.0,0.02548186480998993,310.0,,0.0007115267217159271,0.14902478456497192,0.029905587434768677,334.0,0.015117498114705086,0.008418756537139416,0.00669874157756567,319.0,0.011629884131252766,365.0,0.011850529350340366,46.0,0.0002325076056877151,0.00010538609058130533,0.6296313405036926,0.23815909028053284,331.0,0.529586911201477,0.425035685300827,0.10455122590065002,317.0,0.47943115234375,353.0,0.4778684675693512,36.0,0.0035825541708618402,0.002350838389247656,18.792781829833984,3.0664615631103516,False
1500027S115,1,2020,1,Mixed,False,427,False,91.0,0.6918512582778931,0.07561682164669037,0.6162344217300415,58.0,0.3879275619983673,117.0,0.39183342456817627,59.0,0.009209808893501759,0.011539147235453129,34.993228912353516,30.456218719482422,85.0,0.7523307204246521,0.2707774043083191,0.481553316116333,51.0,0.5166850090026855,118.0,0.5085099339485168,67.0,0.0069307563826441765,0.007388508878648281,45.31930923461914,26.906444549560547,85.0,0.5591745972633362,0.010958317667245865,0.5482162833213806,54.0,0.2906446158885956,113.0,0.287636935710907,59.0,0.008662257343530655,0.00969777349382639,27.697050094604492,27.03955078125,82.0,0.04199427366256714,0.0068102553486824036,0.035184018313884735,55.0,0.024532778188586235,112.0,0.02488386072218418,57.0,0.000646722037345171,0.0005703471251763403,2.0591049194335938,1.6641100645065308,85.0,0.6730995178222656,0.363105446100235,0.30999407172203064,46.0,0.5202308893203735,128.0,0.5164201259613037,82.0,0.003919708542525768,0.003643706673756242,51.35237503051758,21.214622497558594,True
1500027S115,2,2021,0,No,False,424,False,93.0,0.7100595235824585,0.07014797627925873,0.6399115324020386,60.0,0.4423026740550995,122.0,0.39527592062950134,62.0,0.008113844320178032,0.010854607447981834,37.88549041748047,33.46616744995117,91.0,0.7841005921363831,0.2595592737197876,0.5245413184165955,60.0,0.6164541840553284,123.0,0.5261006355285645,63.0,0.005407948512583971,0.008062498643994331,45.11960983276367,28.507816314697266,88.0,0.5577320456504822,0.005765737034380436,0.5519663095474243,60.0,0.3895350992679596,118.0,0.2849530279636383,58.0,0.006007033865898848,0.009092633612453938,28.12919807434082,27.789020538330078,89.0,0.035535234957933426,0.007150808349251747,0.02838442660868168,60.0,0.030363302677869797,126.0,0.021102821454405785,66.0,0.00017834249592851847,0.0003900652227457613,2.156721591949463,1.6776175498962402,72.0,0.6827383637428284,0.36557942628860474,0.31715893745422363,60.0,0.6618008613586426,137.0,0.5265552401542664,77.0,0.001744791865348816,0.002402817364782095,51.09856033325195,22.5833683013916,True
1500027S115,3,2022,0,No,False,59,False,59.0,0.18354056775569916,0.13089561462402344,0.05264495313167572,52.0,0.1574200838804245,0.0,,-52.0,0.00373149779625237,,0.0,0.0,59.0,0.39992213249206543,0.3267253041267395,0.07319682836532593,29.0,0.3639447093009949,0.0,,-29.0,0.0011992474319413304,,0.0,0.0,59.0,0.11593332886695862,0.06517049670219421,0.050762832164764404,53.0,0.09140581637620926,0.0,,-53.0,0.004087918903678656,,0.0,0.0,59.0,0.024726057425141335,0.01735861971974373,0.007367437705397606,54.0,0.021300552412867546,0.0,,-54.0,0.0006851010257378221,,0.0,0.0,59.0,0.5965666770935059,0.5332342386245728,0.0633324384689331,53.0,0.5623994469642639,0.0,,-53.0,0.005694538354873657,,0.0,0.0,False
1500027S14,0,2020,0,No,False,61,False,1.0,0.10112673789262772,0.09825804829597473,0.0028686895966529846,0.0,,335.0,0.09737252444028854,335.0,,1.1240160347369965e-05,2.9074339866638184,-0.04030752182006836,326.0,0.33534950017929077,0.31099700927734375,0.02435249090194702,313.0,0.3237552344799042,341.0,0.3224973976612091,28.0,0.0008918665698729455,0.000856806815136224,9.59410285949707,0.5751895904541016,1.0,0.03238807991147041,0.027018532156944275,0.005369547754526138,0.0,,0.0,,0.0,,,0.0,0.0,1.0,0.011778926476836205,0.007278596982359886,0.004500329494476318,0.0,,0.0,,0.0,,,0.0,0.0,364.0,0.5474308133125305,0.4130823612213135,0.13434845209121704,341.0,0.48017072677612305,0.0,,-341.0,0.0029243514873087406,,0.0,0.0,False
1500027S14,1,2021,0,No,False,365,False,118.0,0.6674964427947998,0.08092021942138672,0.5865762233734131,87.0,0.3684770166873932,145.0,0.37740302085876465,58.0,0.009645787999033928,0.010744201019406319,32.77226257324219,27.997970581054688,116.0,0.7593601942062378,0.28502601385116577,0.474334180355072,85.0,0.5239017605781555,145.0,0.5209915637969971,60.0,0.007595433387905359,0.00821960810571909,41.049171447753906,23.66258430480957,116.0,0.5162220597267151,0.013925867155194283,0.5022962093353271,84.0,0.2607481777667999,143.0,0.2702438533306122,59.0,0.007983558811247349,0.009110303595662117,25.362464904785156,24.526912689208984,124.0,0.041988011449575424,0.004521275870501995,0.037466734647750854,91.0,0.023016300052404404,148.0,0.02379683032631874,57.0,0.0005749003612436354,0.0007579658995382488,2.0328478813171387,1.7706139087677002,133.0,0.7892287373542786,0.37985125184059143,0.40937748551368713,86.0,0.5856066942214966,155.0,0.5890374779701233,69.0,0.004332384094595909,0.009099602699279785,49.03147506713867,22.441884994506836,True
1500027S14,2,2022,0,No,False,59,False,11.0,0.13273411989212036,0.11297288537025452,0.019761234521865845,1.0,0.12440408021211624,25.0,0.12282484024763107,24.0,0.0008330039563588798,0.0007078056805767119,3.1646902561187744,0.3968546390533447,46.0,0.34419503808021545,0.31052500009536743,0.03367003798484802,29.0,0.32666468620300293,59.0,0.34288468956947327,30.0,0.0010311971418559551,0.00010079603816848248,10.387608528137207,0.9165964126586914,9.0,0.04462679103016853,0.03509090095758438,0.009535890072584152,1.0,0.04121152684092522,19.0,0.0398036390542984,18.0,0.0004269080236554146,0.00048231519758701324,0.7958225011825562,0.1466408371925354,1.0,0.01679445430636406,0.01158144511282444,0.0052130091935396194,0.0,,9.0,0.014178482815623283,9.0,,0.000326996436342597,0.1319207400083542,0.03347845375537872,2.0,0.5871970057487488,0.5140520930290222,0.07314491271972656,1.0,0.5871129035949707,14.0,0.5490988492965698,13.0,8.410215377807617e-05,0.0031748462934046984,7.7427873611450195,0.8030843734741211,False
1500027S14B,0,2019,0,No,False,61,False,365.0,0.10646532475948334,0.09711387008428574,0.009351454675197601,357.0,0.1017737090587616,0.0,,-357.0,0.0005864519625902176,,0.0,0.0,305.0,0.33210742473602295,0.306877076625824,0.025230348110198975,0.0,,310.0,0.3193892240524292,310.0,,0.0025436400901526213,1.7883809804916382,0.10055708885192871,365.0,0.03551985323429108,0.029634559527039528,0.005885293707251549,355.0,0.032443881034851074,0.0,,-355.0,0.00030759721994400024,,0.0,0.0,335.0,0.011374327354133129,0.007915200665593147,0.003459126688539982,320.0,0.009616120718419552,365.0,0.009984953328967094,45.0,0.00011721377813955769,4.631246702047065e-05,0.48639506101608276,0.12625345587730408,336.0,0.5583765506744385,0.4865334630012512,0.07184308767318726,319.0,0.5209789872169495,365.0,0.526137113571167,46.0,0.0021998565644025803,0.001111704739741981,25.31658363342285,2.6927757263183594,False
1500027S14B,1,2020,1,Mixed,False,427,False,81.0,0.4019632935523987,0.08363603055477142,0.31832724809646606,60.0,0.2378821074962616,102.0,0.24601911008358002,42.0,0.007813389413058758,0.0074259135872125626,14.548316955566406,10.951967239379883,80.0,0.5468008518218994,0.2684466242790222,0.2783542275428772,58.0,0.40818560123443604,101.0,0.4110891819000244,43.0,0.00630069337785244,0.00646246038377285,21.62860679626465,9.816954612731934,80.0,0.30934473872184753,0.014254880137741566,0.29508987069129944,60.0,0.16284438967704773,101.0,0.16387246549129486,41.0,0.007325017359107733,0.006927250884473324,10.564203262329102,9.965497970581055,80.0,0.027710329741239548,0.004697410389780998,0.02301291935145855,60.0,0.016455862671136856,103.0,0.016418060287833214,43.0,0.000562723376788199,0.0004909682320430875,1.022331714630127,0.815645694732666,90.0,0.5992831587791443,0.37279802560806274,0.22648513317108154,54.0,0.4854414761066437,118.0,0.48559993505477905,64.0,0.00316226901486516,0.004060115199536085,36.17177963256836,11.939908981323242,True
1500027S14B,2,2021,0,No,False,424,False,91.0,0.5757690072059631,0.08523750305175781,0.4905315041542053,62.0,0.3351825773715973,115.0,0.3289763033390045,53.0,0.00829608365893364,0.0102830296382308,26.113462448120117,21.510637283325195,89.0,0.7092828154563904,0.25983577966690063,0.44944703578948975,60.0,0.5169064402580261,116.0,0.4819369316101074,56.0,0.006633668206632137,0.008420217782258987,35.88426208496094,21.073623657226562,87.0,0.45276713371276855,0.01118738204240799,0.44157975912094116,60.0,0.243730366230011,112.0,0.23005187511444092,52.0,0.007742102723568678,0.008908610790967941,19.728599548339844,19.13566780090332,93.0,0.024019476026296616,0.005740541964769363,0.018278934061527252,60.0,0.01546404231339693,359.0,0.014782561920583248,299.0,0.00025925555382855237,3.472524258540943e-05,2.8180623054504395,1.0958998203277588,103.0,0.7179564237594604,0.421835333108902,0.29612109065055847,1.0,0.5458044409751892,130.0,0.5674940943717957,129.0,0.0016877645393833518,0.005572678986936808,114.05558776855469,34.53961944580078,True
1500027S14B,3,2022,0,No,False,59,False,59.0,0.17412756383419037,0.1323574334383011,0.04177013039588928,52.0,0.15375705063343048,0.0,,-52.0,0.0029100733809173107,,0.0,0.0,59.0,0.3928122818470001,0.3266192674636841,0.06619301438331604,26.0,0.35858994722366333,0.0,,-26.0,0.0010370404925197363,,0.0,0.0,59.0,0.10384231805801392,0.06212475895881653,0.04171755909919739,51.0,0.08316759765148163,0.0,,-51.0,0.002584340050816536,,0.0,0.0,59.0,0.028275053948163986,0.017726842314004898,0.010548211634159088,54.0,0.02346614934504032,0.0,,-54.0,0.0009617808973416686,,0.0,0.0,59.0,0.7321956157684326,0.5966757535934448,0.1355198621749878,54.0,0.6700946092605591,0.0,,-54.0,0.012420201674103737,,0.0,0.0,False
1500027STOLL,0,2020,0,No,False,20,True,1.0,0.15433736145496368,0.12644091248512268,0.027896448969841003,0.0,,5.0,0.14096279442310333,5.0,,0.003343641757965088,0.6610518097877502,0.09206771850585938,1.0,0.40129852294921875,0.37365609407424927,0.027642428874969482,0.0,,7.0,0.38657981157302856,7.0,,0.0024531185626983643,2.5574541091918945,0.12868952751159668,1.0,0.08269697427749634,0.05474190413951874,0.0279550701379776,0.0,,5.0,0.06902362406253815,5.0,,0.0034183375537395477,0.3379184603691101,0.09157988429069519,20.0,0.01149111706763506,0.0094766179099679,0.00201449915766716,13.0,0.010515515692532063,0.0,,-13.0,0.0001393716229358688,,0.0,0.0,19.0,0.5018947124481201,0.4844362437725067,0.017458468675613403,12.0,0.4939349591732025,20.0,0.5017329454421997,8.0,0.0011371076107025146,0.00016176700592041016,4.242416858673096,0.12470865249633789,False
1500027STOLL,1,2021,0,No,False,246,True,84.0,0.6824866533279419,0.07056383043527603,0.6119228005409241,60.0,0.43841779232025146,110.0,0.36727333068847656,50.0,0.010169535875320435,0.012123589403927326,29.58211326599121,25.98335838317871,84.0,0.7546966075897217,0.25577837228775024,0.49891823530197144,60.0,0.5820764899253845,111.0,0.4980272948741913,51.0,0.007192505057901144,0.009506271220743656,35.05205535888672,21.7515811920166,82.0,0.5282236933708191,0.001539264339953661,0.5266844034194946,60.0,0.33990946412086487,107.0,0.2626780867576599,47.0,0.008559737354516983,0.01062182430177927,21.308391571044922,21.234506607055664,78.0,0.03933900222182274,0.00998624972999096,0.02935275249183178,60.0,0.031981877982616425,107.0,0.024537034332752228,47.0,0.00040872913086786866,0.000510412675794214,1.6932423114776611,1.2139023542404175,93.0,0.6207337975502014,0.3630618453025818,0.25767195224761963,60.0,0.5306491255760193,134.0,0.49140867590904236,74.0,0.0027298384811729193,0.0031542712822556496,43.713993072509766,16.484352111816406,True
1500027SUNSET,0,2020,0,No,False,232,True,137.0,0.6802414655685425,0.07190445810556412,0.6083369851112366,106.0,0.37691980600357056,174.0,0.38120517134666443,68.0,0.009784569963812828,0.008082062005996704,39.11607360839844,34.154666900634766,135.0,0.7496628761291504,0.23395150899887085,0.5157113671302795,102.0,0.49100983142852783,178.0,0.49291107058525085,76.0,0.007837970741093159,0.005970972124487162,50.69331741333008,32.679046630859375,136.0,0.5305585265159607,0.0014636574778705835,0.5290948748588562,102.0,0.26108166575431824,175.0,0.26685428619384766,73.0,0.007925789803266525,0.006761647295206785,32.18759536743164,32.07928466796875,146.0,0.04944780841469765,0.003447690512984991,0.04600011929869652,104.0,0.026210952550172806,180.0,0.025983670726418495,76.0,0.0005532584618777037,0.0006901216693222523,3.1312947273254395,2.8658225536346436,154.0,0.65276700258255,0.17726057767868042,0.47550642490386963,123.0,0.41440147161483765,186.0,0.4121125638484955,63.0,0.007689210586249828,0.007520451210439205,36.10149002075195,24.756813049316406,True
15000321200,0,2020,0,No,False,427,True,153.0,0.7008114457130432,0.05493009835481644,0.6458813548088074,124.0,0.3795471489429474,179.0,0.3776100277900696,55.0,0.011078079231083393,0.012430823408067226,32.66720199584961,29.591115951538086,150.0,0.7587695121765137,0.22020810842514038,0.5385614037513733,123.0,0.4953239858150482,178.0,0.49702003598213196,55.0,0.009757242165505886,0.009348195977509022,37.21204376220703,24.880388259887695,150.0,0.5532997846603394,-0.007466647773981094,0.5607664585113525,122.0,0.2676694095134735,177.0,0.2777037024497986,55.0,0.010201084427535534,0.010207261890172958,25.22292709350586,25.64105987548828,155.0,0.040097154676914215,0.0035603747237473726,0.03653677925467491,121.0,0.02154347486793995,182.0,0.02209436520934105,61.0,0.0005456964718177915,0.0006667699781246483,2.0882973670959473,1.8675541877746582,161.0,0.5971280932426453,0.09686857461929321,0.500259518623352,134.0,0.35380420088768005,267.0,0.3470974564552307,133.0,0.009011995978653431,0.0023587795440107584,54.572200775146484,41.59181213378906,True
15000321200,1,2021,1,Herbicide,False,220,True,113.0,0.48720434308052063,0.045612435787916183,0.44159191846847534,85.0,0.27234384417533875,141.0,0.2670319080352783,56.0,0.007673589047044516,0.00786330085247755,23.170032501220703,20.57012367248535,110.0,0.6343907713890076,0.21550387144088745,0.4188868999481201,83.0,0.42271122336387634,140.0,0.42549020051956177,57.0,0.007839983329176903,0.006963352207094431,32.16191101074219,19.66268539428711,110.0,0.3917367160320282,-0.018146170303225517,0.40988287329673767,83.0,0.18274962902069092,138.0,0.18689236044883728,55.0,0.007740262430161238,0.0073158699087798595,17.537080764770508,18.553266525268555,120.0,0.03920457884669304,0.0025517388712614775,0.03665284067392349,87.0,0.020521361380815506,147.0,0.02103349380195141,60.0,0.0005661580944433808,0.000673003145493567,1.9802974462509155,1.8246413469314575,124.0,0.48337745666503906,0.0711001604795456,0.4122772812843323,96.0,0.2729087769985199,148.0,0.2762193977832794,52.0,0.0075167384929955006,0.008631586097180843,21.306156158447266,17.5378475189209,True
15000321200A,0,2020,0,No,False,366,True,153.0,0.7008114457130432,0.05493015795946121,0.6458812952041626,124.0,0.3795471489429474,179.0,0.3776099979877472,55.0,0.011078079231083393,0.012430825270712376,32.667205810546875,29.59111785888672,150.0,0.7587695121765137,0.22027350962162018,0.5384960174560547,123.0,0.49532395601272583,178.0,0.49702030420303345,55.0,0.00975724309682846,0.009348185732960701,37.21204376220703,24.876728057861328,150.0,0.5532997846603394,-0.00746713113039732,0.5607669353485107,122.0,0.2676694095134735,177.0,0.2777037024497986,55.0,0.010201084427535534,0.010207261890172958,25.22292709350586,25.64108657836914,155.0,0.04009716585278511,0.0035644960589706898,0.03653267025947571,121.0,0.02154347486793995,182.0,0.022094348445534706,61.0,0.0005456968210637569,0.0006667710258625448,2.0882978439331055,1.8672990798950195,161.0,0.5971276164054871,0.11473271250724792,0.48239490389823914,134.0,0.35380426049232483,234.0,0.35482028126716614,100.0,0.009011976420879364,0.0033192785922437906,42.96813201904297,31.380126953125,True
15000321200A,1,2021,0,No,False,59,True,59.0,0.08331425487995148,0.07923488318920135,0.004079371690750122,54.0,0.08138209581375122,0.0,,-54.0,0.00038643181324005127,,0.0,0.0,59.0,0.2776140570640564,0.25761544704437256,0.019998610019683838,55.0,0.2675732374191284,0.0,,-55.0,0.0025102049112319946,,0.0,0.0,1.0,0.01859397627413273,0.015113452449440956,0.0034805238246917725,0.0,,11.0,0.016806699335575104,11.0,,0.00017872769967652857,0.1850259006023407,0.026334643363952637,25.0,0.0070462217554450035,0.004218436311930418,0.0028277854435145855,1.0,0.0058235228061676025,39.0,0.00563332624733448,38.0,5.094578955322504e-05,0.00010092110460391268,0.25070157647132874,0.08829176425933838,1.0,0.1597730964422226,0.12852637469768524,0.031246721744537354,0.0,,14.0,0.14427341520786285,14.0,,0.0011922831181436777,2.0237607955932617,0.28865480422973633,False
15000321300,0,2020,0,No,False,61,True,321.0,0.07746481895446777,0.07327176630496979,0.004193052649497986,306.0,0.07726799696683884,339.0,0.07550632208585739,33.0,1.3121465599397197e-05,0.00010880538320634514,2.5844037532806396,0.12979960441589355,1.0,0.2670576274394989,0.2598012685775757,0.007256358861923218,0.0,,308.0,0.2632676661014557,308.0,,1.2345150935288984e-05,0.7931241393089294,0.013720333576202393,1.0,0.018531963229179382,0.016241010278463364,0.0022909529507160187,0.0,,306.0,0.014983206987380981,306.0,,1.1635266673692968e-05,0.016757585108280182,0.0005165748298168182,323.0,0.007507025264203548,0.00437281746417284,0.0031342078000307083,306.0,0.006592874880880117,338.0,0.005919536110013723,32.0,5.377355046221055e-05,0.00010583260882413015,0.22834570705890656,0.08622913062572479,1.0,0.4003206789493561,0.3235306143760681,0.07679006457328796,0.0,,308.0,0.3611067831516266,308.0,,0.00012773256457876414,1.1174622774124146,0.14687037467956543,False
15000321300A,0,2020,0,No,False,87,True,285.0,0.09664542973041534,0.07272632420063019,0.023919105529785156,280.0,0.09660809487104416,312.0,0.08496987074613571,32.0,7.466971965186531e-06,0.0004324281180743128,3.0335826873779297,0.6699771881103516,302.0,0.2732488512992859,0.2512553334236145,0.021993517875671387,288.0,0.2625049948692322,318.0,0.26220273971557617,30.0,0.0007674182998016477,0.0006903819739818573,8.337175369262695,0.5482597351074219,1.0,0.0184926874935627,0.015442481264472008,0.0030502062290906906,0.0,,308.0,0.017010735347867012,308.0,,4.827205884794239e-06,0.47165006399154663,0.023818105459213257,326.0,0.006335773970931768,0.0031857399735599756,0.003150033997371793,305.0,0.004772073123604059,343.0,0.004787444602698088,38.0,7.446194649673998e-05,9.107819641940296e-05,0.2223837822675705,0.0981399193406105,1.0,0.4053649306297302,0.3180018961429596,0.08736303448677063,0.0,,280.0,0.36188817024230957,280.0,,0.00015583068307023495,0.3836265504360199,0.0656246542930603,False
15000321300B,0,2020,0,No,False,87,True,282.0,0.09661810845136642,0.07307405769824982,0.023544050753116608,280.0,0.09661760181188583,312.0,0.08472385257482529,32.0,2.5331974029541016e-07,0.0003964751958847046,3.028975248336792,0.6540682315826416,302.0,0.2733495235443115,0.2520558834075928,0.02129364013671875,288.0,0.2625293433666229,318.0,0.2626562714576721,30.0,0.000772870029322803,0.0006683282554149628,8.342082977294922,0.528350830078125,1.0,0.018458161503076553,0.015330769121646881,0.0031273923814296722,0.0,,308.0,0.01689690165221691,308.0,,5.085536940896418e-06,0.46883755922317505,0.024245262145996094,325.0,0.006362344603985548,0.003155783750116825,0.003206560853868723,304.0,0.004797354340553284,343.0,0.004774115979671478,39.0,7.452334830304608e-05,8.823492680676281e-05,0.2295331060886383,0.1033017635345459,1.0,0.39726296067237854,0.3151480555534363,0.08211490511894226,0.0,,295.0,0.3560695946216583,295.0,,0.00014011349412612617,5.739187240600586,0.6968183517456055,False
15000321400A,0,2021,0,No,False,81,True,313.0,0.07616210728883743,0.061771899461746216,0.014390207827091217,291.0,0.07056005299091339,329.0,0.06917523592710495,38.0,0.00025463884230703115,0.0004366794601082802,2.863569736480713,0.4544658660888672,318.0,0.24302828311920166,0.17675529420375824,0.06627298891544342,288.0,0.2260810285806656,339.0,0.2097977250814438,51.0,0.0005649084923788905,0.0015824075089767575,12.08040714263916,2.889131546020508,285.0,0.017977433279156685,0.008451131172478199,0.009526302106678486,0.0,,328.0,0.013243630528450012,328.0,,0.00011008843284798786,0.6734634637832642,0.30583927035331726,365.0,0.0208265520632267,0.012558567337691784,0.008267984725534916,358.0,0.016616225242614746,0.0,,-358.0,0.0006014752434566617,,0.0,0.0,365.0,0.5259315371513367,0.4126371741294861,0.11329436302185059,358.0,0.4671262204647064,0.0,,-358.0,0.008400759659707546,,0.0,0.0,False
15000321401,0,2020,0,No,False,366,True,153.0,0.6342810988426208,0.06176607310771942,0.5725150108337402,125.0,0.34367066621780396,178.0,0.3515956699848175,53.0,0.010378943756222725,0.011307417415082455,28.500320434570312,25.16495132446289,152.0,0.7235537171363831,0.21663042902946472,0.5069233179092407,125.0,0.4743351340293884,179.0,0.4715742766857147,54.0,0.009230317547917366,0.009332572109997272,34.78715133666992,22.87247657775879,152.0,0.4952918589115143,-0.0042210472747683525,0.4995129108428955,125.0,0.24837243556976318,177.0,0.2474474310874939,52.0,0.009145163930952549,0.009913777001202106,21.411813735961914,21.635528564453125,157.0,0.04574160277843475,0.0023692003451287746,0.04337240383028984,123.0,0.02396455407142639,183.0,0.024379748851060867,60.0,0.0006405014428310096,0.0008216097485274076,2.3045401573181152,2.1600189208984375,145.0,0.8609122633934021,0.23146553337574005,0.6294467449188232,85.0,0.5459603071212769,188.0,0.5522439479827881,103.0,0.005249199457466602,0.00717833312228322,77.21755981445312,53.1451416015625,True
15000321401,1,2021,0,No,False,59,True,59.0,0.09537387639284134,0.08860164880752563,0.006772227585315704,54.0,0.09166613221168518,0.0,,-54.0,0.0007415488362312317,,0.0,0.0,59.0,0.30638599395751953,0.2783137559890747,0.028072237968444824,55.0,0.29322123527526855,0.0,,-55.0,0.003291189670562744,,0.0,0.0,59.0,0.01686665415763855,0.014190591871738434,0.002676062285900116,55.0,0.015598589554429054,0.0,,-55.0,0.0003170161508023739,,0.0,0.0,4.0,0.003067516256123781,0.0028962763026356697,0.0001712399534881115,1.0,0.003059161826968193,15.0,0.002978152595460415,14.0,2.7848097943206085e-06,8.123969564621802e-06,0.044049061834812164,0.002053055912256241,59.0,0.41603976488113403,0.37087464332580566,0.04516512155532837,50.0,0.3929288983345032,0.0,,-50.0,0.0025678740348666906,,0.0,0.0,False
15000321401A,0,2020,0,No,False,61,True,333.0,0.0992700383067131,0.08684629946947098,0.012423738837242126,314.0,0.09305383265018463,351.0,0.09300924092531204,37.0,0.00032716873101890087,0.0003478220896795392,3.682811737060547,0.38265228271484375,327.0,0.302475243806839,0.2740171551704407,0.028458088636398315,311.0,0.2875283658504486,345.0,0.2885432839393616,34.0,0.0009341798722743988,0.0007739977445453405,10.397509574890137,0.8069095611572266,329.0,0.021337522193789482,0.015383629128336906,0.005953893065452576,310.0,0.018313182517886162,348.0,0.01838143728673458,38.0,0.00015917577547952533,0.00015558341692667454,0.7869142889976501,0.18695276975631714,306.0,0.004959589336067438,0.0032213632948696613,0.0017382260411977768,0.0,,315.0,0.004066387191414833,315.0,,9.924468031385913e-05,0.04431125521659851,0.012097619473934174,306.0,0.3714103698730469,0.32933205366134644,0.04207831621170044,0.0,,314.0,0.35101696848869324,314.0,,0.0025491751730442047,3.2269773483276367,0.262988805770874,False
15000321401A,1,2021,0,No,False,365,True,137.0,0.6538951396942139,0.06438909471035004,0.5895060300827026,110.0,0.35365062952041626,168.0,0.35411784052848816,58.0,0.011120166629552841,0.009670235216617584,31.89923858642578,28.10028076171875,134.0,0.7447153329849243,0.18555068969726562,0.5591646432876587,105.0,0.467129111289978,170.0,0.4626103639602661,65.0,0.009571938775479794,0.007836248725652695,42.093074798583984,29.846729278564453,134.0,0.49966028332710266,0.0009617859032005072,0.49869850277900696,109.0,0.25760939717292786,166.0,0.24636298418045044,57.0,0.009682035073637962,0.007915540598332882,23.482215881347656,23.42643165588379,149.0,0.03397541865706444,0.002434450201690197,0.031540967524051666,104.0,0.01824764907360077,175.0,0.01844763197004795,71.0,0.0003495059791021049,0.0005972225917503238,2.030217170715332,1.8549367189407349,155.0,0.7245332598686218,0.3241300582885742,0.4004032015800476,94.0,0.5263580679893494,185.0,0.5254943370819092,91.0,0.0032487737480551004,0.006634630728513002,59.32613754272461,29.50617218017578,True
150003225,0,2020,0,No,False,61,True,336.0,0.07902891933917999,0.06341154873371124,0.01561737060546875,313.0,0.07129167020320892,355.0,0.07127396762371063,42.0,0.00033640212495811284,0.00040815534885041416,3.2697954177856445,0.5430989265441895,331.0,0.29183676838874817,0.23856335878372192,0.053273409605026245,306.0,0.2660898268222809,352.0,0.26471221446990967,46.0,0.0010298776905983686,0.0012916454579681158,13.089786529541016,1.996591567993164,328.0,0.018867500126361847,0.014632740058004856,0.004234760068356991,306.0,0.016926536336541176,343.0,0.01679094508290291,37.0,8.822562813293189e-05,0.00013843699707649648,0.6752974987030029,0.1265697479248047,1.0,0.008431482128798962,0.0066090598702430725,0.0018224222585558891,0.0,,306.0,0.0050110770389437675,306.0,,1.1214442565687932e-05,0.006721279583871365,0.00011221971362829208,306.0,0.366166353225708,0.12022843956947327,0.24593791365623474,0.0,,320.0,0.24539609253406525,320.0,,0.008626447059214115,4.430688381195068,2.6272616386413574,False
150003225A,0,2020,0,No,False,87,True,336.0,0.07902863621711731,0.05823242664337158,0.020796209573745728,304.0,0.06846906989812851,359.0,0.06829185038805008,55.0,0.0003299864474684,0.0004668167675845325,4.184759140014648,0.9237432479858398,329.0,0.2956823408603668,0.20028942823410034,0.09539291262626648,301.0,0.2480613887310028,360.0,0.24877257645130157,59.0,0.0017007483402267098,0.0015132181579247117,16.635589599609375,4.618222236633301,329.0,0.018865130841732025,0.014620205387473106,0.004244925454258919,313.0,0.016671864315867424,344.0,0.016660431399941444,31.0,0.00013707915786653757,0.00014697996084578335,0.5757383108139038,0.1078917384147644,280.0,0.016010699793696404,0.006597607396543026,0.009413092397153378,0.0,,302.0,0.011435683816671371,302.0,,0.00020795526506844908,0.31802457571029663,0.1662796139717102,280.0,0.405281662940979,0.11854320764541626,0.28673845529556274,0.0,,317.0,0.26362523436546326,317.0,,0.003828552085906267,13.052750587463379,8.54810905456543,False
1500032401,0,2020,0,No,False,61,True,334.0,0.093936987221241,0.07803492248058319,0.015902064740657806,318.0,0.08571517467498779,354.0,0.08601383864879608,36.0,0.0005138632841408253,0.00039615744026377797,3.3559513092041016,0.4686591625213623,364.0,0.3216933608055115,0.2913094162940979,0.030383944511413574,323.0,0.30636781454086304,0.0,,-323.0,0.00037379382411018014,,0.0,0.0,331.0,0.023843789473176003,0.015668252483010292,0.00817553699016571,315.0,0.019593317061662674,351.0,0.019757652655243874,36.0,0.00026565452571958303,0.0002043068379862234,0.8204630017280579,0.2407376766204834,306.0,0.011208821088075638,0.005897159688174725,0.005311661399900913,0.0,,314.0,0.008447907865047455,314.0,,0.0003451141528785229,0.0866815522313118,0.033607117831707,354.0,0.5020856261253357,0.36503416299819946,0.13705146312713623,334.0,0.4330650866031647,364.0,0.49563950300216675,30.0,0.003451026976108551,0.0006446123006753623,15.019742965698242,3.703683853149414,False
1500032401,1,2021,1,Fungicide,False,161,True,86.0,0.47069862484931946,0.08296788483858109,0.38773074746131897,54.0,0.27587226033210754,113.0,0.2749534249305725,59.0,0.006088323891162872,0.007249822374433279,23.82810401916504,18.85003089904785,86.0,0.6127029657363892,0.27418774366378784,0.3385152220726013,55.0,0.43998828530311584,112.0,0.44585612416267395,57.0,0.005571441259235144,0.006417185999453068,31.77396583557129,15.871077537536621,83.0,0.3585375249385834,0.010524815879762173,0.3480127155780792,52.0,0.18327710032463074,110.0,0.1811106652021408,58.0,0.005653562024235725,0.006571365054696798,17.237987518310547,16.617023468017578,85.0,0.039007723331451416,0.004688207060098648,0.03431951627135277,53.0,0.02208932675421238,113.0,0.022326543927192688,60.0,0.0005286998930387199,0.0005957563989795744,2.030644178390503,1.7446634769439697,87.0,0.9259669780731201,0.4059517979621887,0.5200151801109314,48.0,0.6709743738174438,116.0,0.6730798482894897,68.0,0.006538271903991699,0.008720246143639088,58.571083068847656,30.560409545898438,True
1500032401A,0,2020,0,No,False,87,True,335.0,0.08905823528766632,0.08143476396799088,0.0076234713196754456,322.0,0.085106261074543,351.0,0.08512318134307861,29.0,0.0003039980074390769,0.0002459408715367317,2.624008893966675,0.18096613883972168,331.0,0.31199806928634644,0.265163391828537,0.04683467745780945,311.0,0.28889700770378113,349.0,0.3033738434314728,38.0,0.0011550530325621367,0.0004791236715391278,11.906083106994629,1.5647106170654297,280.0,0.028208356350660324,0.014483478851616383,0.013724877499043941,0.0,,289.0,0.021560009568929672,289.0,,0.0007387052173726261,0.24125191569328308,0.0964171290397644,1.0,0.007291845045983791,0.005427992437034845,0.001863852608948946,0.0,,311.0,0.006405300460755825,311.0,,2.8598212793440325e-06,0.21842464804649353,0.04472889006137848,1.0,0.5033804774284363,0.37517839670181274,0.12820208072662354,0.0,,280.0,0.387265682220459,280.0,,0.0004161820688750595,0.44532307982444763,0.07014468312263489,False
1500032401A,1,2021,0,No,False,59,True,59.0,0.3160495460033417,0.1991109549999237,0.11693859100341797,53.0,0.2593465745449066,0.0,,-53.0,0.00945049524307251,,0.0,0.0,59.0,0.4846689999103546,0.3847177028656006,0.09995129704475403,54.0,0.4376145005226135,0.0,,-54.0,0.009410900063812733,,0.0,0.0,59.0,0.23680256307125092,0.1251543015241623,0.11164826154708862,53.0,0.18439094722270966,0.0,,-53.0,0.00873526930809021,,0.0,0.0,59.0,0.014320353046059608,0.010856546461582184,0.0034638065844774246,51.0,0.012612883932888508,0.0,,-51.0,0.00021343363914638758,,0.0,0.0,59.0,0.6834971308708191,0.5941261649131775,0.0893709659576416,51.0,0.6397646069526672,0.0,,-51.0,0.005466565489768982,,0.0,0.0,False
1500032401B,0,2020,0,No,False,87,True,335.0,0.08912310749292374,0.08018532395362854,0.008937783539295197,321.0,0.08469042181968689,350.0,0.08469013124704361,29.0,0.0003166203969158232,0.000295531761366874,2.6214118003845215,0.2158522605895996,331.0,0.31121399998664856,0.26330214738845825,0.04791185259819031,310.0,0.28754764795303345,350.0,0.29964950680732727,40.0,0.0011269691167399287,0.0006086575449444354,12.450690269470215,1.6553030014038086,280.0,0.028250209987163544,0.0184177253395319,0.009832484647631645,0.0,,286.0,0.023668568581342697,286.0,,0.0007636069203726947,0.17878276109695435,0.049858689308166504,1.0,0.008442146703600883,0.005911580286920071,0.002530566416680813,0.0,,286.0,0.007007864769548178,286.0,,5.032567969465163e-06,0.04966963082551956,0.008288566023111343,1.0,0.5183619260787964,0.38263264298439026,0.13572928309440613,0.0,,280.0,0.3873240053653717,280.0,,0.0004696699616033584,0.45284295082092285,0.07021030783653259,False
1500032401UA,0,2021,0,No,False,81,True,329.0,0.09477561712265015,0.06774933636188507,0.027026280760765076,308.0,0.08165258914232254,351.0,0.0814061090350151,43.0,0.000624906097073108,0.0006077049183659256,3.9526290893554688,0.97165846824646,330.0,0.3229382634162903,0.23199805617332458,0.0909402072429657,310.0,0.2775218188762665,355.0,0.27640849351882935,45.0,0.0022708221804350615,0.0018611907726153731,14.068516731262207,3.3966054916381836,321.0,0.040166646242141724,0.007680595386773348,0.03248605132102966,294.0,0.024180429056286812,344.0,0.023428702726960182,50.0,0.0005920820985920727,0.0007277366821654141,1.722815990447998,1.3311055898666382,365.0,0.02123965509235859,0.01349536795169115,0.0077442871406674385,359.0,0.01728540100157261,0.0,,-359.0,0.0006590423290617764,,0.0,0.0,365.0,0.6353134512901306,0.4573041498661041,0.1780093014240265,354.0,0.5455194115638733,0.0,,-354.0,0.008163094520568848,,0.0,0.0,False
1500032402,0,2020,1,Fungicide,False,157,True,91.0,0.4810936748981476,0.06766870617866516,0.4134249687194824,60.0,0.2733454704284668,115.0,0.27264198660850525,55.0,0.006701555103063583,0.008685487322509289,22.501157760620117,18.71170997619629,90.0,0.6286681890487671,0.2566172480583191,0.372050940990448,57.0,0.442379891872406,115.0,0.4391579329967499,58.0,0.005645100027322769,0.007580410223454237,32.89055633544922,17.750137329101562,88.0,0.40650632977485657,-0.0012498293071985245,0.40775614976882935,58.0,0.20365934073925018,114.0,0.19800183176994324,56.0,0.006761566270142794,0.00801940355449915,18.85651969909668,18.927759170532227,83.0,0.04871949180960655,0.005427235271781683,0.04329225793480873,57.0,0.026926565915346146,111.0,0.02668078802525997,54.0,0.000838189444039017,0.0007870965637266636,2.2342731952667236,1.9357752799987793,81.0,0.8239275813102722,0.34510740637779236,0.47882017493247986,40.0,0.5836794376373291,115.0,0.5812196731567383,75.0,0.005859710741788149,0.007138467859476805,55.68727493286133,29.4591121673584,True
1500032405,0,2020,0,No,False,61,True,339.0,0.08385110646486282,0.07392547279596329,0.009925633668899536,324.0,0.07866472005844116,364.0,0.07897523045539856,40.0,0.0003457590937614441,0.00019503504154272377,3.3519864082336426,0.3210420608520508,343.0,0.3148939907550812,0.2808012366294861,0.03409275412559509,328.0,0.2985612154006958,364.0,0.3039732277393341,36.0,0.0010888517135754228,0.0005200363229960203,11.471181869506836,1.0815362930297852,1.0,0.020637856796383858,0.015971239656209946,0.004666617140173912,0.0,,350.0,0.01937650330364704,350.0,,3.614193474277272e-06,0.7574180364608765,0.038712263107299805,306.0,0.008778631687164307,0.0066784522496163845,0.002100179437547922,0.0,,323.0,0.007694505620747805,323.0,,6.377212412189692e-05,0.1514161080121994,0.031203962862491608,1.0,0.515248715877533,0.3965836763381958,0.11866503953933716,0.0,,0.0,,0.0,,,0.0,0.0,False
1500032405A,0,2020,0,No,False,366,True,30.0,0.46915194392204285,0.07440629601478577,0.3947456479072571,2.0,0.27106600999832153,75.0,0.2741467356681824,73.0,0.007074497640132904,0.004333449061959982,28.176868438720703,22.67080307006836,33.0,0.6489502191543579,0.26032835245132446,0.38862186670303345,6.0,0.44925305247306824,80.0,0.4550236165523529,74.0,0.007396191358566284,0.00412609800696373,43.32633590698242,23.801712036132812,31.0,0.3665984570980072,0.008830903097987175,0.3577675521373749,3.0,0.18785348534584045,80.0,0.19121022522449493,77.0,0.0063837491907179356,0.0035793515853583813,23.934730529785156,23.245920181274414,11.0,0.015756502747535706,0.0063574365340173244,0.009399065747857094,1.0,0.015430113300681114,37.0,0.011058474890887737,36.0,3.26389454130549e-05,0.00018069337238557637,0.5289763808250427,0.29375123977661133,25.0,0.683434247970581,0.4092525839805603,0.27418166399002075,1.0,0.5922132730484009,65.0,0.5463369488716125,64.0,0.003800873877480626,0.003427432384341955,41.023582458496094,14.422163009643555,True
1500032405B,0,2020,0,No,False,366,True,30.0,0.46915194392204285,0.07440629601478577,0.3947456479072571,2.0,0.27106600999832153,75.0,0.2741467356681824,73.0,0.007074497640132904,0.004333449061959982,28.176868438720703,22.67080307006836,33.0,0.6489502191543579,0.26032835245132446,0.38862186670303345,6.0,0.44925305247306824,80.0,0.4550236165523529,74.0,0.007396191358566284,0.00412609800696373,43.32633590698242,23.801712036132812,31.0,0.3665984570980072,0.008830903097987175,0.3577675521373749,3.0,0.18785348534584045,80.0,0.19121022522449493,77.0,0.0063837491907179356,0.0035793515853583813,23.934730529785156,23.245920181274414,11.0,0.015756502747535706,0.0063574365340173244,0.009399065747857094,1.0,0.015430113300681114,37.0,0.011058474890887737,36.0,3.26389454130549e-05,0.00018069337238557637,0.5289763808250427,0.29375123977661133,25.0,0.683434247970581,0.4092525839805603,0.27418166399002075,1.0,0.5922132730484009,65.0,0.5463369488716125,64.0,0.003800873877480626,0.003427432384341955,41.023582458496094,14.422163009643555,True
1500032415,0,2020,1,Fungicide,False,280,True,85.0,0.4743010103702545,0.09219058603048325,0.3821104168891907,47.0,0.2833866775035858,110.0,0.28812411427497864,63.0,0.0050240615382790565,0.00744707603007555,26.372827529907227,20.47262954711914,79.0,0.6426799297332764,0.25884678959846497,0.3838331401348114,42.0,0.4496137499809265,108.0,0.45446380972862244,66.0,0.005218004807829857,0.0064902110025286674,38.625144958496094,21.28240966796875,78.0,0.4054214358329773,0.0177379809319973,0.3876834511756897,45.0,0.2097329944372177,107.0,0.20792613923549652,62.0,0.0059299529530107975,0.0068101827055215836,21.306049346923828,20.188556671142578,79.0,0.0465751513838768,0.004416903015226126,0.04215824976563454,53.0,0.025883231312036514,108.0,0.025914007797837257,55.0,0.0007958430796861649,0.0007124532130546868,2.1836555004119873,1.9363088607788086,76.0,0.9030525088310242,0.33388280868530273,0.5691697001457214,37.0,0.6205112934112549,111.0,0.6244110465049744,74.0,0.0072446465492248535,0.007961184717714787,59.951080322265625,34.90987014770508,True
1500032802,0,2021,1,Other,False,365,True,122.0,0.18256942927837372,0.0653114840388298,0.11725794523954391,101.0,0.12237399816513062,141.0,0.1235017478466034,40.0,0.0028664490673691034,0.0031088253017514944,6.468435287475586,3.7906641960144043,121.0,0.37053292989730835,0.19320912659168243,0.17732380330562592,45.0,0.2817082703113556,151.0,0.2822510004043579,106.0,0.001168745569884777,0.0029427309054881334,33.82703399658203,13.153656005859375,122.0,0.09789469838142395,0.005425658077001572,0.09246903657913208,104.0,0.05293397605419159,138.0,0.05340166017413139,34.0,0.0024978178553283215,0.002780814887955785,2.8018858432769775,2.611987829208374,365.0,0.021612808108329773,0.012464169412851334,0.00914863869547844,358.0,0.01705450937151909,0.0,,-358.0,0.0006511855171993375,,0.0,0.0,115.0,0.5333975553512573,0.3285640478134155,0.2048335075378418,70.0,0.4314829707145691,172.0,0.43073591589927673,102.0,0.002264768583700061,0.001801081351004541,49.64371109008789,15.801612854003906,False
1500032805,0,2020,1,Fungicide,False,157,True,99.0,0.6029500365257263,0.05870316922664642,0.5442468523979187,71.0,0.3327437937259674,126.0,0.323941171169281,55.0,0.009650222957134247,0.010333661921322346,27.993558883666992,24.706180572509766,97.0,0.7220835089683533,0.2489834576845169,0.47310006618499756,67.0,0.49046915769577026,124.0,0.4899616539478302,57.0,0.007720478344708681,0.008597105741500854,36.77855682373047,22.33751678466797,97.0,0.5107030272483826,0.0005028543528169394,0.5102002024650574,68.0,0.2572578191757202,123.0,0.25818508863449097,55.0,0.008739490061998367,0.009712228551506996,23.279539108276367,23.251379013061523,92.0,0.04820073023438454,0.006640095263719559,0.04156063497066498,63.0,0.027831150218844414,124.0,0.027157997712492943,61.0,0.0007023992948234081,0.0006575853913091123,2.589081287384033,2.1773953437805176,85.0,0.7862122654914856,0.4621269404888153,0.3240853250026703,59.0,0.6198342442512512,125.0,0.6288589239120483,66.0,0.0063991546630859375,0.003933833446353674,49.22454833984375,18.262042999267578,True
1500032805,1,2020,0,No,False,148,True,342.0,0.08967868983745575,0.08125711977481842,0.008421570062637329,302.0,0.08511299639940262,0.0,,-302.0,0.00011414233449613675,,0.0,0.0,1.0,0.33191779255867004,0.29496055841445923,0.036957234144210815,0.0,,1.0,0.33183303475379944,1.0,,inf,0.49783432483673096,0.055393487215042114,343.0,0.02160831168293953,0.01154376845806837,0.010064543224871159,297.0,0.016756482422351837,0.0,,-297.0,0.00010547455167397857,,0.0,0.0,297.0,0.00940608698874712,0.0061460817232728004,0.0032600052654743195,283.0,0.007794766686856747,305.0,0.008758175186812878,22.0,0.00011509430623846129,8.098897524178028e-05,0.2051505595445633,0.06379067897796631,287.0,0.4866945147514343,0.35366812348365784,0.1330263912677765,280.0,0.48232302069664,305.0,0.41708487272262573,25.0,0.0006244991673156619,0.003867202438414097,11.954833030700684,2.936295509338379,False
1500032805,2,2021,1,Fungicide,False,424,True,99.0,0.6182879209518433,0.05941367894411087,0.558874249458313,73.0,0.3410031199455261,127.0,0.33953869342803955,54.0,0.010664800181984901,0.009955329820513725,28.211326599121094,24.943574905395508,98.0,0.7414913177490234,0.18803030252456665,0.5534610152244568,68.0,0.4633300006389618,129.0,0.46060705184936523,61.0,0.009272043593227863,0.009060782380402088,39.14417266845703,27.48629379272461,97.0,0.5049043297767639,0.00259719998575747,0.502307116985321,71.0,0.2496882826089859,124.0,0.2524321377277374,53.0,0.0098160021007061,0.009350822307169437,21.98935890197754,21.849109649658203,105.0,0.04187548905611038,0.003002244047820568,0.03887324407696724,67.0,0.02205612137913704,134.0,0.021845513954758644,67.0,0.0005215622950345278,0.0006906887865625322,2.381632089614868,2.1774795055389404,115.0,0.8445098400115967,0.3283803462982178,0.5161294937133789,63.0,0.5884012579917908,142.0,0.5838684439659119,79.0,0.004925164859741926,0.009653384797275066,59.57820510864258,33.307777404785156,True
1500032815A,0,2020,0,No,False,87,True,280.0,0.0939948707818985,0.08145341277122498,0.012541458010673523,0.0,,291.0,0.08787361532449722,291.0,,0.0005564777529798448,1.0853934288024902,0.10795247554779053,344.0,0.30990955233573914,0.27693116664886475,0.03297838568687439,326.0,0.29340189695358276,364.0,0.29526615142822266,38.0,0.000917091965675354,0.0007321700686588883,11.853666305541992,1.0533523559570312,1.0,0.019996818155050278,0.01729363016784191,0.0027031879872083664,0.0,,280.0,0.017415715381503105,280.0,,9.251264600607101e-06,0.018706265836954117,0.0014126356691122055,280.0,0.008441080339252949,0.004997933283448219,0.0034431470558047295,0.0,,302.0,0.006679340731352568,302.0,,8.007907308638096e-05,0.17801514267921448,0.06306267529726028,1.0,0.503991961479187,0.37620458006858826,0.12778738141059875,0.0,,282.0,0.44121024012565613,282.0,,0.0002234224957646802,1.3632583618164062,0.23464465141296387,False
1500032815B,0,2020,1,Other,False,87,True,280.0,0.0939948707818985,0.08145341277122498,0.012541458010673523,0.0,,291.0,0.08787361532449722,291.0,,0.0005564777529798448,1.0853934288024902,0.10795247554779053,344.0,0.30990955233573914,0.27693116664886475,0.03297838568687439,326.0,0.29340189695358276,364.0,0.29526615142822266,38.0,0.000917091965675354,0.0007321700686588883,11.853666305541992,1.0533523559570312,1.0,0.019996818155050278,0.01729363016784191,0.0027031879872083664,0.0,,280.0,0.017415715381503105,280.0,,9.251264600607101e-06,0.018706265836954117,0.0014126356691122055,280.0,0.008441080339252949,0.004997933283448219,0.0034431470558047295,0.0,,302.0,0.006679340731352568,302.0,,8.007907308638096e-05,0.17801514267921448,0.06306267529726028,1.0,0.503991961479187,0.37620458006858826,0.12778738141059875,0.0,,282.0,0.44121024012565613,282.0,,0.0002234224957646802,1.3632583618164062,0.23464465141296387,False
1500032830,0,2020,1,Herbicide,False,427,True,152.0,0.12650568783283234,0.06807360053062439,0.05843208730220795,28.0,0.09731268137693405,303.0,0.09716267138719559,275.0,0.00023542747658211738,0.0001943246170412749,25.56093978881836,6.772623062133789,50.0,0.32186034321784973,0.1974058449268341,0.12445449829101562,19.0,0.2587200105190277,222.0,0.2596606910228729,203.0,0.0020367850083857775,0.0003616258909460157,52.54292297363281,12.272132873535156,151.0,0.050372280180454254,0.006015653721988201,0.04435662552714348,19.0,0.0283652376383543,174.0,0.027776416391134262,155.0,0.00016672001220285892,0.000982428900897503,4.116302490234375,3.1778604984283447,78.0,0.012284943833947182,0.0041356333531439304,0.008149310946464539,8.0,0.00822252407670021,165.0,0.00826400425285101,157.0,5.803456951980479e-05,4.621769767254591e-05,1.2845678329467773,0.6311377286911011,144.0,0.5989872217178345,0.28218090534210205,0.3168063163757324,116.0,0.4436381459236145,170.0,0.4382529556751251,54.0,0.005548181477934122,0.006182087119668722,29.572734832763672,14.052785873413086,False
1500032830A,0,2020,0,No,False,366,True,152.0,0.12650570273399353,0.0714489221572876,0.05505678057670593,132.0,0.09905754029750824,292.0,0.09907715767621994,160.0,0.0013724081218242645,0.00019591818272601813,16.314559936523438,4.811283111572266,50.0,0.32186034321784973,0.1974058449268341,0.12445449829101562,19.0,0.2587200105190277,222.0,0.2596462070941925,203.0,0.0020367850083857775,0.00036171008832752705,52.54286575317383,12.272075653076172,151.0,0.050372276455163956,0.006294443272054195,0.044077832251787186,19.0,0.0283652376383543,174.0,0.027776459231972694,155.0,0.0001667199976509437,0.00098242680542171,4.116302490234375,3.134369373321533,78.0,0.012284943833947182,0.004220730159431696,0.008064214140176773,9.0,0.008254786022007465,165.0,0.008263986557722092,156.0,5.8408084441907704e-05,4.621790139935911e-05,1.2763452529907227,0.6136905550956726,144.0,0.5989872217178345,0.27911698818206787,0.3198702335357666,115.0,0.4369622766971588,170.0,0.4382532238960266,55.0,0.005587066989392042,0.006182076875120401,30.00969886779785,14.379146575927734,False
1500032915,0,2020,1,Mixed,False,427,True,109.0,0.6842141151428223,0.0629553496837616,0.6212587356567383,82.0,0.38209423422813416,136.0,0.36941462755203247,54.0,0.011189625598490238,0.01165924035012722,31.352191925048828,27.8896484375,107.0,0.7632946968078613,0.23202691972255707,0.5312677621841431,78.0,0.4980340003967285,135.0,0.504601240158081,57.0,0.009146920405328274,0.009239052422344685,38.605186462402344,25.147624969482422,106.0,0.5482748746871948,-0.00508200703188777,0.5533568859100342,79.0,0.27746641635894775,134.0,0.26852038502693176,55.0,0.010029942728579044,0.009991231374442577,24.905677795410156,25.190269470214844,117.0,0.04278744012117386,0.003268810920417309,0.039518628269433975,71.0,0.02255866304039955,143.0,0.02264871634542942,72.0,0.0004397560260258615,0.0007745663169771433,2.6251113414764404,2.386488199234009,129.0,0.758003830909729,0.34704309701919556,0.41096073389053345,58.0,0.5551460981369019,163.0,0.5532211065292358,105.0,0.00285715120844543,0.006023021414875984,72.22164916992188,35.435081481933594,True
1500032915A,0,2020,0,No,False,366,True,108.0,0.7194018959999084,0.060228802263736725,0.6591730713844299,78.0,0.38492846488952637,136.0,0.39344409108161926,58.0,0.01114911399781704,0.011641350574791431,35.208282470703125,31.654783248901367,105.0,0.7773808240890503,0.2407589852809906,0.5366218090057373,74.0,0.5150367021560669,136.0,0.503779947757721,62.0,0.008462714031338692,0.008825834840536118,42.679744720458984,27.51192855834961,105.0,0.5705245733261108,-0.006699069868773222,0.5772236585617065,74.0,0.27724194526672363,134.0,0.2775564193725586,60.0,0.00946072954684496,0.010102350264787674,28.036802291870117,28.445446014404297,119.0,0.04515065625309944,0.003960493952035904,0.04119016230106354,68.0,0.024174267426133156,143.0,0.025240076705813408,75.0,0.0004113017348572612,0.0008296074811369181,2.9017333984375,2.600735902786255,131.0,0.7414447069168091,0.3276851773262024,0.4137595295906067,57.0,0.5334635972976685,160.0,0.5352384448051453,103.0,0.002810555510222912,0.007110560778528452,68.22074890136719,34.1414909362793,True
1500032915AA,0,2020,0,No,False,366,True,108.0,0.7194018959999084,0.060228802263736725,0.6591730713844299,78.0,0.38492846488952637,136.0,0.39344409108161926,58.0,0.01114911399781704,0.011641350574791431,35.208282470703125,31.654783248901367,105.0,0.7773808240890503,0.2407589852809906,0.5366218090057373,74.0,0.5150367021560669,136.0,0.503779947757721,62.0,0.008462714031338692,0.008825834840536118,42.679744720458984,27.51192855834961,105.0,0.5705245733261108,-0.006699069868773222,0.5772236585617065,74.0,0.27724194526672363,134.0,0.2775564193725586,60.0,0.00946072954684496,0.010102350264787674,28.036802291870117,28.445446014404297,119.0,0.04515065625309944,0.003960493952035904,0.04119016230106354,68.0,0.024174267426133156,143.0,0.025240076705813408,75.0,0.0004113017348572612,0.0008296074811369181,2.9017333984375,2.600735902786255,131.0,0.7414447069168091,0.3276851773262024,0.4137595295906067,57.0,0.5334635972976685,160.0,0.5352384448051453,103.0,0.002810555510222912,0.007110560778528452,68.22074890136719,34.1414909362793,True
1500032950,0,2020,1,Mixed,False,427,True,145.0,0.7188869118690491,0.06822718679904938,0.6506597399711609,115.0,0.38703033328056335,180.0,0.3892277181148529,65.0,0.011061886325478554,0.009418834000825882,40.03942108154297,35.53642654418945,144.0,0.7658290863037109,0.22283786535263062,0.5429912209510803,114.0,0.4992871582508087,181.0,0.5010679960250854,67.0,0.008884730748832226,0.007155705243349075,45.96781539916992,30.814838409423828,143.0,0.5570515394210815,-0.0038057826459407806,0.5608572959899902,114.0,0.2686145603656769,178.0,0.27216485142707825,64.0,0.009946102276444435,0.00813961960375309,29.628089904785156,29.875465393066406,157.0,0.04469260945916176,0.0023551073390990496,0.04233750328421593,112.0,0.023742860183119774,185.0,0.023334138095378876,73.0,0.0004655499942600727,0.0007628025487065315,2.7833900451660156,2.609112024307251,169.0,0.7039795517921448,0.2002103477716446,0.5037692189216614,64.0,0.4535094201564789,287.0,0.4525127112865448,223.0,0.0023854298051446676,0.0021310748998075724,122.53006744384766,77.68295288085938,True
1500032950,1,2021,1,Fungicide,False,220,True,104.0,0.5735979080200195,0.048847902566194534,0.5247499942779541,79.0,0.31074821949005127,130.0,0.31597089767456055,51.0,0.010513987392187119,0.00990873109549284,24.67388916015625,22.133798599243164,104.0,0.7159068584442139,0.25015488266944885,0.465751975774765,79.0,0.47716325521469116,130.0,0.48693132400512695,51.0,0.009549744427204132,0.008806751109659672,32.60417938232422,19.596126556396484,103.0,0.4594404101371765,-0.016545549035072327,0.47598594427108765,78.0,0.22015045583248138,128.0,0.21810412406921387,50.0,0.009571597911417484,0.009653451852500439,18.750972747802734,19.59479522705078,103.0,0.04377565160393715,0.0010308248456567526,0.04274482652544975,68.0,0.022852351889014244,139.0,0.022273091599345207,71.0,0.0005978085682727396,0.0005972933140583336,2.6401262283325195,2.5659067630767822,121.0,0.9305964112281799,0.4096325635910034,0.5209638476371765,66.0,0.6682011485099792,148.0,0.6766974925994873,82.0,0.004770822823047638,0.00940366368740797,70.56640625,36.566898345947266,True
1500032950A,0,2020,0,No,False,366,True,145.0,0.7188869118690491,0.06822657585144043,0.6506603360176086,115.0,0.38703033328056335,180.0,0.3892277479171753,65.0,0.011061886325478554,0.009418833069503307,40.03942108154297,35.536468505859375,144.0,0.7658290266990662,0.22286921739578247,0.5429598093032837,114.0,0.4992871582508087,181.0,0.5010685324668884,67.0,0.008884728886187077,0.0071556889452040195,45.96781921386719,30.812713623046875,143.0,0.5570515394210815,-0.0038062972016632557,0.5608578324317932,114.0,0.2686145603656769,178.0,0.27216488122940063,64.0,0.009946102276444435,0.008139618672430515,29.628087997436523,29.875497817993164,157.0,0.04469260200858116,0.0023555830121040344,0.04233701899647713,112.0,0.023742860183119774,185.0,0.0233340822160244,73.0,0.00046554981963708997,0.0007628042949363589,2.7833893299102783,2.6090762615203857,169.0,0.7039809226989746,0.20914529263973236,0.49483561515808105,64.0,0.4535094201564789,196.0,0.45658013224601746,132.0,0.0023854428436607122,0.009162992238998413,84.99720001220703,57.180877685546875,True
1500032950A,1,2021,0,No,False,59,True,59.0,0.09389059990644455,0.08839157968759537,0.005499020218849182,54.0,0.0909259170293808,0.0,,-54.0,0.0005929365870542824,,0.0,0.0,59.0,0.3129655718803406,0.29652392864227295,0.016441643238067627,54.0,0.30404895544052124,0.0,,-54.0,0.0017833232413977385,,0.0,0.0,59.0,0.02340625412762165,0.01920090802013874,0.00420534610748291,53.0,0.021337777376174927,0.0,,-53.0,0.0003447461349423975,,0.0,0.0,25.0,0.010209010913968086,0.004983795341104269,0.005225215572863817,1.0,0.007817026227712631,39.0,0.0076718698255717754,38.0,9.96660310192965e-05,0.00018122435722034425,0.3544235825538635,0.16254746913909912,23.0,0.5354368090629578,0.39782822132110596,0.1376085877418518,1.0,0.4797917604446411,39.0,0.46530529856681824,38.0,0.0025293203070759773,0.00438321940600872,19.759143829345703,4.442756652832031,False
1500032950B,0,2020,0,No,False,366,True,145.0,0.7188869118690491,0.06822661310434341,0.6506602764129639,115.0,0.38703033328056335,180.0,0.3892277479171753,65.0,0.011061886325478554,0.009418833069503307,40.03942108154297,35.53646469116211,144.0,0.7658290266990662,0.22287026047706604,0.5429587364196777,114.0,0.4992871582508087,181.0,0.5010685324668884,67.0,0.008884728886187077,0.0071556889452040195,45.96781921386719,30.81264305114746,143.0,0.5570515394210815,-0.0038063297979533672,0.560857892036438,114.0,0.2686145603656769,178.0,0.27216488122940063,64.0,0.009946102276444435,0.008139618672430515,29.628087997436523,29.875499725341797,157.0,0.04469260200858116,0.0023555918596684933,0.04233701154589653,112.0,0.023742860183119774,185.0,0.0233340822160244,73.0,0.00046554981963708997,0.0007628042949363589,2.7833893299102783,2.6090755462646484,169.0,0.7039809226989746,0.20769308507442474,0.49628782272338867,64.0,0.4535094201564789,196.0,0.45658040046691895,132.0,0.0023854428436607122,0.009162981994450092,84.99720764160156,57.37403106689453,True
15005301PO,0,2020,1,Fungicide,False,175,True,128.0,0.551336407661438,0.011937771923840046,0.5393986105918884,95.0,0.27768731117248535,155.0,0.278091162443161,60.0,0.008292396552860737,0.010120194405317307,27.501461029052734,26.773256301879883,127.0,0.6197047829627991,0.14605668187141418,0.4736481010913849,95.0,0.3864833116531372,154.0,0.3884970545768738,59.0,0.007288170978426933,0.008563249371945858,32.091087341308594,23.327686309814453,125.0,0.41136330366134644,-0.03058653324842453,0.44194984436035156,93.0,0.18532557785511017,153.0,0.1891436129808426,60.0,0.007063678931444883,0.007936417125165462,20.123058319091797,21.98883628845215,131.0,0.04448738321661949,0.0005216373829171062,0.043965745717287064,99.0,0.022827258333563805,154.0,0.022277384996414185,55.0,0.0006768789025954902,0.0009656521142460406,1.999332308769226,1.9701206684112549,134.0,0.43693557381629944,0.11247219145298004,0.3244633674621582,109.0,0.2737278938293457,156.0,0.2786298394203186,47.0,0.006528307218104601,0.007195715326815844,18.050189971923828,12.651525497436523,True
15005302PO,0,2020,1,Fungicide,False,175,True,123.0,0.5823848843574524,0.0022524315863847733,0.5801324248313904,94.0,0.2897927463054657,149.0,0.2878850996494293,55.0,0.010089384391903877,0.01132691465318203,26.560733795166016,26.43459701538086,123.0,0.6787768006324768,0.12322403490543365,0.5555527806282043,94.0,0.40333738923072815,149.0,0.4072778522968292,55.0,0.009497910737991333,0.010442267172038555,32.32080078125,25.420255661010742,122.0,0.4695710241794586,-0.04071463644504547,0.5102856755256653,94.0,0.21728293597698212,148.0,0.208203986287117,54.0,0.009010289795696735,0.010052577592432499,20.5751953125,22.81450080871582,125.0,0.04996694624423981,-0.0009139440953731537,0.05088089033961296,92.0,0.024079157039523125,149.0,0.02482200413942337,57.0,0.0007844784413464367,0.001047705882228911,2.3262100219726562,2.379218816757202,131.0,0.4610064625740051,0.07087501883506775,0.3901314437389374,108.0,0.265226811170578,151.0,0.2678443193435669,43.0,0.008512158878147602,0.009658107534050941,16.926746368408203,13.808245658874512,True
1500553132A,0,2020,1,Herbicide,False,177,True,134.0,0.7275527715682983,0.13882803916931152,0.5887247323989868,106.0,0.43328338861465454,163.0,0.4351375699043274,57.0,0.010509620420634747,0.010083282366394997,35.934715270996094,27.882688522338867,132.0,0.7796245813369751,0.3389643430709839,0.4406602382659912,104.0,0.5538934469223022,164.0,0.5551835298538208,60.0,0.008061826229095459,0.007013782858848572,42.78050994873047,22.10368537902832,132.0,0.5688191652297974,0.06274235248565674,0.5060768127441406,104.0,0.3227135241031647,163.0,0.31112581491470337,59.0,0.008789487183094025,0.008312689140439034,28.785037994384766,25.020496368408203,141.0,0.06149236857891083,0.013734949752688408,0.04775741696357727,106.0,0.03805539384484291,168.0,0.03844499588012695,62.0,0.0006696278578601778,0.0008536063833162189,3.362729072570801,2.497427225112915,154.0,0.7364414930343628,0.33350956439971924,0.40293192863464355,125.0,0.5308995842933655,177.0,0.5579524636268616,52.0,0.00708765210583806,0.007760392501950264,34.79198455810547,17.282732009887695,True
1500553132A,1,2021,0,No,False,424,True,128.0,0.7314482927322388,0.06618830561637878,0.6652599573135376,98.0,0.3995067775249481,160.0,0.3972330093383789,62.0,0.011064717546105385,0.01044422760605812,38.46495056152344,34.29508590698242,125.0,0.8190216422080994,0.1886155903339386,0.6304060220718384,94.0,0.5095238089561462,162.0,0.5007529854774475,68.0,0.009983801282942295,0.008601855486631393,48.601844787597656,35.587371826171875,125.0,0.6002487540245056,0.0012659055646508932,0.5989828705787659,96.0,0.2976900637149811,158.0,0.2933765649795532,62.0,0.010433058254420757,0.009299157187342644,30.71649932861328,30.636747360229492,133.0,0.05370727553963661,0.003742516040802002,0.04996475949883461,97.0,0.02814662456512451,169.0,0.029364535585045815,72.0,0.0007100180955603719,0.0006761872209608555,3.291179656982422,3.0179760456085205,144.0,0.7259284853935242,0.1757199615240097,0.5502085089683533,111.0,0.4473331570625305,174.0,0.445695161819458,63.0,0.008442282676696777,0.009341110475361347,39.509765625,28.263687133789062,True
1500553132C,0,2021,0,No,False,365,True,129.0,0.6777974963188171,0.07125167548656464,0.6065458059310913,100.0,0.3788280785083771,161.0,0.3699971139431,61.0,0.010309290140867233,0.009618761949241161,35.07762908935547,30.660024642944336,126.0,0.7935580015182495,0.18207977712154388,0.6114782094955444,95.0,0.4872494041919708,163.0,0.48897212743759155,68.0,0.009880922734737396,0.008232050575315952,46.84246826171875,34.278961181640625,127.0,0.563206136226654,0.004737921990454197,0.558468222618103,98.0,0.28143489360809326,158.0,0.28489550948143005,60.0,0.009716250002384186,0.008977762423455715,27.938678741455078,27.64966583251953,134.0,0.054816316813230515,0.0032710530795156956,0.05154526233673096,100.0,0.028799859806895256,172.0,0.029201937839388847,72.0,0.0007651899359188974,0.000674062583129853,3.3530659675598145,3.11427903175354,145.0,0.716364324092865,0.16509059071540833,0.5512737035751343,114.0,0.44651487469673157,175.0,0.4403011202812195,61.0,0.008704820647835732,0.009202106855809689,37.89680099487305,27.66118621826172,True
1500553160PB1,0,2019,0,No,False,61,False,305.0,0.07835083454847336,0.06391115486621857,0.014439679682254791,0.0,,312.0,0.07157439738512039,312.0,,0.0009680624352768064,0.5606110095977783,0.08127734065055847,305.0,0.2289365977048874,0.21744556725025177,0.01149103045463562,0.0,,310.0,0.22345830500125885,310.0,,0.0010956585174426436,1.2427200078964233,0.04676938056945801,305.0,0.011871524155139923,0.00584242632612586,0.006029097829014063,0.0,,314.0,0.008686895482242107,314.0,,0.0003538476303219795,0.09684779495000839,0.04134474694728851,357.0,0.010926833376288414,0.006509583443403244,0.00441724993288517,339.0,0.008806109428405762,365.0,0.010241950862109661,26.0,0.00011781799548771232,8.561031427234411e-05,0.27315443754196167,0.10065045952796936,305.0,0.3370342552661896,0.2722060978412628,0.06482815742492676,0.0,,313.0,0.30604711174964905,313.0,,0.003873392939567566,2.723907947540283,0.41015625,False
1500553160PB1,1,2020,1,Other,False,427,False,106.0,0.7030951976776123,0.038210418075323105,0.6648848056793213,73.0,0.3748333156108856,136.0,0.3736792802810669,63.0,0.009947329759597778,0.010980530641973019,37.35791015625,34.912445068359375,105.0,0.7876331210136414,0.1935596466064453,0.594073474407196,69.0,0.49188122153282166,136.0,0.49129801988601685,67.0,0.00821533054113388,0.009559196420013905,46.38407897949219,33.222023010253906,103.0,0.599533200263977,-0.01706012338399887,0.6165933012962341,69.0,0.2964326739311218,134.0,0.29917415976524353,65.0,0.008914721198379993,0.009689001366496086,32.406166076660156,33.532135009765625,111.0,0.05404739826917648,0.0033114817924797535,0.05073591694235802,70.0,0.028351712971925735,140.0,0.028817767277359962,70.0,0.0006267240387387574,0.0008699872996658087,3.232631206512451,2.997515916824341,123.0,0.5952364206314087,0.06563767790794373,0.5295987129211426,83.0,0.3307230472564697,158.0,0.3307105600833893,75.0,0.006612834520637989,0.0075578815303742886,36.433128356933594,31.444664001464844,True
1500553160PB1,2,2021,1,Herbicide,False,424,False,104.0,0.6623822450637817,0.05247889831662178,0.6099033355712891,69.0,0.35354793071746826,130.0,0.34868714213371277,61.0,0.008823837153613567,0.01206519640982151,34.02171325683594,30.768020629882812,101.0,0.7766087055206299,0.21315991878509521,0.5634487867355347,66.0,0.4983401596546173,129.0,0.48848506808280945,63.0,0.00795052945613861,0.010290130041539669,43.06361389160156,29.42137908935547,100.0,0.5665343999862671,-0.007105558179318905,0.5736399292945862,66.0,0.28254157304763794,128.0,0.27855268120765686,62.0,0.008352730423212051,0.010285061784088612,29.108049392700195,29.555700302124023,107.0,0.04573361575603485,0.0023223990574479103,0.043411217629909515,68.0,0.023934826254844666,130.0,0.02376018837094307,62.0,0.0005589433130808175,0.0009553664131090045,2.3601176738739014,2.213806629180908,118.0,0.5820286870002747,0.16237349808216095,0.4196552038192749,92.0,0.37321534752845764,334.0,0.3717286288738251,242.0,0.00803128257393837,0.0009736113715916872,84.9954605102539,45.5386962890625,True
1500553160PB1,3,2022,0,No,False,59,False,59.0,0.29508456587791443,0.2024717926979065,0.09261277318000793,36.0,0.24938251078128815,0.0,,-36.0,0.0019870458636432886,,0.0,0.0,59.0,0.44384926557540894,0.3323749005794525,0.11147436499595642,42.0,0.3880588710308075,0.0,,-42.0,0.003281787969172001,,0.0,0.0,59.0,0.1984015852212906,0.11864909529685974,0.07975248992443085,42.0,0.15879739820957184,0.0,,-42.0,0.002329658018425107,,0.0,0.0,59.0,0.01961938478052616,0.011920512653887272,0.007698872126638889,53.0,0.015963196754455566,0.0,,-53.0,0.0006093646516092122,,0.0,0.0,59.0,0.6890512108802795,0.4800223708152771,0.20902884006500244,46.0,0.5837209224700928,0.0,,-46.0,0.008102329447865486,,0.0,0.0,False
1500553162,0,2020,1,Herbicide,False,366,True,109.0,0.684718132019043,0.05203169211745262,0.6326864361763,74.0,0.3685544729232788,142.0,0.37695226073265076,68.0,0.009033247828483582,0.009326238185167313,39.48020935058594,35.89002227783203,106.0,0.7632893919944763,0.2140822410583496,0.5492071509361267,72.0,0.4885631501674652,142.0,0.4927625358104706,70.0,0.008080183528363705,0.0075146351009607315,47.488765716552734,32.28892517089844,104.0,0.567918062210083,-0.010410909540951252,0.5783289670944214,72.0,0.284890741109848,141.0,0.2786566913127899,69.0,0.008844603784382343,0.007817874662578106,32.603965759277344,33.33272933959961,113.0,0.05248643830418587,0.0026932130567729473,0.04979322478175163,72.0,0.02810429409146309,145.0,0.0269879549741745,73.0,0.0005946864257566631,0.0007968276040628552,3.251539468765259,3.052241802215576,127.0,0.6004552841186523,0.08222061395645142,0.5182346701622009,89.0,0.339359849691391,158.0,0.3403500020503998,69.0,0.006870932411402464,0.008390492759644985,34.221248626708984,28.465805053710938,True
1500553162,1,2021,0,No,False,59,True,59.0,0.16073353588581085,0.11802832782268524,0.04270520806312561,53.0,0.13940304517745972,0.0,,-53.0,0.003555081784725189,,0.0,0.0,59.0,0.3454745411872864,0.3006773591041565,0.04479718208312988,53.0,0.32191669940948486,0.0,,-53.0,0.003926306962966919,,0.0,0.0,59.0,0.09982369840145111,0.05706441029906273,0.04275928810238838,53.0,0.07778038829565048,0.0,,-53.0,0.003673885017633438,,0.0,0.0,44.0,0.007072756066918373,0.00544938538223505,0.001623370684683323,27.0,0.006295708008110523,59.0,0.006999464239925146,32.0,4.570870805764571e-05,4.886121587333037e-06,0.22520150244235992,0.04809647798538208,52.0,0.080595001578331,0.07381220161914825,0.006782799959182739,37.0,0.07698545604944229,59.0,0.08034389466047287,22.0,0.00024063636374194175,3.5872417356586084e-05,1.792797327041626,0.13202261924743652,False
1500553162A,0,2020,0,No,False,427,True,105.0,0.25000739097595215,0.05870378762483597,0.19130361080169678,70.0,0.15639705955982208,143.0,0.153268501162529,73.0,0.0026745807845145464,0.0025457602459937334,15.910032272338867,11.56595230102539,101.0,0.3889191448688507,0.20711788535118103,0.18180125951766968,72.0,0.29578766226768494,142.0,0.2961241602897644,70.0,0.0032114305067807436,0.0022632922045886517,25.038469314575195,10.333099365234375,102.0,0.22745178639888763,-0.008378216065466404,0.23583000898361206,71.0,0.10669009387493134,140.0,0.10986393690109253,69.0,0.00389553839340806,0.003094417043030262,12.733671188354492,13.320146560668945,108.0,0.026266518980264664,0.0034064913634210825,0.022860027849674225,68.0,0.015120656229555607,144.0,0.014728346839547157,76.0,0.00027864656294696033,0.00032050476875156164,1.7499589920043945,1.487659215927124,129.0,0.4135424494743347,0.07247237861156464,0.3410700559616089,73.0,0.24264377355575562,187.0,0.24596057832241058,114.0,0.0030517620034515858,0.0028893426060676575,37.289085388183594,28.954761505126953,False
1500553162A,1,2021,1,Herbicide,False,241,True,106.0,0.6154268383979797,0.05664680153131485,0.5587800145149231,72.0,0.34181979298591614,135.0,0.32861408591270447,63.0,0.00804726593196392,0.009890095330774784,32.98631286621094,29.360918045043945,104.0,0.727472722530365,0.22390317916870117,0.5035695433616638,68.0,0.4801524877548218,134.0,0.47333991527557373,66.0,0.006870006676763296,0.008471093140542507,42.73270034790039,27.731185913085938,103.0,0.49928760528564453,-0.0045126648619771,0.5038002729415894,68.0,0.24496956169605255,133.0,0.2501688003540039,65.0,0.0072662304155528545,0.008303959853947163,27.004413604736328,27.302249908447266,113.0,0.0434313528239727,0.0022793435491621494,0.04115200787782669,70.0,0.023039421066641808,139.0,0.022403813898563385,69.0,0.0004742309683933854,0.00080875150160864,2.494765043258667,2.3352110385894775,123.0,0.5289598703384399,0.192015141248703,0.33694472908973694,98.0,0.36076727509498596,149.0,0.3599071502685547,51.0,0.006727703846991062,0.006502027623355389,23.87856674194336,13.893778800964355,True
1500553163,0,2020,1,Herbicide,False,366,True,111.0,0.7974166870117188,0.04099432751536369,0.7564223408699036,76.0,0.4127058684825897,147.0,0.42544645071029663,71.0,0.010991737246513367,0.010332506150007248,47.60291290283203,44.65132141113281,109.0,0.8163938522338867,0.185189887881279,0.6312039494514465,72.0,0.4933464229106903,148.0,0.49820518493652344,76.0,0.008731011301279068,0.008158683776855469,54.37520217895508,40.11558151245117,107.0,0.6364913582801819,-0.017400657758116722,0.6538920402526855,73.0,0.3146614134311676,145.0,0.3125516474246979,72.0,0.009465586394071579,0.008524728938937187,38.090084075927734,39.36033248901367,122.0,0.055684641003608704,0.0025429546367377043,0.05314168706536293,73.0,0.02937631495296955,153.0,0.02858799695968628,80.0,0.0005369046120904386,0.0008740852936170995,3.746011257171631,3.540031909942627,129.0,0.6832036375999451,0.10344748198986053,0.5797561407089233,95.0,0.39285948872566223,161.0,0.3895612061023712,66.0,0.00853953417390585,0.009176325984299183,37.620643615722656,30.68966293334961,True
1500553163A,0,2020,1,Other,False,427,True,110.0,0.8010488152503967,0.041752949357032776,0.7592958807945251,75.0,0.42476773262023926,146.0,0.425423264503479,71.0,0.010750887915492058,0.010434042662382126,47.95744705200195,44.95123291015625,109.0,0.8180775046348572,0.1861606389284134,0.631916880607605,71.0,0.4984580874443054,147.0,0.49925491213798523,76.0,0.008411037735641003,0.00839006807655096,54.590423583984375,40.25605392456055,107.0,0.637347936630249,-0.017147686332464218,0.6544955968856812,71.0,0.30712276697158813,144.0,0.3162350058555603,73.0,0.009172921068966389,0.00867872778326273,38.65663146972656,39.925559997558594,120.0,0.054650936275720596,0.0025194452609866858,0.052131492644548416,72.0,0.02874019928276539,151.0,0.02939741313457489,79.0,0.0005398070206865668,0.0008146297768689692,3.6643612384796143,3.4628055095672607,129.0,0.6642129421234131,0.07527287304401398,0.5889400839805603,91.0,0.3738718628883362,162.0,0.3653114438056946,71.0,0.007640554569661617,0.009057621471583843,38.96365737915039,33.544010162353516,True
1500553163P1,0,2020,1,Herbicide,False,366,True,121.0,0.7391656637191772,0.04889952391386032,0.6902661323547363,91.0,0.3875042796134949,155.0,0.38548263907432556,64.0,0.011722045950591564,0.010402441956102848,39.774906158447266,36.596435546875,120.0,0.7808029651641846,0.19619324803352356,0.5846097469329834,90.0,0.4877116084098816,154.0,0.4847719967365265,64.0,0.009769711643457413,0.008706793189048767,43.91054153442383,31.157981872558594,119.0,0.5815432667732239,-0.009704767726361752,0.5912480354309082,89.0,0.2836002707481384,152.0,0.2902936339378357,63.0,0.009931433014571667,0.008825746364891529,30.317867279052734,30.93897247314453,129.0,0.05118774250149727,0.002573243109509349,0.0486144982278347,87.0,0.027147041633725166,159.0,0.026290178298950195,72.0,0.000572397664655,0.0008299188339151442,3.090916872024536,2.9030702114105225,139.0,0.6521742343902588,0.19293856620788574,0.45923566818237305,110.0,0.42736631631851196,167.0,0.4200466573238373,57.0,0.007751997094601393,0.00829027034342289,32.71892547607422,21.528488159179688,True
1500553164P,0,2020,0,No,False,90,True,334.0,0.0895606204867363,0.06503428518772125,0.024526335299015045,322.0,0.07602845877408981,0.0,,-322.0,0.0011276801815256476,,0.0,0.0,1.0,0.24378497898578644,0.20698341727256775,0.03680156171321869,1.0,0.24378497898578644,322.0,0.23491837084293365,321.0,,2.7621832487056963e-05,0.7156559228897095,0.09470570087432861,322.0,0.035697467625141144,0.014868730679154396,0.020828736945986748,1.0,0.019659405574202538,322.0,0.035697467625141144,321.0,4.996281131752767e-05,,0.08235007524490356,0.03774388134479523,322.0,0.007826956920325756,0.0031574289314448833,0.004669527988880873,1.0,0.0037867834325879812,322.0,0.007826956920325756,321.0,1.2586209777509794e-05,,0.017187824472784996,0.007715538144111633,346.0,0.2980038821697235,0.04946272075176239,0.24854116141796112,0.0,,0.0,,0.0,,,0.0,0.0,False
1500553164P1,0,2021,1,Herbicide,False,351,True,110.0,0.7436743974685669,0.04715440422296524,0.6965199708938599,75.0,0.39086461067199707,144.0,0.3937760889530182,69.0,0.010080279782414436,0.010291126556694508,43.406349182128906,40.10554122924805,108.0,0.8241403698921204,0.14259134232997894,0.6815490126609802,73.0,0.4824681580066681,145.0,0.48102036118507385,72.0,0.00976206362247467,0.009273514151573181,51.310997009277344,40.90182876586914,107.0,0.6127551198005676,-0.007738726679235697,0.6204938292503357,74.0,0.29921531677246094,141.0,0.30214276909828186,67.0,0.009501205757260323,0.009135656990110874,34.05015563964844,34.57638931274414,114.0,0.05870137736201286,0.0024431871715933084,0.0562581904232502,76.0,0.030635898932814598,145.0,0.0302504263818264,69.0,0.0007385652279481292,0.0009177725878544152,3.363525629043579,3.192502498626709,124.0,0.6966673135757446,0.18474197387695312,0.5119253396987915,96.0,0.4455486238002777,154.0,0.4388558566570282,58.0,0.008968524634838104,0.00859371479600668,35.32756805419922,24.427791595458984,True
1500553164PA,0,2020,1,Fungicide,False,177,True,124.0,0.6181460022926331,0.04779098927974701,0.5703549981117249,94.0,0.3274402916431427,160.0,0.3298286199569702,66.0,0.00969019066542387,0.00800881627947092,34.56563186645508,31.363636016845703,122.0,0.7379330992698669,0.2002394199371338,0.5376936793327332,94.0,0.4620460271835327,159.0,0.4691253900527954,65.0,0.00985310971736908,0.007265073247253895,42.22876739501953,29.01296615600586,121.0,0.5173580050468445,-0.017460521310567856,0.5348185300827026,93.0,0.2483360767364502,157.0,0.24988146126270294,64.0,0.00960792601108551,0.00742990430444479,27.165729522705078,28.300662994384766,128.0,0.05846630409359932,0.0005767398979514837,0.05788956582546234,93.0,0.029494136571884155,162.0,0.028633423149585724,69.0,0.0008277762099169195,0.0008774376474320889,3.3917596340179443,3.3513877391815186,142.0,0.6821849346160889,0.15912064909934998,0.5230642557144165,111.0,0.419401079416275,167.0,0.4156103730201721,56.0,0.00847689900547266,0.010662982240319252,33.24285888671875,24.17298126220703,True
1500553171,0,2020,1,Fungicide,False,177,True,126.0,0.7198200225830078,0.04598772153258324,0.6738322973251343,95.0,0.376062273979187,162.0,0.377891480922699,67.0,0.011088959872722626,0.00949801504611969,41.06774139404297,37.940574645996094,124.0,0.7924669981002808,0.21244892477989197,0.5800180435180664,95.0,0.5093342661857605,161.0,0.4966295659542084,66.0,0.009763197973370552,0.007995606400072575,46.35743713378906,32.12335968017578,123.0,0.5819974541664124,-0.012859907001256943,0.5948573350906372,94.0,0.2910766005516052,159.0,0.29071471095085144,65.0,0.010031753219664097,0.008091187104582787,31.48104476928711,32.32979965209961,131.0,0.062064673751592636,0.0015943987527862191,0.060470275580883026,94.0,0.031454890966415405,163.0,0.03150506690144539,69.0,0.0008272913983091712,0.0009549877140671015,3.6262917518615723,3.514683723449707,145.0,0.7573649287223816,0.22790704667568207,0.5294578671455383,116.0,0.49096179008483887,169.0,0.4994554817676544,53.0,0.009186315350234509,0.010746226646006107,35.62483215332031,23.317852020263672,True
1500553173,0,2021,1,Herbicide,False,241,True,113.0,0.6402785778045654,0.04282381013035774,0.5974547863006592,84.0,0.3387044668197632,145.0,0.3438783288002014,61.0,0.01039910688996315,0.009262507781386375,32.56589889526367,29.91082191467285,112.0,0.763342559337616,0.18256106972694397,0.5807814598083496,84.0,0.47918304800987244,146.0,0.4723590016365051,62.0,0.010148554109036922,0.00855834037065506,41.012813568115234,29.51146697998047,111.0,0.5383425354957581,-0.013977752067148685,0.5523203015327454,84.0,0.2635233700275421,141.0,0.2618902623653412,57.0,0.010178487747907639,0.009215075522661209,24.962026596069336,25.772735595703125,126.0,0.05096152424812317,-0.0016357282875105739,0.052597250789403915,81.0,0.024516914039850235,159.0,0.024783991277217865,78.0,0.0005876580253243446,0.000793258601333946,3.294694423675537,3.423917055130005,136.0,0.9290558099746704,0.3144203722476959,0.6146354675292969,73.0,0.6260474324226379,160.0,0.6141579151153564,87.0,0.004809656646102667,0.013120745308697224,71.09188842773438,43.42289352416992,True
1500553201,0,2020,0,No,False,90,True,1.0,0.08254532516002655,0.0678969994187355,0.014648325741291046,1.0,0.08254532516002655,0.0,,-1.0,,,0.0,0.0,1.0,0.23556780815124512,0.20582929253578186,0.029738515615463257,1.0,0.23556780815124512,322.0,0.2243533879518509,321.0,,3.493588883429766e-05,0.6883513927459717,0.07086348533630371,1.0,0.018201693892478943,0.010378158651292324,0.007823535241186619,1.0,0.018201693892478943,322.0,0.012414596043527126,321.0,,1.8028342310572043e-05,0.04544965177774429,0.014315176755189896,329.0,0.00720947002992034,0.005126176867634058,0.0020832931622862816,1.0,0.0062172431498765945,0.0,,-1.0,3.0250819236243842e-06,,0.0,0.0,327.0,0.23917534947395325,0.22733569145202637,0.01183965802192688,1.0,0.23362912237644196,0.0,,-1.0,1.7012966054608114e-05,,0.0,0.0,False
1500555322P,0,2021,1,Fungicide,False,159,True,334.0,0.24654456973075867,0.06225147470831871,0.18429309129714966,292.0,0.15427951514720917,353.0,0.1555301696062088,61.0,0.0021967869251966476,0.0047902315855026245,12.878225326538086,9.018633842468262,336.0,0.4136051833629608,0.20384463667869568,0.20976054668426514,282.0,0.30994531512260437,353.0,0.3050524890422821,71.0,0.0019196271896362305,0.006385452579706907,26.649747848510742,11.972932815551758,334.0,0.18253318965435028,0.03402438387274742,0.14850880205631256,290.0,0.1076086014509201,357.0,0.10908699035644531,67.0,0.0017028315924108028,0.0031933130230754614,10.403281211853027,8.089622497558594,365.0,0.04360033571720123,0.023555107414722443,0.02004522830247879,352.0,0.03339853882789612,0.0,,-352.0,0.0007847535889595747,,0.0,0.0,218.0,0.34658434987068176,0.22626161575317383,0.12032273411750793,207.0,0.3280695080757141,231.0,0.2887432873249054,24.0,0.001683167414739728,0.004449312575161457,8.133291244506836,2.5898818969726562,False
1500555331P,0,2020,1,Fungicide,False,183,True,317.0,0.6598700284957886,0.05704832449555397,0.6028217077255249,291.0,0.35804668068885803,0.0,,-291.0,0.011608590371906757,,0.0,0.0,316.0,0.7352470755577087,0.2176395058631897,0.517607569694519,289.0,0.4773547947406769,0.0,,-289.0,0.00955156609416008,,0.0,0.0,314.0,0.5400600433349609,-0.0025170096196234226,0.5425770282745361,288.0,0.2678031325340271,0.0,,-288.0,0.010471419431269169,,0.0,0.0,324.0,0.037738170474767685,0.0031337072141468525,0.03460446372628212,284.0,0.020404981449246407,0.0,,-284.0,0.00043332972563803196,,0.0,0.0,328.0,0.5073120594024658,0.09963234513998032,0.4076797068119049,295.0,0.302033931016922,0.0,,-295.0,0.0062205493450164795,,0.0,0.0,True
1500555331P,1,2021,0,No,False,122,True,57.0,0.09561172872781754,0.08194597065448761,0.013665758073329926,1.0,0.07299519330263138,63.0,0.09089674055576324,62.0,0.00040386669570580125,0.0007858313620090485,9.973182678222656,0.057720184326171875,57.0,0.30061566829681396,0.26972121000289917,0.030894458293914795,1.0,0.28247785568237305,63.0,0.2871909439563751,62.0,0.0003238895151298493,0.002237454056739807,33.4161376953125,0.7798652648925781,58.0,0.02298414334654808,0.014149170368909836,0.008834972977638245,1.0,0.007373073138296604,63.0,0.020925268530845642,62.0,0.00027387842419557273,0.00041177496314048767,1.8894293308258057,0.17737936973571777,28.0,0.013754595071077347,0.003510261420160532,0.010244334116578102,0.0,,0.0,,0.0,,,0.0,0.0,63.0,0.31162646412849426,0.19444149732589722,0.11718496680259705,60.0,0.2932868003845215,0.0,,-60.0,0.006113221403211355,,0.0,0.0,False
1500555331P,2,2021,0,No,False,31,True,335.0,0.08963222801685333,0.04759298637509346,0.04203924164175987,0.0,,345.0,0.06828960031270981,345.0,,0.002134262816980481,0.8359062671661377,0.3361799120903015,335.0,0.2835918068885803,0.16530394554138184,0.11828786134719849,0.0,,345.0,0.2276570051908493,345.0,,0.005593480076640844,2.6987833976745605,0.9630919694900513,335.0,0.02027410827577114,0.0003625340759754181,0.019911574199795723,0.0,,344.0,0.010389789007604122,344.0,,0.0010982577223330736,0.14795836806297302,0.1445142924785614,365.0,0.005155512597411871,0.004392366856336594,0.0007631457410752773,358.0,0.004745937418192625,0.0,,-358.0,5.851074092788622e-05,,0.0,0.0,338.0,0.3222019076347351,0.22662955522537231,0.09557235240936279,335.0,0.31587478518486023,349.0,0.2747794985771179,14.0,0.0021090407390147448,0.004311128053814173,4.4613213539123535,1.1751928329467773,False
1500555331SP,0,2021,0,No,False,63,True,55.0,0.09435789287090302,0.08542512357234955,0.008932769298553467,44.0,0.08962185680866241,63.0,0.09055965393781662,19.0,0.00043054873822256923,0.0004747798666357994,1.8078628778457642,0.1420729160308838,54.0,0.3002060353755951,0.2813088893890381,0.018897145986557007,44.0,0.2903297245502472,61.0,0.2914949059486389,17.0,0.0009876310359686613,0.0012444470776244998,5.336822032928467,0.27326154708862305,55.0,0.02315732277929783,0.01703762263059616,0.006119700148701668,43.0,0.020246505737304688,63.0,0.02092658542096615,20.0,0.00024256808683276176,0.00027884216979146004,0.4539225399494171,0.10465124249458313,23.0,0.006157813593745232,0.003689322154968977,0.0024684914387762547,10.0,0.0049887229688465595,38.0,0.004972213879227638,28.0,8.993005030788481e-05,7.90399790275842e-05,0.16487902402877808,0.05788867920637131,63.0,0.30773597955703735,0.20011518895626068,0.10762079060077667,56.0,0.25706133246421814,0.0,,-56.0,0.00723923509940505,,0.0,0.0,False
1500555331SP,1,2021,0,No,False,31,True,335.0,0.08940789103507996,0.04790618270635605,0.04150170832872391,0.0,,345.0,0.06887231767177582,345.0,,0.0020535574294626713,0.8385246396064758,0.335509717464447,335.0,0.2819311320781708,0.16523607075214386,0.11669506132602692,0.0,,345.0,0.22695346176624298,345.0,,0.005497767124325037,2.6859335899353027,0.9509549140930176,335.0,0.02026808075606823,0.0006289146840572357,0.019639166072010994,0.0,,344.0,0.010433477349579334,344.0,,0.0010927336988970637,0.14801515638828278,0.1420404613018036,365.0,0.005212775431573391,0.004431290552020073,0.000781484879553318,359.0,0.0048152185045182705,0.0,,-359.0,6.625949026783928e-05,,0.0,0.0,338.0,0.3180842399597168,0.2267463207244873,0.09133791923522949,335.0,0.3118746876716614,349.0,0.27282750606536865,14.0,0.0020698506850749254,0.00411424832418561,4.411556243896484,1.123734474182129,False
1500555332,0,2020,0,No,False,63,True,1.0,0.10225620865821838,0.09576653689146042,0.006489671766757965,0.0,,5.0,0.09926974028348923,5.0,,0.0007466170936822891,0.45268529653549194,0.02173587679862976,1.0,0.41670629382133484,0.3604888916015625,0.05621740221977234,0.0,,7.0,0.3895159065723419,7.0,,0.004531731363385916,2.613527774810791,0.27034997940063477,1.0,0.02587791346013546,0.022487685084342957,0.0033902283757925034,0.0,,42.0,0.024197783321142197,42.0,,4.0978782635647804e-05,0.9598484039306641,0.026609480381011963,1.0,0.00842770840972662,0.005454380996525288,0.002973327413201332,0.0,,14.0,0.006930849049240351,14.0,,0.00011514302605064586,0.10351985692977905,0.029885709285736084,63.0,0.31756824254989624,0.19880151748657227,0.11876672506332397,56.0,0.2616764307022095,0.0,,-56.0,0.007984544150531292,,0.0,0.0,False
1500555332,1,2021,1,Fungicide,False,266,True,133.0,0.8350308537483215,0.048207562416791916,0.7868232727050781,101.0,0.4396965801715851,169.0,0.44171711802482605,68.0,0.012354196049273014,0.010925381444394588,47.68400955200195,44.357688903808594,131.0,0.8274950385093689,0.23739580810070038,0.5900992155075073,98.0,0.534893810749054,173.0,0.5325383543968201,75.0,0.008866704069077969,0.007022778037935495,55.098995208740234,37.056915283203125,130.0,0.6306602358818054,-0.014056184329092503,0.6447164416313171,99.0,0.3110470175743103,168.0,0.30938753485679626,69.0,0.010310104116797447,0.008454544469714165,36.036285400390625,37.02021789550781,144.0,0.04640071094036102,0.0005738859763368964,0.04582682624459267,100.0,0.02297039143741131,184.0,0.023420067504048347,84.0,0.0005325072561390698,0.0005745160742662847,3.355618476867676,3.306838274002075,151.0,0.7412756085395813,0.19548717141151428,0.5457884073257446,114.0,0.46957123279571533,181.0,0.47026848793029785,67.0,0.007343361619859934,0.009033570997416973,43.79668426513672,30.503555297851562,True
150062471C,0,2020,0,No,False,61,False,1.0,0.17592930793762207,0.13207469880580902,0.04385460913181305,0.0,,0.0,,0.0,,,0.0,0.0,363.0,0.41830509901046753,0.347758948802948,0.07054615020751953,343.0,0.3828001916408539,364.0,0.41815242171287537,21.0,0.001775245415046811,0.00015267729759216309,8.939687728881836,1.2889909744262695,1.0,0.20480377972126007,0.12277978658676147,0.0820239931344986,0.0,,0.0,,0.0,,,0.0,0.0,361.0,0.019506799057126045,0.01489435788244009,0.004612441174685955,337.0,0.017175773158669472,364.0,0.019486121833324432,27.0,9.712608152767643e-05,6.892407782288501e-06,0.5271715521812439,0.11012953519821167,359.0,0.2632582485675812,0.19448505342006683,0.06877319514751434,337.0,0.23020610213279724,364.0,0.26293328404426575,27.0,0.0015023703454062343,6.499290611827746e-05,7.12357234954834,1.6779909133911133,False
150062471C,1,2021,0,No,False,365,False,214.0,0.48782995343208313,0.07438824325799942,0.4134417176246643,48.0,0.2822779715061188,239.0,0.2809615433216095,191.0,0.0012382649583742023,0.008274736814200878,58.780338287353516,44.49779510498047,91.0,0.5905886888504028,0.31091833114624023,0.2796703577041626,39.0,0.45162156224250793,236.0,0.4520162343978882,197.0,0.002672444796189666,0.000955672119744122,93.14503479003906,31.583206176757812,213.0,0.37818771600723267,0.010129159316420555,0.36805856227874756,192.0,0.19230304658412933,237.0,0.19350102543830872,45.0,0.008851651102304459,0.0076952786184847355,14.053690910339355,13.587749481201172,226.0,0.03667046129703522,0.00605430081486702,0.030616160482168198,195.0,0.021081482991576195,257.0,0.02172590047121048,62.0,0.0005028702435083687,0.00048208259977400303,1.9809179306030273,1.5994969606399536,239.0,0.7417837977409363,0.25852465629577637,0.4832591414451599,128.0,0.5002058744430542,269.0,0.5002013444900513,141.0,0.0021763776894658804,0.008052748627960682,75.70665740966797,38.99615478515625,True
150062471C,2,2022,0,No,False,59,False,23.0,0.1064894050359726,0.09437335282564163,0.012116052210330963,5.0,0.10035187751054764,41.0,0.100304514169693,36.0,0.00034097375464625657,0.0003436050610616803,3.852776288986206,0.3609621524810791,59.0,0.3459802567958832,0.3329310119152069,0.01304924488067627,42.0,0.3394694924354553,0.0,,-42.0,0.00038298615254461765,,0.0,0.0,8.0,0.033990222960710526,0.0330781489610672,0.0009120739996433258,2.0,0.033532220870256424,16.0,0.033492326736450195,14.0,7.633367931703106e-05,6.223702803254128e-05,0.5070233941078186,0.010851144790649414,1.0,0.01271048467606306,0.00953611172735691,0.00317437294870615,0.0,,9.0,0.011040942743420601,9.0,,0.00020869274158030748,0.10121273994445801,0.020155787467956543,33.0,0.2794109582901001,0.24640648066997528,0.03300447762012482,13.0,0.26336750388145447,47.0,0.26372000575065613,34.0,0.0008021726971492171,0.001120782340876758,9.561088562011719,0.9368619918823242,False
150062910A,0,2019,0,No,False,61,False,305.0,0.7928439378738403,0.423340767621994,0.3695031702518463,0.0,,324.0,0.6146365404129028,324.0,,0.00937933661043644,13.847110748291016,5.591965675354004,305.0,0.8170153498649597,0.5568886399269104,0.2601267099380493,0.0,,325.0,0.6886177062988281,325.0,,0.00641988217830658,15.554603576660156,4.138385772705078,305.0,0.6278476119041443,0.31949272751808167,0.3083548843860626,0.0,,324.0,0.4739178419113159,324.0,,0.008101566694676876,10.862768173217773,4.632659912109375,305.0,0.021538762375712395,0.01858638972043991,0.002952372655272484,0.0,,346.0,0.02006544917821884,346.0,,3.593446672311984e-05,0.8691068887710571,0.09777176380157471,305.0,0.6371612548828125,0.5063653588294983,0.1307958960533142,0.0,,325.0,0.5730523467063904,325.0,,0.0032054453622549772,12.439029693603516,2.058539390563965,True
150062910A,1,2020,1,Herbicide,False,366,False,166.0,0.7765923738479614,0.05975869297981262,0.7168337106704712,133.0,0.41190803050994873,197.0,0.4184468984603882,64.0,0.011051041074097157,0.011553079821169376,42.0845947265625,38.200279235839844,162.0,0.7914710640907288,0.22711774706840515,0.564353346824646,128.0,0.5088120102882385,198.0,0.5060806274414062,70.0,0.008313501253724098,0.00792751181870699,49.30704879760742,33.18168640136719,162.0,0.597054123878479,-0.002304354915395379,0.5993584990501404,130.0,0.3047342002391815,195.0,0.2950211465358734,65.0,0.009134997613728046,0.009152514860033989,32.44744873046875,32.59953689575195,172.0,0.056294217705726624,0.0028679706156253815,0.05342624709010124,134.0,0.029481956735253334,200.0,0.02978173829615116,66.0,0.000705585815012455,0.0009468742646276951,3.143902540206909,2.9517486095428467,182.0,0.7150208353996277,0.1048269271850586,0.6101939082145691,143.0,0.41034260392189026,207.0,0.40835919976234436,64.0,0.007812262512743473,0.012266465462744236,38.71249008178711,31.898738861083984,True
150062910A,2,2021,0,No,False,59,False,59.0,0.56138676404953,0.3305118680000305,0.2308748960494995,50.0,0.4457220733165741,0.0,,-50.0,0.012851632200181484,,0.0,0.0,59.0,0.737390398979187,0.49768227338790894,0.23970812559127808,50.0,0.6131308078765869,0.0,,-50.0,0.013806621544063091,,0.0,0.0,59.0,0.5094890594482422,0.2676927149295807,0.2417963445186615,51.0,0.3955615758895874,0.0,,-51.0,0.014240935444831848,,0.0,0.0,38.0,0.015444044955074787,0.008452090434730053,0.006991954520344734,22.0,0.011830784380435944,59.0,0.012004338204860687,37.0,0.00022582878591492772,0.00016379555745515972,0.5324801206588745,0.2155267298221588,59.0,0.506628692150116,0.3110126554965973,0.19561603665351868,49.0,0.4077518880367279,0.0,,-49.0,0.009887680411338806,,0.0,0.0,True
150062910B,0,2020,0,No,False,24,True,1.0,0.06943091005086899,0.06860330700874329,0.0008276030421257019,0.0,,0.0,,0.0,,,0.0,0.0,343.0,0.29335254430770874,0.2709265947341919,0.022425949573516846,0.0,,357.0,0.28202560544013977,357.0,,0.0008090670453384519,4.308722972869873,0.24482393264770508,361.0,0.019174018874764442,0.018858404830098152,0.0003156140446662903,353.0,0.018999241292476654,364.0,0.01915295422077179,11.0,2.184719778597355e-05,7.021551482466748e-06,0.22945299744606018,0.0031521469354629517,343.0,0.02995774894952774,0.01058497279882431,0.01937277615070343,0.0,,353.0,0.020612213760614395,353.0,,0.0009345535072498024,0.2683292627334595,0.15189455449581146,343.0,0.39151373505592346,0.3524511456489563,0.03906258940696716,0.0,,352.0,0.3716779947280884,352.0,,0.0022039711475372314,3.795779228210449,0.2712676525115967,False
150062910B,1,2021,1,Herbicide,False,169,True,134.0,0.6723435521125793,0.23703207075595856,0.435311496257782,106.0,0.4531475305557251,165.0,0.45019131898880005,59.0,0.007828429341316223,0.007166201248764992,35.517784118652344,21.295860290527344,129.0,0.7454281449317932,0.37758272886276245,0.36784541606903076,102.0,0.5652690529823303,163.0,0.5584705471992493,61.0,0.006672558840364218,0.0054987529292702675,42.10580825805664,18.6956787109375,129.0,0.5453500747680664,0.12485025078058243,0.4204998314380646,101.0,0.32812824845314026,160.0,0.3374282717704773,59.0,0.007757922168821096,0.006707155145704746,28.11827850341797,20.627262115478516,134.0,0.06170741468667984,0.02186698466539383,0.03984043002128601,108.0,0.04121490940451622,167.0,0.0420001782476902,59.0,0.0007881732890382409,0.0005971890059299767,3.2759509086608887,1.9639317989349365,150.0,0.9049973487854004,0.6113733053207397,0.29362404346466064,116.0,0.75789475440979,169.0,0.8707123398780823,53.0,0.004326547030359507,0.0018044741591438651,46.287818908691406,13.579345703125,True
150062910B1,0,2020,0,No,False,24,True,343.0,0.08368821442127228,0.0689694806933403,0.014718733727931976,0.0,,351.0,0.07669861614704132,351.0,,0.0008736997842788696,0.7139682173728943,0.09324294328689575,343.0,0.2758826017379761,0.2503809332847595,0.025501668453216553,0.0,,356.0,0.26276329159736633,356.0,,0.0010091776493936777,3.761871814727783,0.25653862953186035,343.0,0.023792272433638573,0.01724344678223133,0.006548825651407242,0.0,,352.0,0.020564354956150055,352.0,,0.0003586575039662421,0.21827863156795502,0.04584415256977081,343.0,0.013427923433482647,0.009699704125523567,0.0037282193079590797,0.0,,358.0,0.01158310566097498,358.0,,0.00012298785441089422,0.20251034200191498,0.0473150759935379,1.0,0.3470023572444916,0.3106430768966675,0.0363592803478241,0.0,,0.0,,0.0,,,0.0,0.0,False
150062910B1,1,2021,0,No,False,59,True,59.0,0.0989217683672905,0.0836935043334961,0.015228264033794403,50.0,0.0912587121129036,0.0,,-50.0,0.0008514507208019495,,0.0,0.0,59.0,0.2683856189250946,0.25446367263793945,0.013921946287155151,40.0,0.2615583539009094,0.0,,-40.0,0.0003593297442421317,,0.0,0.0,59.0,0.028340309858322144,0.022470956668257713,0.00586935319006443,49.0,0.02551749348640442,0.0,,-49.0,0.00028228163137100637,,0.0,0.0,27.0,0.012203956954181194,0.006136057898402214,0.00606789905577898,11.0,0.009155353531241417,40.0,0.009151635691523552,29.0,0.00019053771393373609,0.0002347939444007352,0.326471745967865,0.14239001274108887,29.0,0.4352496266365051,0.3637285530567169,0.07152107357978821,16.0,0.3975522816181183,44.0,0.3987026512622833,28.0,0.0028997957706451416,0.0024364651180803776,12.1708402633667,1.6227121353149414,False
150062910C,0,2020,0,No,False,24,True,1.0,0.07598283141851425,0.07482430338859558,0.0011585280299186707,0.0,,0.0,,0.0,,,0.0,0.0,343.0,0.2912369966506958,0.26317405700683594,0.028062939643859863,0.0,,356.0,0.2769813537597656,356.0,,0.001096587860956788,3.9661452770233154,0.2817084789276123,343.0,0.026092423126101494,0.020222937688231468,0.005869485437870026,0.0,,355.0,0.02305724285542965,355.0,,0.0002529316989239305,0.31669238209724426,0.05379417538642883,343.0,0.03547431901097298,0.011914415284991264,0.023559903725981712,0.0,,353.0,0.023985210806131363,353.0,,0.0011489108437672257,0.3150593042373657,0.18400074541568756,343.0,0.4207388460636139,0.38505277037620544,0.03568607568740845,0.0,,351.0,0.4035761058330536,351.0,,0.002145342528820038,3.6911427974700928,0.22566771507263184,False
150062910C,1,2021,1,Herbicide,False,169,True,137.0,0.6882012486457825,0.219239741563797,0.4689615070819855,108.0,0.45667174458503723,163.0,0.46061304211616516,55.0,0.007983775809407234,0.008753392845392227,33.912384033203125,21.634960174560547,133.0,0.756494402885437,0.3597654104232788,0.3967289924621582,102.0,0.5628530383110046,162.0,0.5638763904571533,60.0,0.006246495526283979,0.006642000284045935,42.02932357788086,20.083633422851562,132.0,0.5620290040969849,0.10546556860208511,0.45656344294548035,102.0,0.3312596082687378,161.0,0.32958289980888367,59.0,0.00769231328740716,0.008015383034944534,28.80032730102539,22.472393035888672,133.0,0.06099454686045647,0.01880868524312973,0.042185861617326736,107.0,0.03965622931718826,165.0,0.03934041038155556,58.0,0.0008207045029848814,0.0006766917649656534,3.140791654586792,2.0310792922973633,150.0,0.8669734597206116,0.5926217436790466,0.27435171604156494,115.0,0.7294198274612427,169.0,0.8102526664733887,54.0,0.003930103965103626,0.002985304920002818,44.943687438964844,12.645801544189453,True
150062910C1,0,2020,0,No,False,24,True,343.0,0.08648066222667694,0.07596608996391296,0.010514572262763977,0.0,,351.0,0.0814744085073471,351.0,,0.0006257817149162292,0.7502170205116272,0.06652218103408813,352.0,0.25397101044654846,0.24650388956069946,0.007467120885848999,343.0,0.25214430689811707,361.0,0.25042083859443665,18.0,0.0002029670577030629,0.00039446353912353516,4.679479598999023,0.11915779113769531,343.0,0.0341188982129097,0.01984413154423237,0.01427476666867733,0.0,,353.0,0.026901910081505775,353.0,,0.0007216988014988601,0.3279683291912079,0.10968287289142609,343.0,0.014185819774866104,0.010778771713376045,0.003407048061490059,0.0,,359.0,0.012476268224418163,359.0,,0.0001068469719029963,0.23149238526821136,0.04825325310230255,1.0,0.37992891669273376,0.33348214626312256,0.046446770429611206,0.0,,0.0,,0.0,,,0.0,0.0,False
150062910C1,1,2021,0,No,False,59,True,59.0,0.09011386334896088,0.08270249515771866,0.007411368191242218,54.0,0.08652742952108383,0.0,,-54.0,0.0007172867772169411,,0.0,0.0,59.0,0.2648453414440155,0.2513584494590759,0.013486891984939575,37.0,0.2581404149532318,0.0,,-37.0,0.00030476937536150217,,0.0,0.0,1.0,0.01922372356057167,0.017481910064816475,0.0017418134957551956,0.0,,3.0,0.018483925610780716,3.0,,0.0003698989748954773,0.046937599778175354,0.0032328255474567413,27.0,0.013462611474096775,0.006025152280926704,0.007437459193170071,7.0,0.009901858866214752,40.0,0.009624440222978592,33.0,0.0001780376333044842,0.00029524395358748734,0.3985050320625305,0.19364985823631287,27.0,0.4712807536125183,0.35707592964172363,0.11420482397079468,10.0,0.41249319911003113,41.0,0.414839506149292,31.0,0.0034580915234982967,0.004031517542898655,14.308259963989258,2.8818302154541016,False
150062915A,0,2020,1,Fungicide,False,171,True,117.0,0.6640910506248474,0.025985121726989746,0.6381059288978577,85.0,0.34870657324790955,146.0,0.3509618639945984,61.0,0.009855764918029308,0.010797558352351189,34.027713775634766,32.4166374206543,117.0,0.7492793202400208,0.19984930753707886,0.5494300127029419,83.0,0.4702969789505005,146.0,0.4810667335987091,63.0,0.008205362595617771,0.009248710237443447,41.642005920410156,28.85165023803711,115.0,0.5523971319198608,-0.03792427480220795,0.59032142162323,83.0,0.26100194454193115,145.0,0.2515999972820282,62.0,0.009106099605560303,0.010026571340858936,28.047924041748047,30.437152862548828,119.0,0.0613953098654747,-0.0017927190056070685,0.06318803131580353,81.0,0.029675336554646492,148.0,0.029349898919463158,67.0,0.0008347362163476646,0.0011050141183659434,3.2994742393493652,3.4213790893554688,127.0,0.8326204419136047,0.25846126675605774,0.5741591453552246,81.0,0.5458515286445618,153.0,0.5374360084533691,72.0,0.006234106607735157,0.011353247798979282,51.48480224609375,32.617130279541016,True
150062915B,0,2020,1,Fungicide,False,171,True,119.0,0.6938703656196594,0.022914918139576912,0.6709554195404053,86.0,0.36070966720581055,151.0,0.3498672544956207,65.0,0.010095778852701187,0.01075009722262621,37.75877380371094,36.24638748168945,118.0,0.7588602900505066,0.19034656882286072,0.5685137510299683,82.0,0.47152212262153625,150.0,0.4687374234199524,68.0,0.007981616072356701,0.009066339582204819,45.226165771484375,32.09225082397461,116.0,0.5704670548439026,-0.03701002150774002,0.607477068901062,82.0,0.2614203691482544,149.0,0.25998565554618835,67.0,0.009089608676731586,0.009408527053892612,31.13294219970703,33.64962387084961,123.0,0.06306342035531998,-0.0034949721302837133,0.06655839085578918,83.0,0.03006914258003235,150.0,0.030173851177096367,67.0,0.0008248569210991263,0.0012181320926174521,3.3848705291748047,3.622528553009033,130.0,0.8498895764350891,0.29822009801864624,0.5516694784164429,84.0,0.5718985199928284,153.0,0.5725389719009399,69.0,0.006043283734470606,0.012058721855282784,50.500640869140625,29.625232696533203,True
150062915D,0,2020,1,Herbicide,False,199,True,156.0,0.7789337635040283,0.12361043691635132,0.655323326587677,126.0,0.4550210237503052,187.0,0.4569728374481201,61.0,0.010797091759741306,0.010385836474597454,41.2369499206543,33.57310485839844,152.0,0.7928507328033447,0.2923737168312073,0.5004770159721375,123.0,0.5359340906143188,187.0,0.546800434589386,64.0,0.008859194815158844,0.007030008360743523,45.874664306640625,26.87037467956543,152.0,0.6043524146080017,0.033101603388786316,0.5712507963180542,123.0,0.3230377733707428,185.0,0.31933459639549255,62.0,0.009700505062937737,0.008636903949081898,31.699951171875,29.61454963684082,163.0,0.06104186177253723,0.012127459980547428,0.04891440272331238,129.0,0.03670413792133331,191.0,0.037063099443912506,62.0,0.0007158154039643705,0.0008563843439333141,3.33036208152771,2.5663321018218994,176.0,0.7521514296531677,0.3019545376300812,0.45019689202308655,141.0,0.5314901471138,199.0,0.5504611134529114,58.0,0.006304608192294836,0.008769144304096699,39.214603424072266,21.550264358520508,True
15006291A,0,2019,0,No,False,61,False,361.0,0.24105487763881683,0.16018882393836975,0.08086605370044708,346.0,0.1990165263414383,365.0,0.2362026423215866,19.0,0.002802556846290827,0.0012130588293075562,4.449521064758301,1.325838565826416,361.0,0.47144126892089844,0.3632965087890625,0.10814476013183594,346.0,0.4198402762413025,365.0,0.4652407467365265,19.0,0.0034400662407279015,0.001550130546092987,8.887479782104492,1.8031978607177734,361.0,0.23476460576057434,0.11725468933582306,0.11750991642475128,346.0,0.17663218080997467,365.0,0.2289043366909027,19.0,0.003875494934618473,0.0014650672674179077,4.229779243469238,1.943312644958496,347.0,0.02996300719678402,0.01595497503876686,0.014008032158017159,325.0,0.023188520222902298,365.0,0.023896589875221252,40.0,0.0003079312155023217,0.0003370231715962291,1.1212010383605957,0.47502458095550537,348.0,0.7727453112602234,0.5454011559486389,0.22734415531158447,326.0,0.6618950366973877,363.0,0.6628482937812805,37.0,0.005038648843765259,0.007326467894017696,27.77772331237793,7.052480697631836,False
15006291A,1,2020,0,No,False,366,False,209.0,0.7234185338020325,0.07719756662845612,0.6462209820747375,166.0,0.4040878117084503,257.0,0.40308094024658203,91.0,0.007426295895129442,0.006673699710518122,55.91080093383789,48.808624267578125,208.0,0.8307067155838013,0.25278788805007935,0.5779188275337219,165.0,0.5428488850593567,255.0,0.541853129863739,90.0,0.006694368086755276,0.006145820952951908,66.25891876220703,43.255226135253906,208.0,0.6316615343093872,0.013891611248254776,0.6177698969841003,166.0,0.32576990127563477,255.0,0.32303306460380554,89.0,0.0072831339202821255,0.006566563155502081,47.109779357910156,45.859535217285156,234.0,0.051814816892147064,0.0042664725333452225,0.04754834622144699,173.0,0.028036801144480705,289.0,0.028363293036818504,116.0,0.0003898035502061248,0.0004263913433533162,5.08554220199585,4.58636474609375,283.0,1.0101299285888672,0.20416821539402008,0.8059617280960083,251.0,0.6040192246437073,307.0,0.6176187992095947,56.0,0.012690959498286247,0.016354629769921303,47.58568572998047,35.948097229003906,True
15006291A,2,2021,0,No,False,59,False,59.0,0.5276060104370117,0.32625940442085266,0.20134660601615906,48.0,0.4225432276725769,0.0,,-48.0,0.009551161900162697,,0.0,0.0,59.0,0.7634145021438599,0.5268845558166504,0.23652994632720947,51.0,0.6507955193519592,0.0,,-51.0,0.01407737284898758,,0.0,0.0,59.0,0.547448456287384,0.29910966753959656,0.24833878874778748,51.0,0.4264487326145172,0.0,,-51.0,0.015124965459108353,,0.0,0.0,59.0,0.019343489781022072,0.01334168016910553,0.006001809611916542,41.0,0.016310134902596474,0.0,,-41.0,0.0001685197203187272,,0.0,0.0,59.0,0.7884501218795776,0.49942049384117126,0.28902962803840637,47.0,0.643386960029602,0.0,,-47.0,0.012088596820831299,,0.0,0.0,True
15006293A,0,2020,0,No,False,24,True,1.0,0.07730407267808914,0.07418195903301239,0.0031221136450767517,0.0,,0.0,,0.0,,,0.0,0.0,364.0,0.2800680100917816,0.2754744291305542,0.004593580961227417,355.0,0.2776244878768921,0.0,,-355.0,0.00027150247478857636,,0.0,0.0,1.0,0.018864942714571953,0.01703883707523346,0.0018261056393384933,0.0,,0.0,,0.0,,,0.0,0.0,1.0,0.005579407326877117,0.004985294304788113,0.0005941130220890045,0.0,,0.0,,0.0,,,0.0,0.0,1.0,0.35250192880630493,0.3458472490310669,0.006654679775238037,0.0,,0.0,,0.0,,,0.0,0.0,False
15006293A,1,2021,1,Herbicide,False,193,True,148.0,0.8114597201347351,0.1956181675195694,0.6158415675163269,119.0,0.5080783367156982,182.0,0.5044411420822144,63.0,0.01046142727136612,0.00902995839715004,45.13048553466797,32.610923767089844,145.0,0.7959758639335632,0.3695177435874939,0.42645812034606934,118.0,0.5824135541915894,184.0,0.5802359580993652,66.0,0.007909715175628662,0.005531792528927326,48.19580841064453,23.43811798095703,144.0,0.612816333770752,0.09377598762512207,0.5190403461456299,116.0,0.34522682428359985,180.0,0.35231414437294006,64.0,0.009556768462061882,0.00723617197945714,33.72747802734375,27.632038116455078,161.0,0.05851665139198303,0.025380609557032585,0.0331360399723053,123.0,0.042526062577962875,193.0,0.048482831567525864,70.0,0.000420804979512468,0.0003135568695142865,3.824145555496216,2.0348124504089355,190.0,0.9103360772132874,0.6319730281829834,0.27836304903030396,156.0,0.7739470601081848,193.0,0.9102176427841187,37.0,0.004011441487818956,3.947814184357412e-05,32.50935363769531,8.81036376953125,True
15006293A1,0,2020,0,No,False,24,True,343.0,0.09346863627433777,0.07700681686401367,0.016461819410324097,0.0,,351.0,0.08527578413486481,351.0,,0.0010241065174341202,0.79555344581604,0.10249209403991699,360.0,0.2759458124637604,0.27447012066841125,0.001475691795349121,352.0,0.27516940236091614,364.0,0.2756000757217407,12.0,9.705126285552979e-05,8.643418550491333e-05,3.58406925201416,0.01595759391784668,343.0,0.024575548246502876,0.01891334354877472,0.005662204697728157,0.0,,350.0,0.021875480189919472,350.0,,0.0003857240080833435,0.18284597992897034,0.03153923153877258,1.0,0.005726040806621313,0.004675513599067926,0.0010505272075533867,0.0,,0.0,,0.0,,,0.0,0.0,1.0,0.3556768298149109,0.3338181972503662,0.021858632564544678,0.0,,0.0,,0.0,,,0.0,0.0,False
15006293A1,1,2021,0,No,False,59,True,59.0,0.10382445156574249,0.09024680405855179,0.013577647507190704,48.0,0.09724012017250061,0.0,,-48.0,0.0005985755706205964,,0.0,0.0,1.0,0.27496761083602905,0.25649917125701904,0.01846843957901001,0.0,,30.0,0.2653983533382416,30.0,,0.0003299743984825909,7.995169162750244,0.42844343185424805,23.0,0.02054884470999241,0.018777482211589813,0.0017713624984025955,11.0,0.019656365737318993,33.0,0.019730186089873314,22.0,7.437324529746547e-05,8.186585910152644e-05,0.46483296155929565,0.03295087814331055,30.0,0.014747487381100655,0.004426451865583658,0.010321035981178284,14.0,0.009676635265350342,46.0,0.009357918985188007,32.0,0.00031692825723439455,0.00033684802474454045,0.41647231578826904,0.27039939165115356,32.0,0.4563084542751312,0.3456610441207886,0.11064741015434265,15.0,0.40133902430534363,48.0,0.3988513946533203,33.0,0.003233495866879821,0.003591066226363182,14.751148223876953,2.9986724853515625,False
15006294A,0,2020,0,No,False,24,True,343.0,0.09198923408985138,0.08345434069633484,0.00853489339351654,0.0,,355.0,0.08755335211753845,355.0,,0.00036965683102607727,1.1629385948181152,0.07803213596343994,343.0,0.3158148527145386,0.31121209263801575,0.004602760076522827,0.0,,355.0,0.31342265009880066,355.0,,0.000199350222828798,4.087839126586914,0.04208183288574219,343.0,0.035953592509031296,0.023931585252285004,0.012022007256746292,0.0,,355.0,0.029705338180065155,355.0,,0.0005206878413446248,0.4210243821144104,0.10991379618644714,343.0,0.006745999678969383,0.004871124401688576,0.0018748752772808075,0.0,,354.0,0.0058158570900559425,354.0,,8.455841452814639e-05,0.07443486899137497,0.01598137617111206,343.0,0.19228826463222504,0.12205757200717926,0.07023069262504578,0.0,,355.0,0.15623000264167786,355.0,,0.0030048552434891462,2.232189893722534,0.6454414129257202,False
15006294A1,0,2020,0,No,False,24,True,343.0,0.2089949995279312,0.05128810927271843,0.15770688652992249,0.0,,354.0,0.12751536071300507,354.0,,0.007407240103930235,1.9338154792785645,1.3183581829071045,343.0,0.3456079661846161,0.30249881744384766,0.04310914874076843,0.0,,354.0,0.323352187871933,354.0,,0.002023252658545971,3.9904797077178955,0.36049389839172363,343.0,0.09787118434906006,0.0074025709182024,0.09046861529350281,0.0,,354.0,0.05143282935023308,354.0,,0.004221668466925621,0.8473020195960999,0.7584711909294128,343.0,0.01118270680308342,0.0037317858077585697,0.00745092099532485,0.0,,354.0,0.007357336115092039,354.0,,0.00034776097163558006,0.1072835624217987,0.06250213086605072,354.0,0.14475756883621216,0.14082345366477966,0.003934115171432495,345.0,0.14270633459091187,361.0,0.1429319977760315,16.0,0.00022791491937823594,0.000260795874055475,2.447620153427124,0.053621530532836914,False
15006294B,0,2020,1,Herbicide,False,183,True,141.0,0.8487374186515808,0.11667250096797943,0.7320649027824402,107.0,0.4920099675655365,172.0,0.4805890619754791,65.0,0.010491983965039253,0.011875753290951252,48.134613037109375,40.434226989746094,137.0,0.8023878931999207,0.2873506546020508,0.5150372385978699,103.0,0.5386347770690918,171.0,0.5526797771453857,68.0,0.007757444400340319,0.007344356272369623,49.59876251220703,29.771568298339844,136.0,0.6219658255577087,0.026525497436523438,0.5954403281211853,102.0,0.31721657514572144,170.0,0.3314606249332428,68.0,0.008963213302195072,0.008544270880520344,36.122222900390625,34.291961669921875,151.0,0.07103945314884186,0.010903701186180115,0.06013575196266174,107.0,0.041037026792764664,174.0,0.041876137256622314,67.0,0.0006818733527325094,0.0012679703067988157,4.057540416717529,3.3160886764526367,157.0,0.8331307768821716,0.2973176836967468,0.5358130931854248,125.0,0.5614062547683716,178.0,0.5651407241821289,53.0,0.008491391316056252,0.012761430814862251,39.2946662902832,23.23950958251953,True
15006295B,0,2020,1,Fungicide,False,183,True,128.0,0.7365346550941467,0.037236616015434265,0.6992980241775513,95.0,0.3890373706817627,163.0,0.38921919465065,68.0,0.010530220344662666,0.009923298843204975,42.23479080200195,39.66546630859375,126.0,0.7701107859611511,0.21682420372962952,0.5532865524291992,93.0,0.4939453899860382,163.0,0.4958614706993103,70.0,0.00836864858865738,0.007412143517285585,47.75020980834961,32.355690002441406,124.0,0.5818076729774475,-0.025809550657868385,0.607617199420929,92.0,0.2765858769416809,161.0,0.27771082520484924,69.0,0.009538181126117706,0.008218834176659584,32.992652893066406,34.799320220947266,136.0,0.06870735436677933,0.00018392177298665047,0.06852342933416367,95.0,0.034125298261642456,168.0,0.03412288427352905,73.0,0.0008434648043476045,0.001080764690414071,4.225237846374512,4.21162748336792,145.0,0.8464046716690063,0.16170045733451843,0.6847041845321655,111.0,0.5059378743171692,171.0,0.5077877044677734,60.0,0.010013729333877563,0.01302372943609953,44.050567626953125,34.18683624267578,True
15006296C,0,2020,1,Fungicide,False,171,True,122.0,0.7383890748023987,0.03782520070672035,0.7005638480186462,89.0,0.39595916867256165,153.0,0.38919201493263245,64.0,0.010376663878560066,0.011264421045780182,40.03337097167969,37.57473373413086,120.0,0.7755258083343506,0.21335791051387787,0.5621678829193115,85.0,0.49852046370506287,153.0,0.48682981729507446,68.0,0.007914438843727112,0.008748363703489304,46.58522033691406,31.863525390625,119.0,0.5880416631698608,-0.022455893456935883,0.6104975342750549,85.0,0.28288325667381287,151.0,0.2912800908088684,66.0,0.008975246921181679,0.009273799136281013,32.16984176635742,33.67438507080078,129.0,0.06819696724414825,-0.00040311890188604593,0.06860008835792542,88.0,0.03406340628862381,157.0,0.03353644534945488,69.0,0.0008325258968397975,0.0012378757819533348,3.865121841430664,3.8933401107788086,137.0,0.8539676070213318,0.30492037534713745,0.5490472316741943,84.0,0.5818589329719543,159.0,0.5872848033905029,75.0,0.005134125705808401,0.01212194561958313,55.156734466552734,31.982784271240234,True
15006296D,0,2020,1,Fungicide,False,183,True,124.0,0.7419077157974243,0.03158707171678543,0.7103206515312195,91.0,0.39046937227249146,160.0,0.37772712111473083,69.0,0.010649646632373333,0.01011612731963396,43.01305389404297,40.80195999145508,123.0,0.7713852524757385,0.20418018102645874,0.5672050714492798,89.0,0.4913090467453003,160.0,0.4810732901096344,71.0,0.008237535133957863,0.007846268825232983,48.280147552490234,33.57917022705078,120.0,0.58430415391922,-0.030033715069293976,0.6143378615379333,88.0,0.2717019021511078,157.0,0.27920421957969666,69.0,0.009768820367753506,0.008245944045484066,33.09434509277344,35.19670486450195,132.0,0.0673772543668747,-0.0024860529229044914,0.06986330449581146,87.0,0.03205658495426178,163.0,0.03308778256177902,76.0,0.0007849037647247314,0.0011061120312660933,4.177360534667969,4.368786811828613,142.0,0.8412384986877441,0.273998498916626,0.5672399997711182,82.0,0.559505045413971,166.0,0.5599467754364014,84.0,0.004695557523518801,0.011720488779246807,59.45744323730469,36.167572021484375,True
15006297A,0,2020,0,No,False,24,True,1.0,0.08600512892007828,0.07919609546661377,0.006809033453464508,0.0,,0.0,,0.0,,,0.0,0.0,361.0,0.27749255299568176,0.26880359649658203,0.008688956499099731,353.0,0.2728680968284607,364.0,0.276793897151947,11.0,0.0005780570209026337,0.00023288528609555215,3.3132221698760986,0.08757901191711426,1.0,0.021020105108618736,0.016551204025745392,0.004468901082873344,0.0,,0.0,,0.0,,,0.0,0.0,1.0,0.004680792801082134,0.004502563271671534,0.00017822952941060066,0.0,,343.0,0.00435938686132431,343.0,,9.397834332958155e-07,0.004520089831203222,1.752655953168869e-05,343.0,0.18498799204826355,0.10240699350833893,0.08258099853992462,0.0,,354.0,0.1430625468492508,354.0,,0.0038114041090011597,1.92708420753479,0.6982002258300781,False
15006297A,1,2021,1,Herbicide,False,188,True,139.0,0.7957156896591187,0.07220230251550674,0.7235133647918701,103.0,0.42934054136276245,173.0,0.4444067180156708,70.0,0.010177087038755417,0.010332616977393627,47.905487060546875,42.77912139892578,135.0,0.7998291254043579,0.24915197491645813,0.5506771802902222,100.0,0.5194323062896729,173.0,0.5261805057525635,73.0,0.008011337369680405,0.007201279513537884,52.48813247680664,34.05088806152344,133.0,0.6161597967147827,-0.005468531046062708,0.6216283440589905,100.0,0.3102288544178009,171.0,0.3079407513141632,71.0,0.00927063450217247,0.00811102706938982,36.861473083496094,37.25520706176758,135.0,0.06444057822227478,0.004826446063816547,0.05961413308978081,101.0,0.03390694782137871,175.0,0.03376779705286026,74.0,0.0008980479324236512,0.0007668195175938308,4.079433441162109,3.7174501419067383,154.0,0.8694667220115662,0.16453689336776733,0.7049298286437988,114.0,0.5220674872398376,179.0,0.5218618512153625,65.0,0.008684980683028698,0.01390419527888298,49.2001838684082,38.34074783325195,True
15006297A1,0,2020,0,No,False,24,True,1.0,0.08922990411520004,0.08663778752088547,0.002592116594314575,0.0,,0.0,,0.0,,,0.0,0.0,360.0,0.2781860828399658,0.2719759941101074,0.0062100887298583984,352.0,0.2749028503894806,364.0,0.2768460810184479,12.0,0.0004104040563106537,0.0003350004553794861,3.6029722690582275,0.06728434562683105,1.0,0.023388108238577843,0.020695697516202927,0.002692410722374916,0.0,,0.0,,0.0,,,0.0,0.0,1.0,0.004823628813028336,0.004267847631126642,0.0005557811819016933,0.0,,0.0,,0.0,,,0.0,0.0,343.0,0.16983787715435028,0.10226337611675262,0.06757450103759766,0.0,,354.0,0.13671965897083282,354.0,,0.0030107470229268074,1.806888461112976,0.5797280073165894,False
15006297A1,1,2021,0,No,False,59,True,59.0,0.09470503777265549,0.09184746444225311,0.0028575733304023743,47.0,0.09328143298625946,0.0,,-47.0,0.00011863373219966888,,0.0,0.0,1.0,0.27432960271835327,0.26486217975616455,0.00946742296218872,0.0,,5.0,0.26955145597457886,5.0,,0.0011945366859436035,1.2229034900665283,0.031023740768432617,1.0,0.023409198969602585,0.02149272710084915,0.0019164718687534332,0.0,,11.0,0.022400809451937675,11.0,,0.00010083895176649094,0.24168387055397034,0.016010239720344543,28.0,0.010896922089159489,0.0029188983608037233,0.007978023961186409,11.0,0.006922171916812658,43.0,0.007091378793120384,32.0,0.00023380883794743568,0.00025370289222337306,0.3067314028739929,0.21040776371955872,59.0,0.1255224049091339,0.09841419011354446,0.027108214795589447,52.0,0.11095384508371353,0.0,,-52.0,0.0020812228322029114,,0.0,0.0,False
15006297C,0,2020,0,No,False,24,True,1.0,0.08268580585718155,0.07523363083600998,0.00745217502117157,0.0,,0.0,,0.0,,,0.0,0.0,1.0,0.265620619058609,0.25957000255584717,0.006050616502761841,0.0,,0.0,,0.0,,,0.0,0.0,1.0,0.0189004335552454,0.01648779585957527,0.002412637695670128,0.0,,0.0,,0.0,,,0.0,0.0,1.0,0.004633257631212473,0.0038954957854002714,0.0007377618458122015,0.0,,0.0,,0.0,,,0.0,0.0,1.0,0.3503892123699188,0.3429481089115143,0.007441103458404541,0.0,,343.0,0.3381252884864807,343.0,,3.585942613426596e-05,0.3442572355270386,0.001309126615524292,False
15006297C,1,2021,1,Herbicide,False,169,True,122.0,0.7907308340072632,0.018709048628807068,0.7720217704772949,91.0,0.4135957658290863,150.0,0.3927772641181946,59.0,0.012165647000074387,0.01421262789517641,39.04624938964844,37.9237060546875,120.0,0.7882879376411438,0.20046867430210114,0.5878192782402039,88.0,0.49424558877944946,149.0,0.49095267057418823,61.0,0.009188823401927948,0.010252940468490124,42.30740737915039,29.87834930419922,119.0,0.6038860082626343,-0.04113048315048218,0.6450164914131165,88.0,0.2794722318649292,148.0,0.278338223695755,60.0,0.01046496070921421,0.011225786060094833,29.624610900878906,32.13357162475586,125.0,0.0681576058268547,-0.002809879370033741,0.07096748799085617,93.0,0.03341256082057953,150.0,0.03206438943743706,57.0,0.0010857826564460993,0.001443728688172996,3.163661003112793,3.326633930206299,128.0,0.8790808916091919,0.34271878004074097,0.5363621115684509,94.0,0.6075114607810974,152.0,0.6084187626838684,58.0,0.00798733625560999,0.01127758901566267,45.553504943847656,25.33309555053711,True
15006297C1,0,2020,0,No,False,24,True,343.0,0.08348415046930313,0.07908947765827179,0.0043946728110313416,0.0,,348.0,0.08141956478357315,348.0,,0.0004129171429667622,0.49263131618499756,0.01809445023536682,1.0,0.24824747443199158,0.23730778694152832,0.010939687490463257,0.0,,0.0,,0.0,,,0.0,0.0,343.0,0.027543162927031517,0.018431494012475014,0.009111668914556503,0.0,,351.0,0.022864948958158493,351.0,,0.000584776746109128,0.22194471955299377,0.0560612678527832,1.0,0.0048135509714484215,0.0035617442335933447,0.0012518067378550768,0.0,,0.0,,0.0,,,0.0,0.0,1.0,0.3505367040634155,0.3149876892566681,0.035549014806747437,0.0,,0.0,,0.0,,,0.0,0.0,False
15006297C1,1,2021,0,No,False,59,True,36.0,0.08881823718547821,0.08372826874256134,0.00508996844291687,22.0,0.0863000750541687,59.0,0.08784638345241547,37.0,0.00017986872990150005,4.225450902595185e-05,3.3049001693725586,0.16509008407592773,59.0,0.2695509195327759,0.25914931297302246,0.010401606559753418,53.0,0.2642192840576172,0.0,,-53.0,0.0008886058931238949,,0.0,0.0,59.0,0.025983594357967377,0.0221603661775589,0.003823228180408478,54.0,0.0242043174803257,0.0,,-54.0,0.00035585538716986775,,0.0,0.0,28.0,0.012868168763816357,0.002472888445481658,0.010395280085504055,10.0,0.00755449291318655,43.0,0.007714965846389532,33.0,0.0002952042268589139,0.00034354685340076685,0.36440226435661316,0.2803240418434143,29.0,0.49273186922073364,0.33021819591522217,0.16251367330551147,12.0,0.4126054346561432,45.0,0.4138185977935791,33.0,0.004713319707661867,0.004932079464197159,15.670862197875977,4.443443298339844,False
15006297E,0,2020,0,No,False,24,True,1.0,0.07936082780361176,0.07438571751117706,0.004975110292434692,0.0,,0.0,,0.0,,,0.0,0.0,1.0,0.27223870158195496,0.262615442276001,0.00962325930595398,0.0,,0.0,,0.0,,,0.0,0.0,365.0,0.024677341803908348,0.02066103368997574,0.0040163081139326096,355.0,0.022585183382034302,0.0,,-355.0,0.0002092158392770216,,0.0,0.0,1.0,0.005765064619481564,0.005172388628125191,0.0005926759913563728,0.0,,0.0,,0.0,,,0.0,0.0,343.0,0.3660185635089874,0.3540690541267395,0.011949509382247925,0.0,,350.0,0.3598264455795288,350.0,,0.0008845882839523256,2.897486686706543,0.06493401527404785,False
15006297E,1,2021,1,Herbicide,False,188,True,139.0,0.7239059805870056,0.10402505099773407,0.6198809146881104,107.0,0.41323038935661316,173.0,0.41646528244018555,66.0,0.009708612225949764,0.009042373858392239,41.11387252807617,34.144195556640625,136.0,0.7833860516548157,0.28993237018585205,0.4934536814689636,105.0,0.5384973883628845,173.0,0.5347506403923035,68.0,0.007899634540081024,0.006719876080751419,47.97484588623047,27.969512939453125,134.0,0.5951090455055237,0.025030620396137238,0.570078432559967,104.0,0.31032595038414,171.0,0.3077933192253113,67.0,0.009492769837379456,0.0077652898617088795,33.40536880493164,31.70328712463379,147.0,0.06327145546674728,0.012727739289402962,0.05054371803998947,109.0,0.03799612075090408,180.0,0.03775216266512871,71.0,0.0006651403964497149,0.0007733118836767972,3.9741201400756836,3.057723045349121,160.0,0.9590311050415039,0.5050857067108154,0.4539453983306885,116.0,0.7341426610946655,184.0,0.731305718421936,68.0,0.00511110108345747,0.00948855746537447,59.98585510253906,25.13494110107422,True
15006297E1,0,2019,0,No,False,61,False,305.0,0.2404971867799759,0.1647483855485916,0.07574880123138428,0.0,,317.0,0.20119526982307434,317.0,,0.0032751597464084625,2.754756450653076,0.695401668548584,305.0,0.5080310702323914,0.4026879668235779,0.10534310340881348,0.0,,318.0,0.4552461802959442,318.0,,0.0040603759698569775,6.497384548187256,1.0610971450805664,365.0,0.08091367036104202,0.051768217235803604,0.02914545312523842,362.0,0.06823945045471191,0.0,,-362.0,0.004224739968776703,,0.0,0.0,351.0,0.015184896998107433,0.009014490991830826,0.0061704060062766075,332.0,0.012203640304505825,365.0,0.014287622645497322,33.0,0.00015690825239289552,6.409102206816897e-05,0.4877788722515106,0.1857934296131134,305.0,0.5290781259536743,0.4311927556991577,0.0978853702545166,0.0,,325.0,0.48160555958747864,325.0,,0.002373628318309784,10.352021217346191,1.5125694274902344,False
15006297E1,1,2020,0,No,False,366,False,98.0,0.6895553469657898,0.07460226118564606,0.6149531006813049,38.0,0.38176441192626953,135.0,0.3862498998641968,97.0,0.005129849072545767,0.00819744449108839,54.951499938964844,47.640480041503906,94.0,0.8684675097465515,0.2471415400505066,0.6213259696960449,37.0,0.556126594543457,143.0,0.5527464747428894,106.0,0.005479665007442236,0.0064432863146066666,80.70526123046875,54.26111602783203,92.0,0.6906585693359375,0.012141315266489983,0.6785172820091248,42.0,0.3490214943885803,132.0,0.35336557030677795,90.0,0.006832741666585207,0.008432324975728989,51.07097625732422,49.96611785888672,222.0,0.018595648929476738,0.004824844654649496,0.013770803809165955,183.0,0.011659062467515469,323.0,0.01169139426201582,140.0,0.00017786119133234024,6.83589605614543e-05,1.9542732238769531,1.273970127105713,69.0,0.8792141079902649,0.306615948677063,0.5725981593132019,45.0,0.5876818895339966,143.0,0.5967050790786743,98.0,0.012147176079452038,0.0038176896050572395,78.43350219726562,48.078521728515625,True
15006297E1,2,2021,0,No,False,59,False,59.0,0.09097091853618622,0.08475298434495926,0.006217934191226959,46.0,0.08776195347309113,0.0,,-46.0,0.0002468434686306864,,0.0,0.0,59.0,0.2764888107776642,0.2672494649887085,0.009239345788955688,56.0,0.2724224030971527,0.0,,-56.0,0.0013554692268371582,,0.0,0.0,1.0,0.02709890902042389,0.022812336683273315,0.004286572337150574,0.0,,12.0,0.024854112416505814,12.0,,0.00020407242118380964,0.3010893166065216,0.03874745965003967,29.0,0.015396242961287498,0.0035284901969134808,0.01186775229871273,12.0,0.009351730346679688,45.0,0.009311218746006489,33.0,0.0003555595758371055,0.0003803140134550631,0.4393273591995239,0.3193587064743042,30.0,0.4623427987098694,0.3096727728843689,0.1526700258255005,11.0,0.3839828073978424,46.0,0.3830288052558899,35.0,0.004124210216104984,0.004957124590873718,15.486278533935547,4.3380584716796875,False
15006297F,0,2020,0,No,False,24,True,1.0,0.07460653781890869,0.07318837195634842,0.0014181658625602722,0.0,,0.0,,0.0,,,0.0,0.0,359.0,0.28391405940055847,0.28020554780960083,0.0037085115909576416,352.0,0.28212326765060425,364.0,0.28301531076431274,12.0,0.00025582738453522325,0.00017974972433876246,3.683424234390259,0.040752410888671875,343.0,0.025439351797103882,0.02432430163025856,0.0011150501668453217,0.0,,361.0,0.024863528087735176,361.0,,3.1990206480259076e-05,0.47965008020401,0.01748836040496826,1.0,0.006265844218432903,0.00542330089956522,0.0008425433188676834,0.0,,0.0,,0.0,,,0.0,0.0,1.0,0.35610339045524597,0.3503127992153168,0.005790591239929199,0.0,,0.0,,0.0,,,0.0,0.0,False
15006297F,1,2021,1,Herbicide,False,188,True,145.0,0.8106868267059326,0.23627977073192596,0.5744070410728455,115.0,0.5200451612472534,180.0,0.5196951031684875,65.0,0.009688055142760277,0.008314048871397972,46.77009963989258,31.175636291503906,140.0,0.7963603138923645,0.3940584063529968,0.4023019075393677,112.0,0.596886396408081,180.0,0.5964155197143555,68.0,0.007124068681150675,0.004998619668185711,49.89532470703125,22.705291748046875,140.0,0.6152039766311646,0.12232331186532974,0.4928806722164154,111.0,0.37391406297683716,177.0,0.3641355633735657,66.0,0.008320341818034649,0.006785632576793432,35.27120590209961,27.075542449951172,148.0,0.06084921583533287,0.028053054586052895,0.03279615938663483,115.0,0.04384492710232735,188.0,0.05390769615769386,73.0,0.000515281455591321,0.0001735379919409752,4.227147102355957,2.1652474403381348,188.0,0.9488455653190613,0.6388940215110779,0.3099515438079834,145.0,0.794006884098053,0.0,,-145.0,0.0036008995957672596,,0.0,0.0,True
15006297F1,0,2020,0,No,False,24,True,343.0,0.08405017852783203,0.0730113685131073,0.011038810014724731,0.0,,351.0,0.07862337678670883,351.0,,0.0006783502176403999,0.7261907458305359,0.0690883994102478,343.0,0.2960561513900757,0.283814013004303,0.012242138385772705,0.0,,356.0,0.2897886335849762,356.0,,0.00048211676767095923,4.093723773956299,0.12032771110534668,343.0,0.026806993409991264,0.025645539164543152,0.0011614542454481125,0.0,,361.0,0.026202822104096413,361.0,,3.356507295393385e-05,0.504792332649231,0.01752704381942749,343.0,0.00834103487432003,0.006531964987516403,0.001809069886803627,0.0,,349.0,0.00737978657707572,349.0,,0.00016020804469008,0.05416926369071007,0.008445505052804947,1.0,0.3634531497955322,0.3587627708911896,0.004690378904342651,0.0,,343.0,0.35723161697387695,343.0,,1.8191616618423723e-05,0.3603423833847046,0.0015796124935150146,False
15006297F1,1,2021,0,No,False,59,True,59.0,0.09393514692783356,0.08340586721897125,0.010529279708862305,45.0,0.08865121006965637,0.0,,-45.0,0.00037742406129837036,,0.0,0.0,1.0,0.28249937295913696,0.27080029249191284,0.011699080467224121,0.0,,7.0,0.2765500545501709,7.0,,0.0009915530681610107,1.815755009651184,0.05555307865142822,1.0,0.02540210448205471,0.021624144166707993,0.003777960315346718,0.0,,10.0,0.023492226377129555,10.0,,0.00021220867347437888,0.23218977451324463,0.026760399341583252,29.0,0.015646642073988914,0.004603036679327488,0.011043605394661427,13.0,0.010139593854546547,45.0,0.009870702400803566,32.0,0.00034419051371514797,0.0003609962295740843,0.4404592514038086,0.28855904936790466,30.0,0.46263131499290466,0.33744263648986816,0.1251886785030365,13.0,0.40066519379615784,46.0,0.39802122116088867,33.0,0.003645065939053893,0.0040381308645009995,14.859010696411133,3.3859615325927734,False
15006299A,0,2020,0,No,False,24,True,1.0,0.0838586762547493,0.08122718334197998,0.0026314929127693176,0.0,,0.0,,0.0,,,0.0,0.0,343.0,0.2828206419944763,0.27388158440589905,0.00893905758857727,0.0,,361.0,0.27826210856437683,361.0,,0.00025325187016278505,5.34426736831665,0.1405172348022461,361.0,0.02215411886572838,0.02141462080180645,0.0007394980639219284,353.0,0.021759599447250366,364.0,0.022099941968917847,11.0,4.931492730975151e-05,1.8058964997180738e-05,0.26443541049957275,0.0074599385261535645,1.0,0.004592032637447119,0.0038272945675998926,0.0007647380698472261,0.0,,0.0,,0.0,,,0.0,0.0,1.0,0.3568185567855835,0.3533051609992981,0.0035133957862854004,0.0,,343.0,0.35323813557624817,343.0,,1.0469068001839332e-05,0.35502833127975464,0.001723170280456543,False
15006299A,1,2021,1,Herbicide,False,169,True,125.0,0.7790138721466064,0.055777259171009064,0.723236620426178,92.0,0.42015933990478516,154.0,0.4217582941055298,62.0,0.010874379426240921,0.01231915783137083,41.2193603515625,37.70539474487305,122.0,0.7958574295043945,0.2273089587688446,0.5685484409332275,90.0,0.5179582238197327,154.0,0.5065087676048279,64.0,0.008684350177645683,0.009042145684361458,45.4455680847168,30.67048454284668,121.0,0.6130215525627136,-0.019743528217077255,0.6327650547027588,89.0,0.2937465012073517,152.0,0.30482545495033264,63.0,0.00997734535485506,0.009941809810698032,32.231101989746094,33.494686126708984,128.0,0.06897393614053726,0.003553836140781641,0.06542009860277176,96.0,0.03622427210211754,155.0,0.03701002895832062,59.0,0.0010234270012006164,0.001183848362416029,3.3938918113708496,3.180661678314209,137.0,0.8852954506874084,0.40795886516571045,0.477336585521698,102.0,0.6491532921791077,160.0,0.6477385759353638,58.0,0.006746918894350529,0.010328560136258602,46.71600341796875,22.646427154541016,True
15006299A1,0,2020,0,No,False,24,True,1.0,0.08326070755720139,0.07946215569972992,0.003798551857471466,0.0,,0.0,,0.0,,,0.0,0.0,357.0,0.2775120437145233,0.27265915274620056,0.004852890968322754,350.0,0.2753320336341858,364.0,0.27489206194877625,14.0,0.00031143001979216933,0.00037428311770781875,4.14874267578125,0.05885601043701172,1.0,0.022476080805063248,0.018720950931310654,0.003755129873752594,0.0,,0.0,,0.0,,,0.0,0.0,1.0,0.004838793072849512,0.003771574469283223,0.001067218603566289,0.0,,0.0,,0.0,,,0.0,0.0,1.0,0.3567308783531189,0.3297714591026306,0.02695941925048828,0.0,,0.0,,0.0,,,0.0,0.0,False
15006299A1,1,2021,0,No,False,59,True,59.0,0.08596377074718475,0.08468790352344513,0.001275867223739624,55.0,0.08536674082279205,0.0,,-55.0,0.00014925748109817505,,0.0,0.0,1.0,0.2720851004123688,0.25797757506370544,0.01410752534866333,0.0,,7.0,0.2647426724433899,7.0,,0.0012237379560247064,1.7434900999069214,0.0666358470916748,2.0,0.022525470703840256,0.019411534070968628,0.003113936632871628,1.0,0.022513864561915398,15.0,0.021028490737080574,14.0,1.1606141924858093e-05,0.00011515230289660394,0.3187061548233032,0.037238895893096924,28.0,0.012777631171047688,0.002840578556060791,0.009937052614986897,11.0,0.007770981173962355,44.0,0.007722139824181795,33.0,0.0002945088199339807,0.0003159682091791183,0.36438512802124023,0.26780545711517334,29.0,0.4614238739013672,0.33358293771743774,0.12784093618392944,11.0,0.3957725763320923,44.0,0.40042686462402344,33.0,0.0036472943611443043,0.00406646728515625,14.804083824157715,3.462264060974121,False
15006299B,0,2020,1,Herbicide,False,183,True,149.0,0.8166880011558533,0.3176230192184448,0.49906498193740845,118.0,0.5727565884590149,183.0,0.566564679145813,65.0,0.007868755608797073,0.007356568239629269,48.025611877441406,27.221303939819336,144.0,0.7870937585830688,0.423329621553421,0.3637641370296478,115.0,0.6016812920570374,183.0,0.6075683832168579,68.0,0.0063935332000255585,0.0046032145619392395,49.63573455810547,20.637651443481445,143.0,0.6040966510772705,0.17081360518932343,0.4332830309867859,114.0,0.38969686627388,178.0,0.38963228464126587,64.0,0.00739309610798955,0.006127553526312113,34.48984146118164,23.386959075927734,158.0,0.06575964391231537,0.030615027993917465,0.0351446159183979,122.0,0.0482194647192955,183.0,0.0582609660923481,61.0,0.0004872271965723485,0.00029994710348546505,3.719792366027832,1.8369684219360352,183.0,0.8991852402687073,0.6035239100456238,0.2956613302230835,156.0,0.7540618181228638,0.0,,-156.0,0.005374941509217024,,0.0,0.0,True
1500635APPLEP,0,2020,1,Fungicide,False,162,True,110.0,0.730078399181366,0.027312852442264557,0.7027655243873596,81.0,0.37963271141052246,136.0,0.3775806725025177,55.0,0.012084334157407284,0.013557604514062405,33.65822219848633,32.12870407104492,109.0,0.809162974357605,0.2097426801919937,0.5994203090667725,78.0,0.5139464735984802,135.0,0.5122179388999939,57.0,0.009523113258183002,0.011420963332057,40.57917022705078,28.414093017578125,108.0,0.6080433130264282,-0.03859933838248253,0.6466426253318787,79.0,0.29170000553131104,135.0,0.2845328450202942,56.0,0.010908389464020729,0.011981869116425514,27.929792404174805,30.129955291748047,107.0,0.05847753956913948,-0.0010231523774564266,0.059500690549612045,73.0,0.029443541541695595,136.0,0.028282493352890015,63.0,0.0008539411355741322,0.001041208510287106,3.0989253520965576,3.1644070148468018,90.0,0.8219549059867859,0.3855084180831909,0.43644648790359497,66.0,0.602297306060791,142.0,0.6019862294197083,76.0,0.009152400307357311,0.004230166785418987,57.968963623046875,28.28481674194336,True
1500635BPECKEP,0,2021,1,Mixed,False,316,True,138.0,0.8689987063407898,0.06608887761831284,0.8029098510742188,109.0,0.4778674244880676,168.0,0.45891740918159485,59.0,0.013487285934388638,0.013669376261532307,43.52439880371094,39.55906677246094,136.0,0.8551519513130188,0.2319834977388382,0.6231684684753418,105.0,0.5508862137794495,169.0,0.5505210161209106,64.0,0.009815024212002754,0.00923124048858881,48.663883209228516,33.58495330810547,135.0,0.666536808013916,0.0005511878989636898,0.665985643863678,106.0,0.3265235424041748,167.0,0.3262961506843567,61.0,0.011724594980478287,0.010632520541548729,33.81427764892578,33.78010559082031,141.0,0.05447772517800331,0.0023770208936184645,0.05210070312023163,105.0,0.02770104631781578,173.0,0.029132429510354996,68.0,0.0007437966414727271,0.0007920404896140099,3.1804604530334473,3.016446113586426,150.0,0.7904722094535828,0.13050800561904907,0.6599642038345337,118.0,0.4625411033630371,173.0,0.4726598560810089,55.0,0.010247847065329552,0.013817928731441498,37.537254333496094,30.228805541992188,True
1500635BPECKWP,0,2019,0,No,False,61,False,352.0,0.11655093729496002,0.09204225242137909,0.024508684873580933,338.0,0.1043006032705307,365.0,0.10669595003128052,27.0,0.0008750238339416683,0.0007580759702250361,3.0920424461364746,0.5608806610107422,363.0,0.29517337679862976,0.277637779712677,0.01753559708595276,347.0,0.28690165281295776,365.0,0.2950758635997772,18.0,0.0005169827491044998,4.875659942626953e-05,5.415188789367676,0.27888917922973633,357.0,0.029918799176812172,0.021398236975073814,0.008520562201738358,342.0,0.02570352703332901,365.0,0.02871774509549141,23.0,0.0002810181467793882,0.00015013176016509533,0.675838828086853,0.17298024892807007,365.0,0.008566167205572128,0.005391309969127178,0.00317485723644495,330.0,0.00700067775323987,0.0,,-330.0,4.4728269131155685e-05,,0.0,0.0,305.0,0.2939854562282562,0.262228399515152,0.03175705671310425,0.0,,314.0,0.2776385247707367,314.0,,0.0018163257045671344,2.7097980976104736,0.2186281681060791,False
1500635BPECKWP,1,2020,1,Fungicide,False,366,False,133.0,0.8607978224754333,0.061472825706005096,0.7993249893188477,105.0,0.47252538800239563,165.0,0.4693267047405243,60.0,0.013866872526705265,0.012233472429215908,43.98442077636719,40.23457717895508,132.0,0.8397573828697205,0.24043555557727814,0.5993218421936035,102.0,0.5437120199203491,166.0,0.5328978896141052,64.0,0.009868178516626358,0.009025279432535172,47.5434684753418,31.915157318115234,132.0,0.6598396301269531,-0.005543950479477644,0.6653835773468018,103.0,0.33670252561569214,165.0,0.32228031754493713,62.0,0.01114265900105238,0.010229069739580154,34.1307373046875,34.48000717163086,138.0,0.061017248779535294,0.002746731974184513,0.058270517736673355,102.0,0.032321151345968246,170.0,0.03163987398147583,68.0,0.0007971138111315668,0.0009180429624393582,3.5236761569976807,3.3341517448425293,148.0,0.8180720806121826,0.16355322301387787,0.6545188426971436,119.0,0.49777501821517944,173.0,0.49632611870765686,54.0,0.011044726707041264,0.012869838625192642,38.38636779785156,29.390941619873047,True
1500635BPECKWP,2,2021,0,No,False,59,False,59.0,0.18947993218898773,0.12870657444000244,0.06077335774898529,53.0,0.15851671993732452,0.0,,-53.0,0.005160535220056772,,0.0,0.0,59.0,0.3240296244621277,0.2790313959121704,0.044998228549957275,55.0,0.3038717210292816,0.0,,-55.0,0.005039475858211517,,0.0,0.0,59.0,0.10149294883012772,0.054964661598205566,0.04652828723192215,53.0,0.07678449898958206,0.0,,-53.0,0.004118075128644705,,0.0,0.0,20.0,0.005659610964357853,0.00399578595533967,0.0016638250090181828,1.0,0.004988267086446285,37.0,0.004829439800232649,36.0,3.53338873537723e-05,4.883359724772163e-05,0.19707170128822327,0.051225513219833374,1.0,0.2426014393568039,0.2057061791419983,0.0368952602148056,0.0,,5.0,0.22349253296852112,5.0,,0.004777226597070694,1.0434082746505737,0.11773049831390381,False
1500635BV104P,0,2021,1,Fungicide,False,316,True,127.0,0.7244815826416016,0.07379306852817535,0.6506885290145874,97.0,0.39755815267562866,156.0,0.40819060802459717,59.0,0.010897447355091572,0.010906585492193699,36.57697677612305,32.149391174316406,124.0,0.7596145868301392,0.20557904243469238,0.5540355443954468,94.0,0.48507067561149597,158.0,0.47869932651519775,64.0,0.009151463396847248,0.008262213319540024,42.99830627441406,29.635669708251953,123.0,0.5384793281555176,-0.0002127392217516899,0.538692057132721,95.0,0.27619072794914246,155.0,0.26249459385871887,60.0,0.009367450140416622,0.00862452294677496,26.941871643066406,26.954849243164062,133.0,0.05910700932145119,0.0019222339615225792,0.05718477442860603,97.0,0.031149065122008324,162.0,0.030882565304636955,65.0,0.0007766095804981887,0.0009732567123137414,3.2109551429748535,3.084087610244751,138.0,0.6889278292655945,0.16412168741226196,0.5248061418533325,112.0,0.42104190587997437,163.0,0.4272964298725128,51.0,0.01030330453068018,0.010465255938470364,30.590442657470703,22.056114196777344,True
1500635BV112SP,0,2021,1,Mixed,False,213,True,122.0,0.7201454639434814,0.15894700586795807,0.5611984729766846,96.0,0.44443562626838684,146.0,0.4435175359249115,50.0,0.010604224167764187,0.011526163667440414,31.67149543762207,23.565196990966797,120.0,0.7614389061927795,0.2728244662284851,0.48861443996429443,93.0,0.5214518904685974,146.0,0.521196186542511,53.0,0.008888407610356808,0.009240104816854,36.55866622924805,21.82614517211914,120.0,0.5546297430992126,0.067609503865242,0.48702025413513184,93.0,0.3065573275089264,145.0,0.3123636841773987,52.0,0.009187866933643818,0.009690642356872559,24.780471801757812,21.197168350219727,125.0,0.06733231246471405,0.02684413455426693,0.04048817604780197,99.0,0.04685450345277786,154.0,0.051792558282613754,55.0,0.0007876080344431102,0.000535853614564985,3.3517274856567383,1.8618780374526978,154.0,0.8440484404563904,0.4713291823863983,0.37271925806999207,121.0,0.652775764465332,0.0,,-121.0,0.0057961419224739075,,0.0,0.0,True
1500635BV113P,0,2020,1,Mixed,False,162,True,98.0,0.6451766490936279,0.06813584268093109,0.5770407915115356,73.0,0.3489815890789032,119.0,0.3493712246417999,46.0,0.011847802437841892,0.014085972681641579,24.875089645385742,21.672704696655273,97.0,0.687757134437561,0.2067396342754364,0.48101750016212463,70.0,0.44741231203079224,120.0,0.444113552570343,50.0,0.008901660330593586,0.010593199171125889,30.273569107055664,19.729846954345703,96.0,0.4858037233352661,-0.0011794930323958397,0.48698320984840393,72.0,0.24745522439479828,116.0,0.24181868135929108,44.0,0.009931187145411968,0.012199251912534237,17.721168518066406,17.774246215820312,98.0,0.04399719461798668,0.0013091061264276505,0.04268808662891388,72.0,0.022718418389558792,121.0,0.023031670600175858,49.0,0.0008184144971892238,0.0009115445427596569,1.812780737876892,1.7473254203796387,104.0,0.5668894648551941,0.18403635919094086,0.38285309076309204,84.0,0.3776397705078125,123.0,0.3767988681793213,39.0,0.00946248508989811,0.010004768148064613,19.78363037109375,12.422176361083984,True
1500635BV114P,0,2019,0,No,False,61,False,328.0,0.16984239220619202,0.08068082481622696,0.08916156738996506,313.0,0.12544488906860352,343.0,0.12498808652162552,30.0,0.0029598334804177284,0.0029902870301157236,4.720463752746582,2.219357967376709,330.0,0.33902508020401,0.23661041259765625,0.10241466760635376,313.0,0.28926464915275574,345.0,0.2876461446285248,32.0,0.002927084220573306,0.003425262402743101,10.526816368103027,2.718672752380371,329.0,0.10267388075590134,0.0071580130606889725,0.09551586955785751,314.0,0.055230747908353806,345.0,0.056848522275686264,31.0,0.0031628755386918783,0.002864084905013442,2.699920654296875,2.4708642959594727,333.0,0.018004916608333588,0.01129468809813261,0.006710228510200977,317.0,0.01727830059826374,347.0,0.014653278514742851,30.0,4.5413500629365444e-05,0.00023940272512845695,0.5352482199668884,0.18511289358139038,305.0,0.45080405473709106,0.34714359045028687,0.1036604642868042,0.0,,326.0,0.3976086676120758,326.0,,0.002533113583922386,9.182021141052246,1.7184343338012695,False
1500635BV114P,1,2020,1,Mixed,False,366,False,112.0,0.7453767657279968,0.0681534931063652,0.677223265171051,82.0,0.40696653723716736,140.0,0.4028780162334442,58.0,0.011280341073870659,0.012232097797095776,36.57400131225586,32.55294418334961,110.0,0.7554943561553955,0.21092356741428375,0.544570803642273,78.0,0.4877202808856964,140.0,0.47544869780540466,62.0,0.008367939852178097,0.00933485571295023,41.2170295715332,27.928844451904297,109.0,0.5689777731895447,-0.003384251380339265,0.5723620057106018,79.0,0.28045031428337097,138.0,0.28240761160850525,59.0,0.009617581963539124,0.009881729260087013,27.706951141357422,27.910005569458008,117.0,0.06328452378511429,0.0016483940416947007,0.06163613125681877,82.0,0.032657690346241,144.0,0.03205389529466629,62.0,0.0008750523556955159,0.0011566899484023452,3.246337890625,3.142488956451416,124.0,0.68830806016922,0.14938098192214966,0.5389270782470703,97.0,0.41391074657440186,218.0,0.41629910469055176,121.0,0.01016286388039589,0.0028937123715877533,59.206947326660156,40.98246765136719,True
1500635BV114P,2,2021,0,No,False,59,False,59.0,0.10413140058517456,0.09026628732681274,0.013865113258361816,54.0,0.0968451201915741,0.0,,-54.0,0.001457256032153964,,0.0,0.0,19.0,0.24390782415866852,0.234171062707901,0.009736761450767517,4.0,0.23879964649677277,32.0,0.23913896083831787,28.0,0.0003405451716389507,0.0003668356512207538,7.017247676849365,0.2262868881225586,59.0,0.022040046751499176,0.015994682908058167,0.0060453638434410095,54.0,0.018695157021284103,0.0,,-54.0,0.0006689779693260789,,0.0,0.0,34.0,0.006326821632683277,0.0035171376075595617,0.0028096840251237154,18.0,0.004881061147898436,50.0,0.004976947326213121,32.0,9.03600302990526e-05,8.436714415438473e-05,0.19123440980911255,0.07516886293888092,5.0,0.2572217583656311,0.16723927855491638,0.08998247981071472,1.0,0.2536712884902954,20.0,0.2114069014787674,19.0,0.0008876174688339233,0.0030543238390237093,4.7569379806518555,1.495772123336792,False
1500635BV133P,0,2020,1,Fungicide,False,162,True,128.0,0.8572770357131958,0.30827170610427856,0.5490053296089172,101.0,0.5805390477180481,159.0,0.5889255404472351,58.0,0.010249555110931396,0.008656499907374382,44.98058319091797,26.792552947998047,126.0,0.8225391507148743,0.4056837558746338,0.4168553948402405,97.0,0.6139550805091858,160.0,0.6104782819747925,63.0,0.007192553952336311,0.00623708451166749,47.9796028137207,22.01584243774414,125.0,0.6301422119140625,0.18028470873832703,0.4498575031757355,97.0,0.39872345328330994,158.0,0.4062797427177429,61.0,0.008264956064522266,0.0067837112583220005,34.22005081176758,23.04239845275879,135.0,0.0660194680094719,0.027610866352915764,0.03840859979391098,99.0,0.046677879989147186,162.0,0.052959952503442764,63.0,0.0005372663144953549,0.00048368575517088175,3.8284926414489746,2.075202465057373,158.0,0.8153557181358337,0.46404144167900085,0.3513142764568329,121.0,0.6432827115058899,162.0,0.8151643872261047,41.0,0.004650621674954891,4.7832727432250977e-05,31.807889938354492,12.5501708984375,True
1500635BV141P,0,2021,1,Mixed,False,154,True,121.0,0.6966196298599243,0.07958368957042694,0.6170359253883362,94.0,0.3911430537700653,143.0,0.39921724796295166,49.0,0.011313946917653084,0.013518289662897587,29.308982849121094,25.329797744750977,120.0,0.7688589096069336,0.21975040435791016,0.5491085052490234,91.0,0.49022307991981506,143.0,0.4968850612640381,52.0,0.0096081318333745,0.011824949644505978,35.440006256103516,23.793235778808594,120.0,0.5650504231452942,0.003387139644473791,0.5616632699966431,92.0,0.2805931568145752,143.0,0.27394890785217285,51.0,0.010159187950193882,0.012656587176024914,23.929222106933594,23.753089904785156,120.0,0.06287852674722672,0.016510631889104843,0.04636789485812187,92.0,0.040150173008441925,147.0,0.03972049802541733,55.0,0.0008117269026115537,0.0008577047847211361,3.0536952018737793,2.1290998458862305,129.0,0.9487171173095703,0.5190694332122803,0.42964768409729004,99.0,0.7298467755317688,154.0,0.8336375951766968,55.0,0.007295677904039621,0.004603181034326553,48.85942840576172,20.051074981689453,True
1500635BV142P,0,2021,1,Mixed,False,213,True,126.0,0.8046110272407532,0.28039997816085815,0.524211049079895,103.0,0.5510920882225037,151.0,0.5504962205886841,48.0,0.01102256216108799,0.010164592415094376,34.98513412475586,21.245532989501953,125.0,0.8251011371612549,0.3786356449127197,0.44646549224853516,99.0,0.5978811979293823,151.0,0.6048798561096191,52.0,0.0087392283603549,0.008470049127936363,39.50310134887695,19.43541145324707,124.0,0.6344870328903198,0.16533125936985016,0.46915578842163086,100.0,0.3949948251247406,150.0,0.39219075441360474,50.0,0.009978841990232468,0.009319087490439415,27.937667846679688,19.505775451660156,127.0,0.0634211078286171,0.027219200506806374,0.03620190918445587,98.0,0.045769792050123215,154.0,0.05245784670114517,56.0,0.0006086660432629287,0.0004060467181261629,3.286363124847412,1.7484784126281738,154.0,0.9393913149833679,0.6372036933898926,0.30218762159347534,107.0,0.7881372570991516,0.0,,-107.0,0.0032181714195758104,,0.0,0.0,True
1500635BV143P,0,2021,1,Fungicide,False,196,True,126.0,0.8535460233688354,0.039844583719968796,0.8137014508247375,89.0,0.4410552978515625,170.0,0.44561535120010376,81.0,0.01114839781075716,0.009271151386201382,58.99654769897461,55.72929382324219,119.0,0.8384806513786316,0.21746471524238586,0.6210159063339233,85.0,0.5234788060188293,172.0,0.5324822068214417,87.0,0.009264759719371796,0.005773555487394333,64.72782897949219,45.59093475341797,119.0,0.6490805745124817,-0.022659126669168472,0.6717396974563599,86.0,0.30969107151031494,167.0,0.3188199996948242,81.0,0.010284529998898506,0.006880428642034531,43.61811828613281,45.476165771484375,128.0,0.06739088892936707,-0.00035306683275848627,0.06774395704269409,83.0,0.03375992923974991,176.0,0.03378048911690712,93.0,0.0007473546429537237,0.0007002166821621358,5.33236837387085,5.365556716918945,152.0,0.907564103603363,0.24813738465309143,0.6594266891479492,83.0,0.573493480682373,183.0,0.5830528140068054,100.0,0.004841603338718414,0.010468105785548687,79.5126953125,54.45082092285156,True
1500635BV144P,0,2020,1,Mixed,False,162,True,112.0,0.7017841339111328,0.037026748061180115,0.6647573709487915,89.0,0.37614721059799194,133.0,0.3676478862762451,44.0,0.014158126898109913,0.015911249443888664,25.867900848388672,24.201696395874023,110.0,0.7361456751823425,0.211360365152359,0.5247852802276611,85.0,0.4684888422489166,132.0,0.48149266839027405,47.0,0.010706272907555103,0.011575136333703995,30.49662971496582,20.351333618164062,110.0,0.540069043636322,-0.02690357342362404,0.5669726133346558,87.0,0.2651837468147278,131.0,0.2620641887187958,44.0,0.011951535008847713,0.013238326646387577,19.550689697265625,20.761350631713867,108.0,0.05023755133152008,0.0004320236621424556,0.04980552941560745,72.0,0.02540579065680504,135.0,0.025160182267427444,63.0,0.0006897711427882314,0.0009287914726883173,2.661048650741577,2.633399248123169,110.0,0.7722187042236328,0.2653141915798187,0.5069044828414917,60.0,0.5136544108390808,145.0,0.5155470967292786,85.0,0.005171285942196846,0.007333474699407816,60.029815673828125,37.21279525756836,True
1500635DUDANP,0,2020,1,Fungicide,False,352,True,141.0,0.8049899935722351,0.025248855352401733,0.7797411680221558,108.0,0.42388394474983215,176.0,0.4229767322540283,68.0,0.011548668146133423,0.010914664715528488,46.56778335571289,44.82561111450195,138.0,0.8389387726783752,0.21278679370880127,0.626151978969574,107.0,0.5328870415687561,175.0,0.5331489443778992,68.0,0.009872636757791042,0.008264590054750443,50.533241271972656,35.8509521484375,138.0,0.6466760635375977,-0.03700437396764755,0.6836804151535034,106.0,0.3029232919216156,175.0,0.2960117757320404,69.0,0.01074227411299944,0.009477413259446621,36.70665740966797,39.29696273803711,145.0,0.05791716277599335,0.0051297531463205814,0.052787408232688904,102.0,0.031845349818468094,176.0,0.03182351589202881,74.0,0.0006063212058506906,0.0008417305652983487,3.6723084449768066,3.287576913833618,158.0,0.8938227295875549,0.4070119559764862,0.4868107736110687,95.0,0.6494653820991516,183.0,0.6477912664413452,88.0,0.0038786879740655422,0.009841258637607098,69.76463317871094,33.54056930541992,True
1500635DUDANP,1,2021,1,Fungicide,False,213,True,96.0,0.635538637638092,0.0371614508330822,0.5983771681785583,60.0,0.37425607442855835,125.0,0.3391449749469757,65.0,0.0072578489780426025,0.01022047083824873,35.03662872314453,32.5839729309082,93.0,0.793697714805603,0.20037850737571716,0.5933191776275635,60.0,0.5828130841255188,124.0,0.49336564540863037,64.0,0.006390443537384272,0.009688131511211395,45.327510833740234,32.30290603637695,92.0,0.5606870651245117,-0.030042000114917755,0.5907290577888489,60.0,0.3339513838291168,122.0,0.26701924204826355,62.0,0.0070854900404810905,0.009788927622139454,29.18545150756836,31.07809829711914,93.0,0.05346281826496124,0.0022737481631338596,0.05118906870484352,60.0,0.042185619473457336,123.0,0.027238281443715096,63.0,0.0003417333064135164,0.0008741512428969145,2.998422145843506,2.8529021739959717,104.0,0.8135673403739929,0.4009789526462555,0.4125883877277374,60.0,0.6448076367378235,128.0,0.6075030565261841,68.0,0.003835447831079364,0.008586011826992035,50.8231201171875,23.15557098388672,True
1500635DUDASP,0,2020,1,Mixed,False,162,True,101.0,0.6998769640922546,0.08096247911453247,0.6189144849777222,73.0,0.3890421688556671,126.0,0.390934020280838,53.0,0.01110124308615923,0.012357717379927635,31.600997924804688,27.229022979736328,99.0,0.7940992712974548,0.2308839112520218,0.5632153749465942,68.0,0.51070237159729,125.0,0.5194059610366821,57.0,0.009141835384070873,0.010565127246081829,40.04034423828125,26.649078369140625,99.0,0.5920282006263733,0.005586808547377586,0.5864413976669312,70.0,0.3037079870700836,125.0,0.2951461374759674,55.0,0.009942076168954372,0.011418540962040424,27.132783889770508,26.819923400878906,96.0,0.056493472307920456,0.005383166950196028,0.05111030489206314,65.0,0.0308807585388422,125.0,0.030727937817573547,60.0,0.000826216593850404,0.0008884667186066508,2.927767276763916,2.5993940830230713,88.0,0.8936936259269714,0.44970327615737915,0.4439903497695923,60.0,0.6737952828407288,129.0,0.6712085008621216,69.0,0.007853512652218342,0.005426466464996338,57.84943389892578,26.37020492553711,True
1500635DUDASP,1,2021,0,No,False,67,True,311.0,0.09888670593500137,0.06924021244049072,0.02964649349451065,299.0,0.08992083370685577,336.0,0.0844607949256897,37.0,0.0007471560384146869,0.0005770364659838378,3.5298686027526855,0.9333605766296387,318.0,0.28458642959594727,0.17199094593524933,0.11259548366069794,299.0,0.2562870681285858,341.0,0.228611022233963,42.0,0.0014894400956109166,0.0024337132927030325,11.441293716430664,4.131678581237793,316.0,0.029903482645750046,0.007924742996692657,0.02197873964905739,301.0,0.019411738961935043,339.0,0.019044196233153343,38.0,0.0006994495633989573,0.0004721428849734366,1.0137840509414673,0.704719066619873,365.0,0.009312429465353489,0.006453498266637325,0.0028589311987161636,358.0,0.007791491225361824,0.0,,-358.0,0.00021727688726969063,,0.0,0.0,299.0,0.4193534851074219,0.28258779644966125,0.13676568865776062,0.0,,313.0,0.35121607780456543,313.0,,0.004866957664489746,5.687433242797852,1.5899100303649902,False
1500635FDLT35P,0,2020,1,Mixed,False,266,True,162.0,0.7922065258026123,0.06853996217250824,0.7236665487289429,1.0,0.08618861436843872,174.0,0.43335986137390137,173.0,0.004385204520076513,0.029903888702392578,7.686184883117676,6.726625442504883,162.0,0.7877482771873474,0.27227941155433655,0.5154688358306885,0.0,,174.0,0.5359914302825928,174.0,,0.020979737862944603,8.665618896484375,4.853707313537598,162.0,0.5802636742591858,0.0052566868253052235,0.5750069618225098,0.0,,174.0,0.29032763838768005,174.0,,0.024161336943507195,5.388094902038574,5.3145012855529785,162.0,0.054862841963768005,0.007284459192305803,0.04757838323712349,1.0,0.011097419075667858,175.0,0.030753139406442642,174.0,0.00027183492784388363,0.0018545924685895443,0.5888938903808594,0.47962701320648193,162.0,0.957966685295105,0.42447155714035034,0.5334951281547546,1.0,0.5967621207237244,175.0,0.6959475874900818,174.0,0.002243506722152233,0.02015531435608864,11.99821662902832,5.631143569946289,True
1500635FDLT35P,1,2021,1,Fungicide,False,213,True,102.0,0.5539140701293945,0.040656428784132004,0.513257622718811,67.0,0.29288753867149353,131.0,0.2972039580345154,64.0,0.007457900792360306,0.00885207299143076,29.89654541015625,27.253877639770508,99.0,0.7042381763458252,0.23159804940223694,0.47264012694358826,64.0,0.46453139185905457,130.0,0.4682416617870331,66.0,0.006848765071481466,0.007612790912389755,41.252593994140625,25.735525131225586,99.0,0.4580162465572357,-0.025882504880428314,0.48389875888824463,65.0,0.21880750358104706,129.0,0.21913021802902222,64.0,0.007035551127046347,0.007962867617607117,24.065357208251953,25.74772071838379,100.0,0.04746609553694725,0.002534934552386403,0.044931162148714066,62.0,0.02535688690841198,126.0,0.024669412523508072,64.0,0.0005818212521262467,0.0008767955005168915,2.5201499462127686,2.355379104614258,109.0,0.7933613061904907,0.5066206455230713,0.28674066066741943,78.0,0.6474118232727051,132.0,0.652423620223999,54.0,0.004708047956228256,0.006127725355327129,40.44856262207031,12.584426879882812,True
1500635FDLT3SP,0,2020,0,No,False,205,True,162.0,0.7922067642211914,0.06807193160057068,0.7241348028182983,0.0,,174.0,0.4333598017692566,174.0,,0.029903912916779518,7.599546909332275,6.714612007141113,162.0,0.7877488732337952,0.25780463218688965,0.5299442410469055,0.0,,175.0,0.516187846660614,175.0,,0.02088931016623974,8.857390403747559,5.2481255531311035,162.0,0.5802638530731201,0.008239636197686195,0.5720242261886597,0.0,,174.0,0.2903275191783905,174.0,,0.024161361157894135,5.368691444396973,5.261576175689697,162.0,0.05486280471086502,0.006248550955206156,0.048614252358675,0.0,,175.0,0.03075316734611988,175.0,,0.0018545874627307057,0.5767242908477783,0.48924458026885986,162.0,0.957967221736908,0.4045863747596741,0.5533808469772339,0.0,,176.0,0.6758098602294922,176.0,,0.02015409804880619,12.055546760559082,5.986750602722168,True
1500635FDLT75EP,0,2020,1,Mixed,False,162,True,100.0,0.5731430649757385,0.05905015766620636,0.5140929222106934,73.0,0.3188137114048004,124.0,0.3170377016067505,51.0,0.009419606067240238,0.010671056807041168,24.77853012084961,21.707921981811523,100.0,0.7160580158233643,0.2250906229019165,0.49096739292144775,69.0,0.4661845564842224,125.0,0.4657917022705078,56.0,0.008060433901846409,0.010010652244091034,35.398048400878906,22.567882537841797,100.0,0.49366384744644165,-0.010384657420217991,0.5040485262870789,71.0,0.24170108139514923,124.0,0.2397046983242035,53.0,0.008688371628522873,0.01058163121342659,21.533321380615234,22.094093322753906,99.0,0.04591341316699982,0.0031452560797333717,0.04276815801858902,68.0,0.024229319766163826,124.0,0.023891225457191467,56.0,0.0006994868745096028,0.0008808874990791082,2.1561102867126465,1.9768307209014893,107.0,0.44196248054504395,0.155808225274086,0.28615427017211914,83.0,0.3029325306415558,128.0,0.2956274449825287,45.0,0.0057929144240915775,0.006968335248529911,17.835491180419922,10.668313026428223,True
1500635FDLT75WP,0,2020,1,Mixed,False,58,True,338.0,0.09018579870462418,0.07915978878736496,0.011026009917259216,1.0,0.08558887988328934,338.0,0.09018579870462418,337.0,1.3640708857565187e-05,,0.26245689392089844,0.024977535009384155,364.0,0.32212015986442566,0.3041827082633972,0.017937451601028442,1.0,0.3210410475730896,0.0,,-1.0,2.9727611945418175e-06,,0.0,0.0,338.0,0.02694331482052803,0.019713565707206726,0.007229749113321304,1.0,0.019714409485459328,338.0,0.02694331482052803,337.0,2.1450758140417747e-05,,0.0693586990237236,0.010218001902103424,1.0,0.006463131867349148,0.0053834328427910805,0.0010796990245580673,0.0,,1.0,0.006415496114641428,1.0,,inf,0.009670879691839218,0.0015957299619913101,338.0,0.24479509890079498,0.13883693516254425,0.10595816373825073,1.0,0.13880017399787903,338.0,0.24479509890079498,337.0,0.00031452500843442976,,0.5736272931098938,0.15711647272109985,False
1500635FDLT75WP,1,2021,1,Fungicide,False,424,True,105.0,0.845453143119812,0.056752413511276245,0.7887006998062134,72.0,0.45240309834480286,135.0,0.4483695924282074,63.0,0.011910607106983662,0.013236118480563164,45.04457092285156,41.41241455078125,103.0,0.8647570013999939,0.17221477627754211,0.6925421953201294,64.0,0.5194324851036072,137.0,0.5114169120788574,73.0,0.008854474872350693,0.010392355732619762,54.40576934814453,41.6618766784668,102.0,0.6771926879882812,-0.0086166150867939,0.685809314250946,67.0,0.3286321461200714,133.0,0.33823511004447937,66.0,0.009958872571587563,0.010934115387499332,36.94413375854492,37.521446228027344,107.0,0.060501132160425186,0.004198253154754639,0.05630287900567055,67.0,0.03214061260223389,137.0,0.031569186598062515,70.0,0.0007090129656717181,0.0009643982048146427,3.530634641647339,3.2325587272644043,120.0,0.7511853575706482,0.05874098092317581,0.692444384098053,85.0,0.40281641483306885,152.0,0.40912923216819763,67.0,0.009953398257493973,0.01068925391882658,41.15714645385742,37.162757873535156,True
1500635GRIMCP,0,2020,1,Mixed,False,352,True,151.0,0.8327010273933411,0.017617469653487206,0.8150835633277893,109.0,0.41584092378616333,185.0,0.42190298438072205,76.0,0.009925240650773048,0.01208229549229145,54.022193908691406,52.6656494140625,146.0,0.8155776858329773,0.19680485129356384,0.6187728643417358,106.0,0.501977801322937,186.0,0.512910783290863,80.0,0.007839997299015522,0.007566672749817371,59.05135726928711,43.110164642333984,146.0,0.623859167098999,-0.04474620893597603,0.668605387210846,106.0,0.29631224274635315,185.0,0.2875973582267761,79.0,0.008188673295080662,0.00862209778279066,42.199893951416016,45.77959060668945,144.0,0.049495626240968704,0.0042093293741345406,0.04528629779815674,98.0,0.026870178058743477,184.0,0.026739181950688362,86.0,0.0004918575868941844,0.0005689110839739442,3.6975882053375244,3.331376552581787,165.0,0.7376574277877808,0.2274210900068283,0.5102363228797913,89.0,0.6045248508453369,193.0,0.48344656825065613,104.0,0.0017517444211989641,0.009078959003090858,68.6486587524414,44.76944351196289,True
1500635GRIMCP,1,2021,1,Mixed,False,266,True,140.0,0.8279736042022705,0.03791968151926994,0.7900539040565491,110.0,0.43224844336509705,171.0,0.4396754801273346,61.0,0.013190838508307934,0.012525745667517185,42.71807861328125,40.36705780029297,138.0,0.8442546129226685,0.21708661317825317,0.6271679997444153,107.0,0.5360163450241089,173.0,0.5259124636650085,66.0,0.009943169541656971,0.009095489978790283,49.268760681152344,34.72395706176758,137.0,0.6502795219421387,-0.02730463072657585,0.677584171295166,108.0,0.31816864013671875,171.0,0.3067319095134735,63.0,0.011452099308371544,0.010104341432452202,33.99235153198242,35.73984909057617,144.0,0.055344004184007645,0.00018498848658055067,0.05515901744365692,105.0,0.027720781043171883,175.0,0.027749525383114815,70.0,0.0007082877564243972,0.0008901444962248206,3.2438340187072754,3.2306997776031494,155.0,0.8255553841590881,0.3664093017578125,0.45914608240127563,108.0,0.5938605666160583,196.0,0.5962406396865845,88.0,0.004929677117615938,0.005593042355030775,64.31999206542969,31.709564208984375,True
1500635HAM35P,0,2020,1,Fungicide,False,162,True,112.0,0.8081263899803162,0.09331215918064117,0.7148142457008362,80.0,0.4557224214076996,141.0,0.4576355814933777,61.0,0.011012624017894268,0.012085890397429466,42.38825607299805,36.602901458740234,110.0,0.8279851675033569,0.32699885964393616,0.5009863376617432,77.0,0.5731645226478577,141.0,0.5698012709617615,64.0,0.007721837610006332,0.008328513242304325,48.065223693847656,26.8102970123291,109.0,0.6464845538139343,0.022590721026062965,0.6238938570022583,76.0,0.33973127603530884,140.0,0.33929264545440674,64.0,0.009295553900301456,0.009909416548907757,35.09912109375,33.6307258605957,117.0,0.0630129724740982,0.006109025329351425,0.05690394714474678,78.0,0.034117553383111954,143.0,0.03448034077882767,65.0,0.0007409082027152181,0.0010974089382216334,3.4477672576904297,3.0445716381073,127.0,0.7326974272727966,0.19163674116134644,0.5410606861114502,96.0,0.46509093046188354,151.0,0.45433929562568665,55.0,0.008632468059659004,0.01159825548529625,34.79600143432617,24.06434440612793,True
1500635HAM35P,1,2021,1,Mixed,False,320,True,147.0,0.9043179154396057,0.06167536973953247,0.8426425457000732,114.0,0.4774279296398163,181.0,0.4906001389026642,67.0,0.012936060316860676,0.01216816995292902,51.61347961425781,47.4195556640625,147.0,0.8610562682151794,0.189170241355896,0.6718860268592834,108.0,0.5236982703208923,186.0,0.5178978443145752,78.0,0.008650205098092556,0.00879893358796835,59.0517692565918,44.10731887817383,146.0,0.6763526797294617,-0.0022147642448544502,0.6785674691200256,112.0,0.34260445833206177,181.0,0.3426869809627533,69.0,0.009816124103963375,0.009533305652439594,39.48003387451172,39.635066986083984,166.0,0.04622238501906395,0.0027170332614332438,0.04350535199046135,104.0,0.023966098204255104,192.0,0.025126151740550995,88.0,0.0003589723783079535,0.0008113936055451632,3.6056902408599854,3.3638741970062256,167.0,0.7450189590454102,0.1593041867017746,0.5857147574424744,119.0,0.4530646800994873,191.0,0.44534599781036377,72.0,0.006082380656152964,0.012486373074352741,46.51386260986328,34.88465881347656,True
1500635HAMEP,0,2020,1,Mixed,False,58,True,338.0,0.09593050181865692,0.08555512130260468,0.010375380516052246,1.0,0.08652405440807343,338.0,0.09593050181865692,337.0,2.79123069049092e-05,,0.2733277678489685,0.016662418842315674,1.0,0.38722875714302063,0.36296677589416504,0.02426198124885559,1.0,0.38722875714302063,338.0,0.3478962779045105,337.0,,0.00011671358515741304,1.1015287637710571,0.012628436088562012,1.0,0.026093455031514168,0.02210349217057228,0.003989962860941887,1.0,0.026093455031514168,338.0,0.024446547031402588,337.0,,4.886967417405685e-06,0.07533642649650574,0.009025946259498596,1.0,0.005007114261388779,0.004486413672566414,0.0005207005888223648,1.0,0.005007114261388779,338.0,0.004057623911648989,337.0,,2.817478844008292e-06,0.013560963794589043,0.00010172277688980103,338.0,0.32034772634506226,0.19362607598304749,0.12672165036201477,0.0,,338.0,0.32034772634506226,338.0,,,0.7663455605506897,0.18546730279922485,False
1500635HAMEP,1,2021,1,Mixed,False,375,True,115.0,0.6018229126930237,0.06163664162158966,0.5401862859725952,79.0,0.3253980576992035,154.0,0.32612547278404236,75.0,0.007678468246012926,0.007069165352731943,39.12538146972656,34.44099807739258,108.0,0.7477264404296875,0.24656251072883606,0.5011639595031738,75.0,0.49113601446151733,153.0,0.49821487069129944,78.0,0.007775467354804277,0.005544701591134071,52.22975158691406,32.751312255859375,108.0,0.5117071866989136,0.0037499675527215004,0.5079572200775146,77.0,0.26262643933296204,150.0,0.2621381878852844,73.0,0.008034862577915192,0.0059421188198029995,31.48834228515625,31.210844039916992,113.0,0.058937638998031616,0.0033062498550862074,0.05563138797879219,76.0,0.03121265023946762,150.0,0.03087334707379341,74.0,0.0007493240409530699,0.0007584943668916821,3.6623036861419678,3.414335012435913,134.0,0.7218868136405945,0.20320844650268555,0.5186783671379089,103.0,0.45848700404167175,161.0,0.4687325656414032,58.0,0.008496767841279507,0.009376083500683308,36.61823272705078,24.628934860229492,True
1500635HAMWEP,0,2020,1,Fungicide,False,291,True,137.0,0.7893821597099304,0.049890514463186264,0.7394916415214539,109.0,0.4258194863796234,176.0,0.4168143570423126,67.0,0.012984381057322025,0.00955302082002163,44.13858413696289,40.746028900146484,138.0,0.8222031593322754,0.2432413399219513,0.5789618492126465,108.0,0.5370401740074158,178.0,0.5366891026496887,70.0,0.009505433030426502,0.007137851323932409,50.900718688964844,33.630584716796875,138.0,0.637727677822113,-0.00948520191013813,0.6472128629684448,108.0,0.31529518961906433,174.0,0.31171727180480957,66.0,0.010747749358415604,0.009055844508111477,34.78119659423828,35.41670608520508,144.0,0.06043337658047676,0.004298070911318064,0.056135304272174835,108.0,0.03180525451898575,186.0,0.03227323293685913,78.0,0.0007952256128191948,0.0006704796105623245,4.064086437225342,3.724538803100586,156.0,0.870829701423645,0.15743392705917358,0.7133957743644714,122.0,0.5222792029380798,187.0,0.512134313583374,65.0,0.010251484811306,0.011570818722248077,48.95155334472656,38.5609130859375,True
1500635HAMWWP,0,2019,0,No,False,61,False,305.0,0.09099375456571579,0.08630269765853882,0.0046910569071769714,0.0,,311.0,0.08876529335975647,311.0,,0.0003714101912919432,0.5836823582649231,0.02271479368209839,365.0,0.35619229078292847,0.3172528147697449,0.038939476013183594,358.0,0.3353866636753082,0.0,,-358.0,0.002972232410684228,,0.0,0.0,305.0,0.027295270934700966,0.022500012069940567,0.004795258864760399,0.0,,313.0,0.024992672726511955,313.0,,0.00028782477602362633,0.22154465317726135,0.030294552445411682,346.0,0.009745690040290356,0.006146723870187998,0.003598966170102358,330.0,0.008002480491995811,365.0,0.009333143010735512,35.0,0.00010895059676840901,2.1713001842726953e-05,0.33396562933921814,0.11575689911842346,337.0,0.2919904291629791,0.24488714337348938,0.047103285789489746,316.0,0.26879262924194336,358.0,0.2684282660484314,42.0,0.001104657188989222,0.0011220077285543084,12.200886726379395,1.6707391738891602,False
1500635HAMWWP,1,2020,1,Fungicide,False,366,False,118.0,0.7047349214553833,0.07099819928407669,0.6337367296218872,84.0,0.3947322368621826,149.0,0.3780948519706726,65.0,0.009117726236581802,0.01053677685558796,39.31901168823242,34.63312911987305,115.0,0.8047756552696228,0.23770177364349365,0.5670738816261292,79.0,0.515592098236084,149.0,0.5172536373138428,70.0,0.008032876998186111,0.008456530049443245,49.986778259277344,33.10995101928711,113.0,0.5992063283920288,0.003634885884821415,0.5955714583396912,80.0,0.29422783851623535,147.0,0.3023845851421356,67.0,0.009241772815585136,0.00873005110770464,33.60559844970703,33.35842514038086,121.0,0.06267335265874863,0.0029967976734042168,0.059676554054021835,85.0,0.03324504196643829,149.0,0.03225485607981682,64.0,0.000817453081253916,0.001086374861188233,3.3589446544647217,3.1641528606414795,134.0,0.6565694808959961,0.17610178887844086,0.48046767711639404,104.0,0.41518956422805786,159.0,0.4182299077510834,55.0,0.008045997470617294,0.00953358318656683,31.181852340698242,21.320152282714844,True
1500635HAMWWP,2,2021,0,No,False,59,False,59.0,0.10345418751239777,0.0871196985244751,0.01633448898792267,55.0,0.09507036954164505,0.0,,-55.0,0.002095954492688179,,0.0,0.0,24.0,0.2606563866138458,0.2367253452539444,0.023931041359901428,10.0,0.2485172152519226,39.0,0.24857349693775177,29.0,0.0008670836687088013,0.0008055259822867811,7.684138298034668,0.5823779106140137,59.0,0.037768471986055374,0.02501923404633999,0.012749237939715385,53.0,0.03149164095520973,0.0,,-53.0,0.001046138466335833,,0.0,0.0,30.0,0.007673430722206831,0.003718508407473564,0.003954922314733267,13.0,0.005662737414240837,47.0,0.005646944046020508,34.0,0.00011827607522718608,0.00011920509859919548,0.24136754870414734,0.11121976375579834,1.0,0.2998696565628052,0.21649354696273804,0.08337610960006714,0.0,,15.0,0.25908833742141724,15.0,,0.002912951400503516,4.120501518249512,0.9813451766967773,False
1500635HAPPNP,0,2020,1,Mixed,False,58,True,1.0,0.10908174514770508,0.10184215009212494,0.007239595055580139,1.0,0.10908174514770508,338.0,0.10470036417245865,337.0,,1.3001130355405621e-05,0.31965988874435425,0.014133453369140625,338.0,0.3300199508666992,0.3203393816947937,0.009680569171905518,1.0,0.328137069940567,338.0,0.3300199508666992,337.0,5.587183750321856e-06,,0.9857876896858215,0.02476954460144043,1.0,0.04417918995022774,0.03626038506627083,0.00791880488395691,1.0,0.04417918995022774,0.0,,-1.0,,,0.0,0.0,1.0,0.011394270695745945,0.0070318737998604774,0.0043623968958854675,1.0,0.011394270695745945,338.0,0.003345431759953499,337.0,,2.3883794710855e-05,0.0216730497777462,0.0005774274468421936,1.0,0.6610894203186035,0.44812721014022827,0.21296221017837524,1.0,0.6610894203186035,338.0,0.26371636986732483,337.0,,0.0011791485594585538,1.3694310188293457,0.025049448013305664,False
1500635JOHNNYP,0,2021,1,Herbicide,False,213,True,122.0,0.865304708480835,0.3923482596874237,0.47295644879341125,98.0,0.6213861703872681,154.0,0.7084826827049255,56.0,0.010163272731006145,0.0049006883054971695,44.8393440246582,22.671672821044922,118.0,0.8460790514945984,0.46777141094207764,0.37830764055252075,94.0,0.6609896421432495,154.0,0.6732301115989685,60.0,0.00771205872297287,0.0048013594932854176,47.164649963378906,18.86447525024414,118.0,0.6602198481559753,0.22158868610858917,0.43863117694854736,94.0,0.44213882088661194,153.0,0.4434923231601715,59.0,0.009086709469556808,0.006192214787006378,34.61588668823242,21.32056427001953,127.0,0.055112555623054504,0.02295045740902424,0.032162100076675415,94.0,0.038539182394742966,154.0,0.04340532794594765,60.0,0.0005022234399802983,0.00043360103154554963,3.012160301208496,1.6236578226089478,154.0,0.8386794328689575,0.5196521878242493,0.31902724504470825,118.0,0.6807125806808472,0.0,,-118.0,0.004387968219816685,,0.0,0.0,True
1500635MALAGAP,0,2019,0,No,False,61,False,305.0,0.09207092225551605,0.07832914590835571,0.01374177634716034,0.0,,312.0,0.08530595898628235,312.0,,0.0009664233075454831,0.663503110408783,0.07603448629379272,354.0,0.27917248010635376,0.2612551152706146,0.017917364835739136,344.0,0.27055856585502625,363.0,0.2697298526763916,19.0,0.0008613914251327515,0.0010491808643564582,5.51318359375,0.28808116912841797,305.0,0.014772926457226276,0.004911254160106182,0.009861672297120094,0.0,,337.0,0.009686863981187344,337.0,,0.00015893945237621665,0.4282640516757965,0.26864829659461975,363.0,0.007810171227902174,0.004901253618299961,0.002908917609602213,348.0,0.00637079169973731,365.0,0.007772471755743027,17.0,9.595863230060786e-05,1.884973607957363e-05,0.12787605822086334,0.042104125022888184,305.0,0.4108217656612396,0.2535461485385895,0.15727561712265015,0.0,,310.0,0.3358503580093384,310.0,,0.014994281344115734,2.034022092819214,0.6395182609558105,False
1500635MALAGAP,1,2020,1,Herbicide,False,366,False,91.0,0.7528820633888245,0.05544823035597801,0.6974338293075562,64.0,0.4109455645084381,116.0,0.40316733717918396,52.0,0.012664314359426498,0.013988588936626911,33.07008361816406,30.13132667541504,91.0,0.7935424447059631,0.2233467996120453,0.5701956748962402,60.0,0.5062326192855835,119.0,0.5044630169868469,59.0,0.009268058463931084,0.010324264876544476,41.370121002197266,27.96931266784668,91.0,0.6139898300170898,-0.014836719259619713,0.6288265585899353,61.0,0.2953701317310333,117.0,0.2997475266456604,56.0,0.010620656423270702,0.012086242437362671,28.480392456054688,29.326086044311523,95.0,0.052392296493053436,0.003239525482058525,0.04915276914834976,62.0,0.027289167046546936,120.0,0.02721741609275341,58.0,0.0007607009029015899,0.0010069952113553882,2.5661673545837402,2.375035285949707,101.0,0.5752236247062683,0.1568746566772461,0.4183489680290222,75.0,0.3705814480781555,216.0,0.36623334884643555,141.0,0.007870852947235107,0.00181730673648417,55.91718673706055,33.64098358154297,True
1500635MALAGAP,2,2021,0,No,False,59,False,59.0,0.20500390231609344,0.13573798537254333,0.06926591694355011,53.0,0.168430358171463,0.0,,-53.0,0.00609559053555131,,0.0,0.0,59.0,0.32505759596824646,0.2803483307361603,0.04470926523208618,54.0,0.30310437083244324,0.0,,-54.0,0.00439064484089613,,0.0,0.0,59.0,0.10707814246416092,0.05847834795713425,0.04859979450702667,53.0,0.08118169754743576,0.0,,-53.0,0.0043160743080079556,,0.0,0.0,32.0,0.005977032706141472,0.004364124499261379,0.0016129082068800926,14.0,0.005200028419494629,50.0,0.005174480378627777,36.0,4.316690319683403e-05,4.458623880054802e-05,0.21013259887695312,0.04865999519824982,1.0,0.2405983805656433,0.21400487422943115,0.026593506336212158,0.0,,5.0,0.22679679095745087,5.0,,0.003450397402048111,1.0477389097213745,0.08471697568893433,False
1500635MTWP,0,2020,1,Fungicide,False,352,True,145.0,0.8190431594848633,0.024143844842910767,0.7948993444442749,112.0,0.4216804802417755,186.0,0.42404457926750183,74.0,0.01204129308462143,0.009634112007915974,51.43598175048828,49.62519454956055,143.0,0.8055617809295654,0.2184949815273285,0.5870667695999146,111.0,0.5157045722007751,189.0,0.5160580277442932,78.0,0.009058037772774696,0.006293559912592173,56.06310272216797,38.801998138427734,142.0,0.6188430190086365,-0.03762740641832352,0.6564704179763794,110.0,0.2834288775920868,186.0,0.28975921869277954,76.0,0.010481691919267178,0.007479177322238684,38.86056137084961,41.75787353515625,152.0,0.05898873135447502,0.004839700646698475,0.05414903163909912,106.0,0.032000210136175156,191.0,0.0313701331615448,85.0,0.0005867069703526795,0.0007081691874191165,4.290885925292969,3.874671697616577,166.0,0.9144467115402222,0.2680233120918274,0.6464233994483948,102.0,0.59031742811203,194.0,0.5986382365226746,92.0,0.005064520053565502,0.01127887424081564,70.48783111572266,45.56166458129883,True
1500635MTWP,1,2021,1,Herbicide,False,375,True,115.0,0.8318115472793579,0.05549411103129387,0.7763174176216125,80.0,0.4429011046886444,147.0,0.4356728792190552,67.0,0.011111726984381676,0.01237933337688446,47.28489685058594,43.51129913330078,110.0,0.851601243019104,0.22627490758895874,0.6253263354301453,74.0,0.5397815704345703,148.0,0.5323397517204285,74.0,0.008661657571792603,0.008401618339121342,55.86593246459961,38.89531326293945,110.0,0.6617929339408875,-0.0023040887899696827,0.664097011089325,77.0,0.33708909153938293,145.0,0.3262626826763153,68.0,0.009839510545134544,0.009586578235030174,37.84906768798828,38.00804901123047,113.0,0.05678357928991318,0.004913997836410999,0.05186958238482475,68.0,0.030440179631114006,145.0,0.03142371401190758,77.0,0.0005854088813066483,0.000792495789937675,3.705634593963623,3.322342872619629,124.0,0.8597427606582642,0.28266122937202454,0.577081561088562,77.0,0.5710324048995972,152.0,0.5737231969833374,75.0,0.006142773665487766,0.01021498441696167,55.75083541870117,34.268585205078125,True
1500635NCANALP,0,2020,1,Herbicide,False,162,True,107.0,0.7403411269187927,0.029271941632032394,0.7110691666603088,77.0,0.391186386346817,133.0,0.38097140192985535,56.0,0.011638491414487362,0.013821912929415703,34.706783294677734,33.03828430175781,105.0,0.8074277639389038,0.23952332139015198,0.5679044723510742,73.0,0.5172700881958008,132.0,0.527929425239563,59.0,0.00906742736697197,0.010351790115237236,42.11943817138672,27.74803924560547,105.0,0.6147876381874084,-0.03530411794781685,0.6500917673110962,74.0,0.294256329536438,132.0,0.2824878394603729,58.0,0.010339719243347645,0.01230739988386631,29.215652465820312,31.298595428466797,111.0,0.06204540282487869,-0.0009848559275269508,0.06303025782108307,78.0,0.030373813584446907,137.0,0.03112470917403698,59.0,0.0009597452008165419,0.0011892574839293957,3.0071465969085693,3.0662379264831543,120.0,0.6043198108673096,0.1724972426891327,0.4318225681781769,92.0,0.38499170541763306,140.0,0.3923951983451843,48.0,0.00783314649015665,0.010596230626106262,25.310501098632812,16.858135223388672,True
1500635NLINP,0,2020,1,Mixed,False,162,True,104.0,0.776011049747467,0.06046205386519432,0.7155489921569824,77.0,0.42565858364105225,129.0,0.42788171768188477,52.0,0.012976016849279404,0.013925173319876194,34.34901428222656,31.1445255279541,102.0,0.8052257299423218,0.2672538161277771,0.5379719138145447,72.0,0.5410049557685852,129.0,0.5314459800720215,57.0,0.008807359263300896,0.010139990597963333,41.06782913208008,25.567106246948242,102.0,0.6124964952468872,-0.005223460029810667,0.6177199482917786,72.0,0.3036368191242218,129.0,0.29458844661712646,57.0,0.01029532216489315,0.011774372309446335,28.956031799316406,29.25899314880371,106.0,0.05650760978460312,0.003955982159823179,0.05255162715911865,69.0,0.030083894729614258,132.0,0.03095482476055622,63.0,0.0007141544483602047,0.000982799450866878,3.0493838787078857,2.79620099067688,118.0,0.7434103488922119,0.3243873715400696,0.41902297735214233,61.0,0.5384505391120911,142.0,0.5367631912231445,81.0,0.0035957861691713333,0.008610297925770283,56.223960876464844,29.62419891357422,True
1500635NLINP,1,2021,1,Mixed,False,320,True,141.0,0.8403067588806152,0.04892004653811455,0.7913867235183716,112.0,0.4521131217479706,182.0,0.4396302402019501,70.0,0.013385987840592861,0.009772597812116146,48.8173713684082,45.34404754638672,140.0,0.8443450927734375,0.16492414474487305,0.6794209480285645,107.0,0.4979707598686218,191.0,0.5058825612068176,84.0,0.010496191680431366,0.006636520382016897,61.23005676269531,47.21150588989258,139.0,0.6473885178565979,-0.00744271744042635,0.6548312306404114,110.0,0.31648901104927063,185.0,0.31477993726730347,75.0,0.01141032762825489,0.007230621296912432,39.5777473449707,40.143394470214844,150.0,0.05495931953191757,0.0021201632916927338,0.05283915624022484,108.0,0.02792276442050934,191.0,0.02903096191585064,83.0,0.0006437274860218167,0.0006323989946395159,3.8905322551727295,3.7124385833740234,162.0,0.8576198816299438,0.2944127917289734,0.5632070899009705,110.0,0.5738770365715027,195.0,0.579027533531189,85.0,0.005456593353301287,0.00844219233840704,63.909873962402344,38.590370178222656,True
1500635PEACH55P,0,2021,1,Herbicide,False,213,True,125.0,0.8496002554893494,0.3818672299385071,0.4677330255508423,102.0,0.6226104497909546,154.0,0.6837111711502075,52.0,0.009869121946394444,0.005720313172787428,40.905914306640625,20.857887268066406,120.0,0.847466230392456,0.4639291763305664,0.38353705406188965,95.0,0.6514663696289062,154.0,0.6627681851387024,59.0,0.007839994505047798,0.005432295612990856,46.290489196777344,18.68670654296875,120.0,0.6614307761192322,0.21132910251617432,0.45010167360305786,96.0,0.43060219287872314,152.0,0.434427410364151,56.0,0.00961785763502121,0.007093855179846287,32.818363189697266,20.772602081298828,134.0,0.0557158924639225,0.028213338926434517,0.027502553537487984,102.0,0.04157743602991104,154.0,0.053566426038742065,52.0,0.0004418267635628581,0.00010747332271421328,2.741361618041992,1.2601611614227295,154.0,0.808597207069397,0.5257973074913025,0.2827998995780945,122.0,0.6694810390472412,0.0,,-122.0,0.0043473802506923676,,0.0,0.0,True
1500635PEACH75P,0,2020,1,Mixed,False,162,True,120.0,0.8826088309288025,0.11070505529642105,0.7719037532806396,88.0,0.501829206943512,150.0,0.5020278096199036,62.0,0.011899363249540329,0.012686033733189106,47.455345153808594,40.480926513671875,116.0,0.8500055074691772,0.29351046681404114,0.5564950704574585,84.0,0.5788947939872742,149.0,0.5743304491043091,65.0,0.008472209796309471,0.00835378933697939,49.97404098510742,30.60235023498535,116.0,0.6679726243019104,0.02941032499074936,0.6385623216629028,84.0,0.3454626500606537,149.0,0.3414539098739624,65.0,0.010078436695039272,0.009894506074488163,36.772926330566406,34.831844329833984,128.0,0.058273132890462875,0.007929394021630287,0.05034373700618744,78.0,0.03280172124505043,153.0,0.03273976221680641,75.0,0.0005094282096251845,0.0010213347850367427,3.772771120071411,3.170137405395508,139.0,0.7280957698822021,0.3571712374687195,0.37092453241348267,67.0,0.5377179384231567,161.0,0.5468083024024963,94.0,0.0026441365480422974,0.00824033934623003,62.7300910949707,28.79882049560547,True
1500635PECK1P,0,2020,1,Fungicide,False,202,True,137.0,0.8081042170524597,0.07751965522766113,0.7305845618247986,107.0,0.4393464922904968,175.0,0.44503191113471985,68.0,0.012291924096643925,0.00955453421920538,46.99472427368164,41.64586639404297,135.0,0.8218728303909302,0.23449990153312683,0.587372899055481,105.0,0.5324822664260864,176.0,0.5303136110305786,71.0,0.009646352380514145,0.007111200597137213,51.888824462890625,35.00482940673828,135.0,0.6374651789665222,0.013114523142576218,0.6243506669998169,106.0,0.33361324667930603,173.0,0.3286440968513489,67.0,0.01047765277326107,0.008126870729029179,35.94818878173828,35.056400299072266,147.0,0.05454237759113312,0.004108925350010395,0.0504334531724453,100.0,0.029310837388038635,182.0,0.029080001637339592,82.0,0.0005368412821553648,0.0007274964591488242,3.8263349533081055,3.4852941036224365,162.0,0.8810254335403442,0.30354467034339905,0.5774807929992676,81.0,0.5937021374702454,188.0,0.5904229283332825,107.0,0.0035472011659294367,0.011177019216120243,79.72754669189453,46.94472122192383,True
1500635PECK1P,1,2021,1,Other,False,67,True,330.0,0.09222503751516342,0.0684521347284317,0.02377290278673172,311.0,0.0804470032453537,347.0,0.08042694628238678,36.0,0.0006198965129442513,0.0006940053426660597,3.2428598403930664,0.7101309299468994,332.0,0.286050945520401,0.18881605565547943,0.09723488986492157,306.0,0.24643784761428833,349.0,0.23466546833515167,43.0,0.0015235806349664927,0.003022675169631839,11.746488571166992,3.438582420349121,328.0,0.024203481152653694,0.005646923556923866,0.018556557595729828,312.0,0.014508702792227268,345.0,0.01461258064955473,33.0,0.0006059236475266516,0.0005641705938614905,0.6943642497062683,0.5023688673973083,365.0,0.03693489730358124,0.018959375098347664,0.017975522205233574,359.0,0.02727031707763672,0.0,,-359.0,0.0016107633709907532,,0.0,0.0,365.0,0.615717351436615,0.4260232448577881,0.1896941065788269,360.0,0.5139686465263367,0.0,,-360.0,0.020349740982055664,,0.0,0.0,False
1500635PECK2P,0,2021,1,Mixed,False,266,True,139.0,0.8703961372375488,0.027033904567360878,0.8433622121810913,107.0,0.4488028883934021,175.0,0.4564835727214813,68.0,0.013174789026379585,0.011497571133077145,50.018653869628906,48.15331268310547,137.0,0.8662242293357849,0.21112577617168427,0.6550984382629395,105.0,0.5446117520332336,177.0,0.5348653197288513,72.0,0.010050389915704727,0.00828397274017334,55.024993896484375,39.61281204223633,136.0,0.6814354062080383,-0.03457203507423401,0.7160074710845947,106.0,0.33266815543174744,174.0,0.32606813311576843,68.0,0.01162557490170002,0.009351770393550396,38.480220794677734,40.865692138671875,148.0,0.05466405674815178,-0.0021337252110242844,0.056797780096530914,99.0,0.026097605004906654,184.0,0.0258667953312397,85.0,0.0005829888395965099,0.0007999239023774862,3.919478178024292,4.102978706359863,162.0,0.8829289078712463,0.2963126599788666,0.5866162776947021,108.0,0.588830292224884,190.0,0.5820435285568237,82.0,0.005446270573884249,0.01074590627104044,62.771514892578125,38.17756652832031,True
1500635PECK3P,0,2020,0,No,False,61,False,344.0,0.10074660927057266,0.08352745324373245,0.01721915602684021,327.0,0.09234202653169632,358.0,0.09258291870355606,31.0,0.0004943872336298227,0.0005831207381561399,3.119582176208496,0.4467036724090576,347.0,0.33065536618232727,0.2988130748271942,0.03184229135513306,328.0,0.3143326938152313,360.0,0.3150542676448822,32.0,0.0008590880315750837,0.001200084458105266,10.6973237991333,0.836491584777832,327.0,0.023656059056520462,0.014380645006895065,0.009275414049625397,306.0,0.022877980023622513,354.0,0.01895005628466606,48.0,3.70513807865791e-05,0.00017429639410693198,1.0913746356964111,0.39391326904296875,1.0,0.008545273914933205,0.00578727200627327,0.002758001908659935,0.0,,306.0,0.0030796555802226067,306.0,,1.7920059690368362e-05,0.005812464747577906,2.5192741304636e-05,1.0,0.6774619221687317,0.436288058757782,0.2411738634109497,0.0,,0.0,,0.0,,,0.0,0.0,False
1500635PECK3P,1,2021,1,Fungicide,False,365,False,97.0,0.7789450883865356,0.06791462749242783,0.7110304832458496,68.0,0.4216700494289398,122.0,0.4272158145904541,54.0,0.012319829314947128,0.01406917069107294,35.499393463134766,31.764089584350586,96.0,0.8636893033981323,0.24127453565597534,0.622414767742157,65.0,0.5459340214729309,123.0,0.5465413928031921,58.0,0.010250170715153217,0.011746219359338284,43.96763610839844,29.732437133789062,95.0,0.6670218110084534,-0.0033646144438534975,0.6703864336013794,66.0,0.3389832377433777,121.0,0.3246229290962219,55.0,0.011311674490571022,0.013169188052415848,30.391141891479492,30.579561233520508,97.0,0.056331995874643326,0.004567311145365238,0.05176468566060066,62.0,0.030894963070750237,122.0,0.03056987188756466,60.0,0.0007267723558470607,0.001030484912917018,2.863462448120117,2.5848565101623535,108.0,0.7971318364143372,0.3608742356300354,0.43625760078430176,63.0,0.57952481508255,132.0,0.5839249491691589,69.0,0.004835711792111397,0.008883620612323284,48.784690856933594,23.523494720458984,True
1500635PECK3P,2,2022,0,No,False,59,False,18.0,0.15453776717185974,0.11096829175949097,0.043569475412368774,5.0,0.1316765993833542,33.0,0.13328392803668976,28.0,0.0017585513414815068,0.0014169226633384824,4.228896141052246,1.0108156204223633,29.0,0.3124961853027344,0.25900259613990784,0.05349358916282654,14.0,0.2868693172931671,48.0,0.28646454215049744,34.0,0.0017084578284993768,0.00137008645106107,10.582084655761719,1.5169944763183594,18.0,0.05037086084485054,0.026257868856191635,0.024112991988658905,5.0,0.03816656768321991,33.0,0.038783736526966095,28.0,0.0009387917816638947,0.0007724749739281833,1.325754165649414,0.5642759799957275,1.0,0.0043800510466098785,0.003683932591229677,0.0006961184553802013,0.0,,8.0,0.004005053546279669,8.0,,5.357107147574425e-05,0.03141793608665466,0.0037884414196014404,35.0,0.32335811853408813,0.20481044054031372,0.11854767799377441,19.0,0.26536500453948975,53.0,0.26489925384521484,34.0,0.0036245696246623993,0.003247714601457119,10.547423362731934,3.379058361053467,False
1500635PECK4P,0,2021,1,Fungicide,False,154,True,95.0,0.7325625419616699,0.03724812716245651,0.6953144073486328,69.0,0.388947993516922,118.0,0.37536272406578064,49.0,0.013215944170951843,0.015530426986515522,29.853641510009766,27.991235733032227,94.0,0.8331977128982544,0.21526306867599487,0.6179346442222595,66.0,0.5196027159690857,117.0,0.5291416049003601,51.0,0.011199821718037128,0.013219830580055714,37.125335693359375,25.931655883789062,94.0,0.6339015364646912,-0.029805030673742294,0.6637065410614014,67.0,0.3090530335903168,116.0,0.3134737014770508,49.0,0.012031425721943378,0.01456490159034729,25.499027252197266,26.98927879333496,93.0,0.05347072705626488,0.002267220988869667,0.05120350420475006,59.0,0.0283249132335186,117.0,0.028325317427515984,58.0,0.0007395827560685575,0.0010477254400029778,2.6070284843444824,2.4732625484466553,102.0,0.7420859932899475,0.4493889808654785,0.292697012424469,67.0,0.5955783724784851,121.0,0.5966171622276306,54.0,0.004185932222753763,0.007656254339963198,37.33563995361328,12.619247436523438,True
1500635PECK5P,0,2020,1,Mixed,False,58,True,338.0,0.10066995024681091,0.08896350860595703,0.011706441640853882,1.0,0.09180191904306412,338.0,0.10066995024681091,337.0,2.6314632123103365e-05,,0.28776323795318604,0.02087271213531494,338.0,0.3405543863773346,0.2760019600391388,0.0645524263381958,1.0,0.27828657627105713,338.0,0.3405543863773346,337.0,0.00018477094999980181,,0.9249730110168457,0.09696710109710693,338.0,0.026292117312550545,0.018679238855838776,0.007612878456711769,1.0,0.020958224311470985,338.0,0.026292117312550545,337.0,1.5827576135052368e-05,,0.07024673372507095,0.014209017157554626,1.0,0.008003365248441696,0.005177621264010668,0.0028257439844310284,1.0,0.008003365248441696,338.0,0.0029680482111871243,337.0,,1.4941593690309674e-05,0.01614341139793396,0.0006105471402406693,1.0,0.7496692538261414,0.46174508333206177,0.2879241704940796,1.0,0.7496692538261414,338.0,0.21778859198093414,337.0,,0.0015782809350639582,1.42718505859375,0.04194974899291992,False
1500635RIDIANEP,0,2021,1,Mixed,False,200,True,129.0,0.8558535575866699,0.16850022971630096,0.6873533129692078,99.0,0.5028908848762512,180.0,0.5078595280647278,81.0,0.01176542229950428,0.006823412142693996,59.21855545043945,45.40153884887695,126.0,0.8398863077163696,0.34720396995544434,0.4926823377609253,96.0,0.592562198638916,184.0,0.5914749503135681,88.0,0.008244137279689312,0.00428295461460948,66.53681945800781,35.63566589355469,126.0,0.6432319283485413,0.0931544080376625,0.550077497959137,96.0,0.3751208782196045,182.0,0.36783367395401,86.0,0.008937034755945206,0.004917826037853956,46.987361907958984,38.88292694091797,139.0,0.04453608766198158,0.020619604736566544,0.02391648292541504,99.0,0.032382238656282425,200.0,0.037961509078741074,101.0,0.00030384623096324503,0.00010777997522382066,4.18768310546875,2.0947933197021484,154.0,0.7826108336448669,0.4195826053619385,0.36302822828292847,117.0,0.5965343713760376,200.0,0.7035588622093201,83.0,0.005029093474149704,0.0017185211181640625,61.27375793457031,26.23861312866211,True
1500635RIDIANWP,0,2020,1,Fungicide,False,189,True,142.0,0.916745662689209,0.09053722023963928,0.8262084722518921,105.0,0.49362877011299133,173.0,0.5058128833770752,68.0,0.011435591615736485,0.013255896046757698,53.56406021118164,47.316993713378906,140.0,0.860684871673584,0.24316692352294922,0.6175179481506348,102.0,0.555665910243988,173.0,0.5618143677711487,71.0,0.00802681501954794,0.009056681767106056,55.02574920654297,37.517730712890625,139.0,0.6771988868713379,0.025802891701459885,0.6513959765434265,102.0,0.3535918593406677,172.0,0.3611319363117218,70.0,0.008746135979890823,0.009577786549925804,40.6913948059082,38.85939025878906,142.0,0.04296789690852165,0.005599935073405504,0.037367962300777435,100.0,0.023956742137670517,174.0,0.023910172283649445,74.0,0.0004526465490926057,0.0005955538945272565,2.7556960582733154,2.3357009887695312,156.0,0.7487781047821045,0.19904041290283203,0.5497376918792725,120.0,0.4752781093120575,180.0,0.4819788336753845,60.0,0.007597221992909908,0.011116635985672474,39.6872673034668,27.54580307006836,True
1500635RIDIANWP,1,2021,1,Fungicide,False,220,True,130.0,0.8481401205062866,0.04221575707197189,0.8059243559837341,97.0,0.4554111361503601,179.0,0.44894203543663025,82.0,0.011900878511369228,0.008146899752318859,59.09608840942383,55.59218215942383,126.0,0.842164158821106,0.20200160145759583,0.6401625871658325,92.0,0.5167092084884644,182.0,0.5283161401748657,90.0,0.009572204202413559,0.005604428704828024,67.23443603515625,48.852291107177734,126.0,0.644582211971283,-0.009264233522117138,0.6538464426994324,93.0,0.3207198679447174,181.0,0.3107611835002899,88.0,0.009814010001718998,0.006069473456591368,47.583396911621094,48.40791320800781,126.0,0.04384663328528404,0.0026055839844048023,0.04124104976654053,90.0,0.022900667041540146,190.0,0.023013370111584663,100.0,0.0005818323697894812,0.0003255197370890528,3.8799023628234863,3.6167383193969727,156.0,0.7996375560760498,0.24518480896949768,0.5544527769088745,110.0,0.51738041639328,194.0,0.5190911293029785,84.0,0.006136024836450815,0.007382800802588463,59.07472229003906,38.234012603759766,True
1500635SABOP,0,2020,0,No,False,61,False,338.0,0.085138238966465,0.07906889915466309,0.00606933981180191,320.0,0.08197956532239914,353.0,0.08221153169870377,33.0,0.0001754818658810109,0.00019511381105985492,2.8555045127868652,0.1671619415283203,335.0,0.32187941670417786,0.29326027631759644,0.02861914038658142,318.0,0.30688968300819397,353.0,0.3071839511394501,35.0,0.0008817490306682885,0.0008164147729985416,11.389275550842285,0.8319053649902344,326.0,0.016537537798285484,0.011428717523813248,0.005108820274472237,306.0,0.015159170143306255,339.0,0.014028852805495262,33.0,6.89183798385784e-05,0.00019297577091492712,0.5261016488075256,0.14323961734771729,1.0,0.0044082412496209145,0.004180298652499914,0.0002279425971210003,0.0,,306.0,0.004144534934312105,306.0,,8.646108540233399e-07,0.0042763883247971535,9.60896722972393e-05,330.0,0.24621304869651794,0.21821187436580658,0.028001174330711365,313.0,0.24340932071208954,353.0,0.23241597414016724,40.0,0.00016492517897859216,0.0005998727865517139,9.983499526977539,1.036813735961914,False
1500635SABOP,1,2021,1,Herbicide,False,365,False,122.0,0.8771270513534546,0.0655723437666893,0.8115547299385071,90.0,0.47281286120414734,156.0,0.4663594365119934,66.0,0.012634818442165852,0.012081400491297245,49.177589416503906,44.78424072265625,117.0,0.8697814345359802,0.2444620579481125,0.6253193616867065,85.0,0.5619592666625977,217.0,0.5587703585624695,132.0,0.009619442746043205,0.0031101107597351074,83.338623046875,50.825172424316406,117.0,0.6878383755683899,0.008177165873348713,0.679661214351654,87.0,0.35641831159591675,210.0,0.34889745712280273,123.0,0.011047335341572762,0.0036445260047912598,50.10088348388672,49.0869140625,130.0,0.061112020164728165,0.004941606894135475,0.05617041140794754,86.0,0.03307054936885834,161.0,0.0331362746655941,75.0,0.0006373061332851648,0.0009024434257298708,3.895597219467163,3.5200350284576416,141.0,0.8138928413391113,0.18965336680412292,0.624239444732666,72.0,0.500584065914154,173.0,0.504503607749939,101.0,0.004540706984698772,0.009668413549661636,68.65754699707031,49.312904357910156,True
1500635SABOP,2,2022,0,No,False,59,False,15.0,0.09897320717573166,0.09268166124820709,0.006291545927524567,6.0,0.09570656716823578,50.0,0.09580809623003006,44.0,0.0003629600105341524,9.043174213729799e-05,4.393459320068359,0.22278451919555664,28.0,0.37236297130584717,0.26999175548553467,0.1023712158203125,11.0,0.3196023404598236,46.0,0.3212313950061798,35.0,0.003103566588833928,0.002840643050149083,12.686260223388672,2.9665565490722656,28.0,0.030789243057370186,0.021751396358013153,0.009037846699357033,12.0,0.026372700929641724,51.0,0.026269424706697464,39.0,0.0002760338829830289,0.00019651383627206087,1.1567809581756592,0.28672516345977783,59.0,0.024811461567878723,0.015001595951616764,0.009809865616261959,53.0,0.020007427781820297,0.0,,-53.0,0.0008006722782738507,,0.0,0.0,59.0,0.713939905166626,0.43936702609062195,0.27457287907600403,46.0,0.5754782557487488,0.0,,-46.0,0.010650896467268467,,0.0,0.0,False
1500635SAND1P,0,2020,1,Mixed,False,162,True,118.0,0.7591179609298706,0.10759804397821426,0.6515198945999146,88.0,0.439617395401001,149.0,0.42721572518348694,61.0,0.01065001916140318,0.010706523433327675,39.933616638183594,33.26253890991211,116.0,0.8070452213287354,0.2634146213531494,0.5436305999755859,85.0,0.5352330803871155,148.0,0.5312259793281555,63.0,0.008768133819103241,0.00861935131251812,45.4495849609375,28.591049194335938,114.0,0.6213139295578003,0.04313802719116211,0.5781759023666382,84.0,0.33232221007347107,146.0,0.3382384777069092,62.0,0.009633057750761509,0.008846107870340347,32.64905548095703,29.931360244750977,117.0,0.05933128669857979,0.006978974211961031,0.052352312952280045,82.0,0.03267303854227066,148.0,0.03315708786249161,66.0,0.0007616642396897078,0.0008443290134891868,3.339909791946411,2.8723185062408447,130.0,0.7587499618530273,0.1800263673067093,0.5787236094474792,103.0,0.46823376417160034,152.0,0.47307780385017395,49.0,0.010759859345853329,0.01298509817570448,32.40191650390625,23.400598526000977,True
1500635SAND1P,1,2021,1,Mixed,False,320,True,129.0,0.5939581394195557,0.03361281752586365,0.5603452920913696,99.0,0.30951201915740967,155.0,0.3046782612800598,56.0,0.009481537155807018,0.011126149445772171,27.885784149169922,25.9698543548584,126.0,0.7220926880836487,0.13257145881652832,0.5895212292671204,95.0,0.4209900200366974,156.0,0.4228305518627167,61.0,0.009712989442050457,0.009975404478609562,37.976070404052734,29.75663948059082,126.0,0.49423667788505554,-0.011455629020929337,0.5056923031806946,97.0,0.23513151705265045,154.0,0.23356091976165771,57.0,0.008934659883379936,0.00930984877049923,23.202571868896484,23.86699867248535,127.0,0.04939652979373932,0.0019809354562312365,0.0474155955016613,96.0,0.02569827251136303,156.0,0.026214437559247017,60.0,0.0007644598954357207,0.0007993825129233301,2.4900240898132324,2.369187116622925,136.0,0.6402434706687927,0.17944732308387756,0.46079614758491516,110.0,0.403689444065094,274.0,0.41007909178733826,164.0,0.009098231792449951,0.0016678578685969114,71.50031280517578,41.891510009765625,True
1500635SAND2P,0,2020,1,Mixed,False,162,True,116.0,0.7770317792892456,0.07227003574371338,0.7047617435455322,87.0,0.4267675280570984,145.0,0.4192606210708618,58.0,0.012078077532351017,0.01233693677932024,38.34764862060547,34.083717346191406,115.0,0.8072905540466309,0.24153229594230652,0.565758228302002,84.0,0.5219560265541077,144.0,0.5208314657211304,60.0,0.009204339236021042,0.009877899661660194,42.94526290893555,28.2117919921875,114.0,0.6257066130638123,0.015847740694880486,0.6098588705062866,84.0,0.3268302083015442,143.0,0.3250150978565216,59.0,0.00996254663914442,0.010368673130869865,31.016042709350586,30.06517791748047,117.0,0.06175651773810387,0.004471120424568653,0.05728539824485779,81.0,0.03359847143292427,144.0,0.03357459232211113,63.0,0.0007821679464541376,0.0010437750024721026,3.2943344116210938,3.0081827640533447,128.0,0.7818142771720886,0.16168081760406494,0.6201334595680237,100.0,0.4711570143699646,149.0,0.4780794084072113,49.0,0.011094902642071247,0.014463565312325954,32.984527587890625,24.90048599243164,True
1500635SAND2P,1,2021,1,Mixed,False,320,True,128.0,0.7246991991996765,0.03189477697014809,0.6928043961524963,98.0,0.3872807025909424,156.0,0.37923675775527954,58.0,0.011247282847762108,0.012337944470345974,35.515594482421875,33.63380432128906,125.0,0.8137062788009644,0.13800348341464996,0.6757028102874756,93.0,0.47056686878204346,157.0,0.4760883152484894,64.0,0.010723106563091278,0.010550561361014843,44.89167022705078,35.921443939208984,124.0,0.602599561214447,-0.0153849758207798,0.6179845333099365,95.0,0.2856961488723755,154.0,0.3011738657951355,59.0,0.01092770416289568,0.01004752330482006,29.387243270874023,30.310340881347656,127.0,0.05496726930141449,0.0012532764812931418,0.05371399223804474,93.0,0.027514765039086342,159.0,0.027634168043732643,66.0,0.0008074265788309276,0.0008541594143025577,3.0451278686523438,2.961158275604248,137.0,0.7567383646965027,0.11944213509559631,0.637296199798584,107.0,0.43891841173171997,162.0,0.4371092617511749,55.0,0.010593998245894909,0.012785163708031178,35.50153732299805,28.81277847290039,True
1500635SAND3P,0,2021,1,Mixed,False,255,True,130.0,0.8842542767524719,0.01609000191092491,0.8681643009185791,100.0,0.44297024607658386,160.0,0.43800386786460876,60.0,0.014709467999637127,0.014875013381242752,44.23027038574219,43.248779296875,128.0,0.8730661869049072,0.17391568422317505,0.6991505026817322,96.0,0.5147119760513306,160.0,0.5189741849899292,64.0,0.01119856908917427,0.011065375059843063,48.65754699707031,37.35302734375,127.0,0.6854997873306274,-0.026155229657888412,0.7116550207138062,97.0,0.3210943639278412,158.0,0.3357359766960144,61.0,0.012146847322583199,0.011282703839242458,34.632118225097656,36.25374221801758,131.0,0.05742765590548515,-0.0007765950867906213,0.058204252272844315,94.0,0.028299512341618538,164.0,0.028073107823729515,70.0,0.0007872471469454467,0.0008895317441783845,3.404541492462158,3.4596798419952393,145.0,0.8796759843826294,0.4124569594860077,0.4672190248966217,97.0,0.6484920978546143,174.0,0.6436588168144226,77.0,0.004816330969333649,0.008138523437082767,60.699466705322266,28.52782440185547,True
1500635SAND4P,0,2020,1,Fungicide,False,352,True,119.0,0.7947632670402527,0.046170275658369064,0.7485929727554321,88.0,0.41603294014930725,151.0,0.42829808592796326,63.0,0.012217107228934765,0.011452036909759045,42.626930236816406,39.67203140258789,117.0,0.8259832859039307,0.19371408224105835,0.6322692036628723,85.0,0.5053556561470032,152.0,0.5011290907859802,67.0,0.010019613429903984,0.009281548671424389,48.58876037597656,35.416202545166016,116.0,0.6451171040534973,-0.002542130881920457,0.6476592421531677,86.0,0.32353830337524414,149.0,0.3280223309993744,63.0,0.010719293728470802,0.00960893277078867,34.077171325683594,34.2398681640625,125.0,0.05589401721954346,0.0026613834779709578,0.05323263257741928,76.0,0.033306244760751724,157.0,0.02878868393599987,81.0,0.00046097495942376554,0.0008470416651107371,3.807788372039795,3.590885639190674,138.0,0.9026553630828857,0.21938353776931763,0.6832718253135681,94.0,0.6335087418556213,164.0,0.5697025060653687,70.0,0.006116968579590321,0.01280587911605835,53.93232345581055,38.35609436035156,True
1500635SAND4P,1,2021,1,Mixed,False,255,True,132.0,0.6896085739135742,0.018058953806757927,0.6715496182441711,101.0,0.34992051124572754,163.0,0.3492838442325592,62.0,0.010957679711282253,0.010978217236697674,35.666561126708984,34.528846740722656,128.0,0.8049801588058472,0.17067959904670715,0.6343005895614624,98.0,0.48067936301231384,162.0,0.4854847192764282,64.0,0.01081002689898014,0.009396924637258053,44.77814483642578,33.6839714050293,128.0,0.5889197587966919,-0.025585956871509552,0.6145057082176208,99.0,0.28328999876976013,160.0,0.2806045114994049,61.0,0.010538957081735134,0.009634851478040218,29.51605796813965,31.102386474609375,130.0,0.053474053740501404,-0.0005600249860435724,0.05403408035635948,96.0,0.026644578203558922,165.0,0.02613208442926407,69.0,0.0007891022250987589,0.0007811991381458938,3.108095645904541,3.1472973823547363,145.0,0.8539644479751587,0.4335455596446991,0.4204188883304596,107.0,0.6404110789299011,181.0,0.6649155020713806,74.0,0.005619825329631567,0.005251359660178423,57.711387634277344,25.19546890258789,True
1500635SAND5P,0,2021,1,Mixed,False,196,True,128.0,0.7479226589202881,0.03051614761352539,0.7174065113067627,98.0,0.3802836835384369,157.0,0.3829416036605835,59.0,0.012254632078111172,0.012585553340613842,36.964962005615234,35.133995056152344,126.0,0.8031519651412964,0.19172289967536926,0.6114290952682495,97.0,0.49860894680023193,156.0,0.5016812682151794,59.0,0.010501483455300331,0.010049023665487766,41.684303283691406,30.180931091308594,125.0,0.6010679602622986,-0.014563602395355701,0.6156315803527832,97.0,0.2890993356704712,155.0,0.2925376892089844,58.0,0.01114173699170351,0.010284342803061008,28.817829132080078,29.677082061767578,129.0,0.05445828288793564,0.00032231182558462024,0.054135970771312714,93.0,0.026896066963672638,159.0,0.027348244562745094,66.0,0.0007656171219423413,0.0009036679402925074,3.030710458755493,3.00911545753479,196.0,0.9173582196235657,0.5613290667533875,0.3560291528701782,186.0,0.7375847101211548,0.0,,-186.0,0.01797735132277012,,0.0,0.0,True
1500635SAND6P,0,2021,1,Mixed,False,196,True,128.0,0.7437281012535095,0.026772456243634224,0.7169556617736816,97.0,0.393037885427475,160.0,0.3878033757209778,63.0,0.011312587186694145,0.011122647672891617,39.592918395996094,37.87948226928711,125.0,0.7988073229789734,0.19328343868255615,0.6055238842964172,94.0,0.4949728548526764,160.0,0.49916207790374756,66.0,0.009801112115383148,0.008561292663216591,46.4367561340332,33.48676681518555,124.0,0.5964876413345337,-0.018149925395846367,0.614637553691864,94.0,0.28366363048553467,158.0,0.2855047881603241,64.0,0.010427466593682766,0.00914655439555645,31.4969482421875,32.676692962646484,134.0,0.05251408368349075,0.0004526358679868281,0.05206144601106644,96.0,0.0259562861174345,165.0,0.026104746386408806,69.0,0.000698889431077987,0.0008519141119904816,3.0169801712036133,2.9852957725524902,149.0,0.8317975997924805,0.4333930015563965,0.398404598236084,118.0,0.6343292593955994,190.0,0.6518876552581787,72.0,0.006369946524500847,0.004388047382235527,54.50604248046875,22.86835289001465,True
1500635SAND7P,0,2020,1,Mixed,False,162,True,126.0,0.632655143737793,0.19376514852046967,0.4388899803161621,100.0,0.4072513282299042,156.0,0.4146539866924286,56.0,0.00866937730461359,0.007266705390065908,31.574874877929688,20.530261993408203,125.0,0.7061076164245605,0.33380791544914246,0.3722997009754181,98.0,0.5226494073867798,156.0,0.5203571319580078,58.0,0.0067947483621537685,0.00599195109680295,37.75815200805664,18.06348419189453,122.0,0.5043616890907288,0.0940314382314682,0.41033023595809937,96.0,0.29403892159461975,153.0,0.29781025648117065,57.0,0.0080893374979496,0.006662949454039335,24.862083435058594,19.408260345458984,133.0,0.05382653325796127,0.01630186289548874,0.037524670362472534,95.0,0.03470351919531822,158.0,0.03480859845876694,63.0,0.0005032371846027672,0.0007607173756696284,2.9997122287750244,1.9563930034637451,148.0,0.8543143272399902,0.4992087781429291,0.35510554909706116,121.0,0.6751245260238647,162.0,0.8008733987808228,41.0,0.006636659149080515,0.0038172092754393816,33.26047134399414,12.543306350708008,True
1500635SAND8P,0,2020,1,Mixed,False,162,True,128.0,0.8171839118003845,0.2605885863304138,0.5565953254699707,102.0,0.5371310114860535,158.0,0.5395511984825134,56.0,0.010771265253424644,0.009254423901438713,41.04457473754883,26.191024780273438,126.0,0.8233928084373474,0.3829425573348999,0.4404502511024475,100.0,0.608968198299408,159.0,0.597418487071991,59.0,0.008247100748121738,0.006847706623375416,44.7568359375,21.780282974243164,125.0,0.6364293694496155,0.1469949185848236,0.48943445086479187,99.0,0.39168331027030945,155.0,0.39885956048965454,56.0,0.009413310326635838,0.007918993942439556,31.40093421936035,23.02222442626953,139.0,0.05506768822669983,0.026042375713586807,0.029025312513113022,101.0,0.04041888564825058,162.0,0.04791673272848129,61.0,0.00038549481541849673,0.00031091109849512577,3.1195380687713623,1.5179320573806763,162.0,0.973215639591217,0.5891938805580139,0.3840217590332031,133.0,0.7781091928482056,0.0,,-133.0,0.006727808620780706,,0.0,0.0,True
1500635SANDW1P,0,2020,1,Mixed,False,189,True,127.0,0.826414942741394,0.08414797484874725,0.7422669529914856,96.0,0.4586578607559204,165.0,0.46152886748313904,69.0,0.011863132007420063,0.009602265432476997,48.88233184814453,42.991973876953125,126.0,0.8077832460403442,0.2519533038139343,0.5558299422264099,94.0,0.5322722792625427,168.0,0.532538890838623,74.0,0.008609717711806297,0.00655343709513545,53.4761848449707,34.57968521118164,125.0,0.6219860911369324,0.021297182887792587,0.6006889343261719,94.0,0.32347241044044495,164.0,0.3175431787967682,70.0,0.009629474021494389,0.007806228473782539,36.467498779296875,34.95539855957031,140.0,0.05617466941475868,0.006633656099438667,0.049541011452674866,95.0,0.03132190555334091,173.0,0.03189494460821152,78.0,0.0005522836581803858,0.0007357492577284575,3.7024412155151367,3.178382396697998,152.0,0.7611778974533081,0.19013208150863647,0.5710458159446716,118.0,0.4764515459537506,179.0,0.4727534055709839,61.0,0.008374304510653019,0.010682388208806515,40.69318389892578,28.90499496459961,True
1500635SANDW1P,1,2021,1,Mixed,False,320,True,135.0,0.8194422125816345,0.045215971767902374,0.7742262482643127,102.0,0.43874379992485046,172.0,0.42962175607681274,70.0,0.011536315083503723,0.010535688139498234,48.30491638183594,45.094581604003906,132.0,0.841651201248169,0.1427278220653534,0.6989233493804932,97.0,0.49647215008735657,177.0,0.4860125184059143,80.0,0.009862259030342102,0.00790308229625225,58.37213897705078,46.81118392944336,131.0,0.6334731578826904,-0.005194582976400852,0.6386677622795105,99.0,0.3102899491786957,172.0,0.3093041777610779,73.0,0.010099475271999836,0.00790656078606844,38.371856689453125,38.756256103515625,145.0,0.04720250517129898,0.0019636887591332197,0.04523881524801254,98.0,0.025083327665925026,181.0,0.024496417492628098,83.0,0.0004706207837443799,0.00063072465127334,3.4319705963134766,3.2670207023620605,150.0,0.7370461225509644,0.17384251952171326,0.5632035732269287,114.0,0.46073299646377563,185.0,0.45182886719703674,71.0,0.00767536461353302,0.008149064145982265,45.539634704589844,33.022972106933594,True
1500635SANDW2P,0,2020,1,Fungicide,False,352,True,128.0,0.7909561395645142,0.00925548654049635,0.7817006707191467,97.0,0.3916265368461609,159.0,0.4085296094417572,62.0,0.012881600297987461,0.012336339801549911,40.98439407348633,40.40129852294922,128.0,0.8140963912010193,0.17610247433185577,0.6379939317703247,96.0,0.4977983832359314,160.0,0.5000901818275452,64.0,0.009884312748908997,0.009812694042921066,45.66013717651367,34.21347427368164,126.0,0.6274638175964355,-0.03642945736646652,0.6638932824134827,96.0,0.29481813311576843,158.0,0.2945556640625,62.0,0.011088189668953419,0.010403379797935486,31.92630386352539,34.22135925292969,135.0,0.05486506596207619,0.005136916413903236,0.0497281476855278,91.0,0.029625827446579933,163.0,0.030579928308725357,72.0,0.0005736190360039473,0.0008673263364471495,3.3531131744384766,2.978118419647217,148.0,0.838411808013916,0.35636091232299805,0.48205089569091797,105.0,0.6085963249206543,171.0,0.5985338091850281,66.0,0.0053445459343492985,0.010429478250443935,48.480857849121094,24.604677200317383,True
1500635SANDW2P,1,2021,1,Mixed,False,320,True,136.0,0.8159872889518738,0.04797898977994919,0.768008291721344,102.0,0.43312010169029236,176.0,0.42309385538101196,74.0,0.011260800063610077,0.00982233602553606,51.28336715698242,47.68494415283203,132.0,0.8349130749702454,0.14777341485023499,0.687139630317688,97.0,0.4998413324356079,179.0,0.4891435503959656,82.0,0.009573478251695633,0.007356798276305199,60.12212371826172,47.85693359375,131.0,0.6188899278640747,-0.0031503201462328434,0.6220402717590332,99.0,0.3113233149051666,175.0,0.30589255690574646,76.0,0.009611456654965878,0.007113576401025057,39.67870330810547,39.9212760925293,142.0,0.049404170364141464,0.0033024069853127003,0.04610176384449005,98.0,0.025971127673983574,181.0,0.025958092883229256,83.0,0.0005325691308826208,0.0006011814693920314,3.5572547912597656,3.2798526287078857,151.0,0.7570370435714722,0.19478091597557068,0.5622560977935791,116.0,0.47645771503448486,183.0,0.4816955029964447,67.0,0.008016551844775677,0.008604423142969608,44.5892219543457,31.344120025634766,True
1500635SANDW3P,0,2020,1,Mixed,False,345,True,130.0,0.8539012670516968,0.05185013636946678,0.8020511269569397,96.0,0.45595139265060425,168.0,0.44863396883010864,72.0,0.011704407632350922,0.010664928704500198,51.9799690246582,48.194908142089844,127.0,0.8151772618293762,0.19459779560565948,0.6205794811248779,92.0,0.5113499164581299,171.0,0.5043590664863586,79.0,0.008680781349539757,0.007064050063490868,56.70900344848633,41.141178131103516,125.0,0.6258402466773987,-0.0003407523036003113,0.6261810064315796,93.0,0.31235355138778687,166.0,0.3069332242012024,73.0,0.00979645922780037,0.0077782198786735535,37.867958068847656,37.89317321777344,143.0,0.05545216426253319,0.0037513459101319313,0.05170081928372383,92.0,0.029256325215101242,177.0,0.028895046561956406,85.0,0.0005136438994668424,0.0007810916868038476,3.9554781913757324,3.6328625679016113,155.0,0.7624865770339966,0.11214646697044373,0.6503400802612305,115.0,0.43162885308265686,190.0,0.44032591581344604,75.0,0.008271442726254463,0.009204590693116188,47.86442565917969,39.34129333496094,True
1500635SANDW3P,1,2021,0,No,False,320,True,136.0,0.8162741661071777,0.043027713894844055,0.7732464671134949,102.0,0.4314334988594055,176.0,0.4230761229991913,74.0,0.011318842880427837,0.009829951450228691,51.290958404541016,48.063880920410156,132.0,0.835189938545227,0.14249302446842194,0.6926969289779663,97.0,0.4976150095462799,179.0,0.4891340732574463,82.0,0.009644998237490654,0.007362890522927046,60.122901916503906,48.295982360839844,131.0,0.6192205548286438,-0.005654536187648773,0.6248750686645508,99.0,0.3090642988681793,175.0,0.3058778941631317,76.0,0.009692382998764515,0.007121424190700054,39.67763900756836,40.113037109375,142.0,0.049406323581933975,0.0033560614101588726,0.046050261706113815,98.0,0.025923429057002068,181.0,0.025957943871617317,83.0,0.0005337021430023015,0.0006012404919601977,3.557058334350586,3.27514910697937,151.0,0.757034420967102,0.19129034876823425,0.5657440423965454,116.0,0.47675853967666626,184.0,0.46895861625671387,68.0,0.008007882162928581,0.008729569613933563,45.06279754638672,31.86376190185547,True
1500635SANDW3PP,0,2021,1,Mixed,False,200,True,142.0,0.7107694149017334,0.025942543521523476,0.6848268508911133,113.0,0.3746892511844635,168.0,0.372763454914093,55.0,0.011588971130549908,0.013000229373574257,32.755516052246094,31.302734375,140.0,0.7779609560966492,0.17416805028915405,0.6037929058074951,111.0,0.4743790328502655,168.0,0.4836813509464264,57.0,0.01046834234148264,0.010509985499083996,38.70994567871094,28.608200073242188,140.0,0.5670621395111084,-0.02743084914982319,0.5944929718971252,111.0,0.2655930817127228,167.0,0.27569320797920227,56.0,0.01039548497647047,0.010791442357003689,26.03943634033203,27.602994918823242,145.0,0.054197631776332855,-0.001255753799341619,0.05545338615775108,110.0,0.026915905997157097,176.0,0.026043634861707687,66.0,0.0007794778794050217,0.0009081934695132077,2.9561963081359863,3.0403318405151367,152.0,0.6960359215736389,0.27398714423179626,0.42204877734184265,128.0,0.4867174029350281,175.0,0.4808933436870575,47.0,0.008721604943275452,0.00935402512550354,29.585620880126953,16.43423843383789,True
1500635SANDW4P,0,2020,1,Mixed,False,189,True,128.0,0.8273979425430298,0.008937589824199677,0.8184603452682495,94.0,0.4096143841743469,169.0,0.42027565836906433,75.0,0.012287751771509647,0.009929811581969261,52.656951904296875,51.97769546508789,126.0,0.8125205039978027,0.17977339029312134,0.6327471137046814,91.0,0.4915598928928375,169.0,0.4969263970851898,78.0,0.009170303121209145,0.00733939791098237,55.87872314453125,41.67662811279297,125.0,0.6255888342857361,-0.03787738457322121,0.663466215133667,92.0,0.2939291000366211,166.0,0.30113381147384644,74.0,0.010050294920802116,0.007913537323474884,38.34563446044922,41.186439514160156,145.0,0.05588876083493233,2.7690548449754715e-05,0.05586107075214386,98.0,0.028266148641705513,173.0,0.02870907075703144,75.0,0.0005877151270397007,0.0009707032004371285,3.450742721557617,3.4486382007598877,154.0,0.768897533416748,0.22576206922531128,0.5431354641914368,122.0,0.4923943877220154,179.0,0.5043500065803528,57.0,0.008640723302960396,0.010581901296973228,38.543243408203125,25.44904136657715,True
1500635SANDW5P,0,2021,1,Mixed,False,200,True,143.0,0.8235036134719849,0.22701939940452576,0.5964841842651367,112.0,0.5214228630065918,189.0,0.5231431722640991,77.0,0.00974454078823328,0.006529574748128653,55.91895294189453,38.21144104003906,136.0,0.8380569815635681,0.3813166320323944,0.4567403495311737,106.0,0.613772988319397,191.0,0.6110847592353821,85.0,0.007476133294403553,0.004126767627894878,65.09258270263672,32.299354553222656,138.0,0.6430025696754456,0.14914408326148987,0.4938584864139557,107.0,0.3902922570705414,189.0,0.3968560993671417,82.0,0.008151945658028126,0.004826401360332966,46.03773498535156,33.658775329589844,200.0,0.0543985590338707,0.028488654643297195,0.0259099043905735,135.0,0.04143337160348892,0.0,,-135.0,0.00019946442625951022,,0.0,0.0,200.0,0.7773700952529907,0.45559388399124146,0.32177621126174927,140.0,0.6153672337532043,0.0,,-140.0,0.0027000478003174067,,0.0,0.0,True
1500635SCANALW,0,2021,0,No,False,207,True,134.0,0.7816502451896667,0.06548835337162018,0.7161619067192078,105.0,0.4161361753940582,165.0,0.4198645353317261,60.0,0.012603932991623878,0.011670506559312344,39.7130126953125,35.718223571777344,132.0,0.8294124007225037,0.2582255005836487,0.571186900138855,101.0,0.5379543900489807,166.0,0.5398884415626526,65.0,0.009401870891451836,0.008515410125255585,47.88154220581055,30.838661193847656,132.0,0.6191104650497437,0.0008177114650607109,0.6182927489280701,104.0,0.3154323399066925,163.0,0.3183698058128357,59.0,0.010845647193491459,0.009701311588287354,30.58889389038086,30.539831161499023,138.0,0.058354612439870834,6.0575432144105434e-05,0.058294035494327545,101.0,0.028783537447452545,176.0,0.029021942988038063,75.0,0.0007992182509042323,0.0007719123386777937,3.65142822265625,3.646824598312378,150.0,0.8167853951454163,0.1618230938911438,0.6549623012542725,117.0,0.48690539598464966,174.0,0.4901506304740906,57.0,0.009996363893151283,0.013609781861305237,40.14147186279297,30.7557315826416,True
1500635SHOPNP,0,2020,1,Fungicide,False,352,True,111.0,0.8486493229866028,0.06390108168125153,0.7847482562065125,82.0,0.4523963928222656,138.0,0.45660197734832764,56.0,0.01366389449685812,0.014520271681249142,40.310569763183594,36.668209075927734,110.0,0.8341473937034607,0.24797549843788147,0.5861718654632568,77.0,0.5358519554138184,138.0,0.5364844799041748,61.0,0.009039255790412426,0.010630818083882332,45.02412414550781,29.649642944335938,109.0,0.6522436738014221,0.002909447066485882,0.6493342518806458,79.0,0.3338087499141693,137.0,0.32423916459083557,58.0,0.01061449758708477,0.011714446358382702,31.58889389038086,31.417236328125,120.0,0.05064496025443077,0.006645216606557369,0.04399974271655083,76.0,0.04111509397625923,143.0,0.028382131829857826,67.0,0.0002165878686355427,0.0009679490467533469,3.0154542922973633,2.5669021606445312,129.0,0.7190735936164856,0.4218118190765381,0.2972617745399475,1.0,0.6059384346008301,147.0,0.5673491358757019,146.0,0.0008838684298098087,0.008429136127233505,47.77861022949219,16.986347198486328,True
1500635SHOPSP,0,2021,1,Other,False,313,True,53.0,0.10365230590105057,0.07223746180534363,0.03141484409570694,0.0,,275.0,0.08820630609989166,275.0,,6.957657751627266e-05,17.144487380981445,1.0716514587402344,53.0,0.3478984236717224,0.21811294555664062,0.1297854781150818,0.0,,73.0,0.28182002902030945,73.0,,0.0033039196860045195,6.418596267700195,1.9472808837890625,53.0,0.025839857757091522,0.0006608376279473305,0.025179021060466766,0.0,,280.0,0.01329738087952137,280.0,,5.525320375454612e-05,0.6249337792396545,0.47459322214126587,365.0,0.01000571995973587,0.006381848827004433,0.0036238711327314377,358.0,0.008273281157016754,0.0,,-358.0,0.0002474912616889924,,0.0,0.0,261.0,0.44956064224243164,0.23806580901145935,0.2114948332309723,166.0,0.3439858853816986,286.0,0.3436707854270935,120.0,0.001111313235014677,0.004235594067722559,47.12491989135742,18.318954467773438,False
1500635SHOPWP,0,2019,0,No,False,61,False,305.0,0.08924482017755508,0.07667545974254608,0.012569360435009003,0.0,,313.0,0.08316128700971603,313.0,,0.0007604416459798813,0.7314256429672241,0.07968425750732422,305.0,0.26950475573539734,0.25808510184288025,0.01141965389251709,0.0,,314.0,0.2638249695301056,314.0,,0.0006310873432084918,2.5319912433624268,0.08018279075622559,305.0,0.01618489995598793,0.010163318365812302,0.006021581590175629,0.0,,320.0,0.013199162669479847,320.0,,0.00019904915825463831,0.22812068462371826,0.07058924436569214,341.0,0.008932345546782017,0.00706716813147068,0.0018651774153113365,328.0,0.008050731383264065,363.0,0.007967246696352959,35.0,6.78164724376984e-05,4.386813088785857e-05,0.3084019422531128,0.0539838969707489,305.0,0.4651225805282593,0.3459808826446533,0.11914169788360596,0.0,,315.0,0.4053507447242737,315.0,,0.00597718358039856,4.55291223526001,0.9201130867004395,False
1500635SHOPWP,1,2020,1,Mixed,False,366,False,142.0,0.7913137078285217,0.05280303582549095,0.7385106682777405,114.0,0.4260201156139374,174.0,0.4157926142215729,60.0,0.013046199455857277,0.011735034175217152,40.3243408203125,37.103355407714844,140.0,0.7999137043952942,0.23876288533210754,0.5611507892608643,113.0,0.5220221281051636,174.0,0.5241637825965881,61.0,0.010292280465364456,0.008110292255878448,43.53675842285156,28.73345947265625,140.0,0.6160470843315125,-0.009886111132800579,0.6259331703186035,113.0,0.30830827355384827,172.0,0.31084805727005005,59.0,0.011397733353078365,0.0095374695956707,30.383180618286133,30.976346969604492,148.0,0.05747704207897186,0.004866580478847027,0.05261046066880226,111.0,0.031001854687929153,178.0,0.030958812683820724,67.0,0.0007155456114560366,0.0008839409565553069,3.225090503692627,2.894162893295288,160.0,0.8928425312042236,0.27821585536003113,0.6146266460418701,92.0,0.5863329172134399,187.0,0.582059919834137,95.0,0.004507494159042835,0.011510467156767845,69.67922973632812,42.97050476074219,True
1500635SHOPWP,2,2021,0,No,False,59,False,59.0,0.8356919288635254,0.6497101187705994,0.18598181009292603,32.0,0.7411318421363831,0.0,,-32.0,0.0035022255033254623,,0.0,0.0,59.0,0.9166408181190491,0.7630473375320435,0.15359348058700562,25.0,0.8403257727622986,0.0,,-25.0,0.0022445600479841232,,0.0,0.0,59.0,0.7490193247795105,0.5769894123077393,0.17202991247177124,26.0,0.6612745523452759,0.0,,-26.0,0.0026589324697852135,,0.0,0.0,3.0,0.01831034943461418,0.010897365398705006,0.007412984035909176,1.0,0.01829177886247635,28.0,0.014758436009287834,27.0,9.28528606891632e-06,0.00014207653293851763,0.47306448221206665,0.17338693141937256,20.0,0.8247308731079102,0.6491055488586426,0.17562532424926758,1.0,0.7513188123703003,42.0,0.7331847548484802,41.0,0.003863792633637786,0.00416118698194623,33.05990219116211,6.122020721435547,False
1500635SLINP,0,2020,1,Mixed,False,58,True,346.0,0.09507495909929276,0.08204644918441772,0.01302850991487503,338.0,0.09385154396295547,0.0,,-338.0,0.00015292689204216003,,0.0,0.0,1.0,0.37017297744750977,0.33653467893600464,0.03363829851150513,1.0,0.37017297744750977,338.0,0.31899139285087585,337.0,,0.00015187413373496383,1.0322751998901367,0.022671222686767578,347.0,0.02976119890809059,0.02079109475016594,0.008970104157924652,338.0,0.02685847133398056,0.0,,-338.0,0.0003225252730771899,,0.0,0.0,1.0,0.0046785143204033375,0.004022916313260794,0.0006555980071425438,1.0,0.0046785143204033375,338.0,0.0036677210591733456,337.0,,2.9993864245625446e-06,0.012462960556149483,0.000394212082028389,338.0,0.302751749753952,0.17817002534866333,0.1245817244052887,0.0,,338.0,0.302751749753952,338.0,,,0.7177475690841675,0.1832374930381775,False
1500635SLINP,1,2021,1,Mixed,False,235,True,104.0,0.748139500617981,0.06212063133716583,0.6860188841819763,78.0,0.4109724164009094,128.0,0.4008142650127411,50.0,0.012967964634299278,0.014471884816884995,31.702787399291992,28.534635543823242,102.0,0.8498378992080688,0.26039600372314453,0.5894418954849243,75.0,0.5568614602088928,127.0,0.5609241127967834,52.0,0.010850979015231133,0.011556551791727543,39.3424186706543,25.541431427001953,102.0,0.6296156048774719,-0.007953228428959846,0.6375688314437866,75.0,0.30870088934898376,127.0,0.30106496810913086,52.0,0.011885730549693108,0.013142025098204613,26.993045806884766,27.414566040039062,103.0,0.05915670096874237,0.002286904491484165,0.05686979740858078,73.0,0.03100474923849106,127.0,0.031400855630636215,54.0,0.0009383984142914414,0.0011564935557544231,2.6631360054016113,2.537356376647949,176.0,0.6639629602432251,0.3784831762313843,0.2854797840118408,167.0,0.5182334780693054,0.0,,-167.0,0.01619216427206993,,0.0,0.0,True
1500635SMIDDLEP,0,2021,1,Mixed,False,154,True,154.0,0.46497419476509094,0.27383556962013245,0.1911386251449585,92.0,0.3672073781490326,0.0,,-92.0,0.0015768841840326786,,0.0,0.0,105.0,0.540829062461853,0.34485167264938354,0.19597738981246948,85.0,0.4456477463245392,125.0,0.45829933881759644,40.0,0.004759065806865692,0.0041264863684773445,20.5332088470459,6.394289970397949,105.0,0.30923470854759216,0.1248503252863884,0.18438437581062317,85.0,0.21430246531963348,125.0,0.2362520545721054,40.0,0.004746612161397934,0.0036491327919065952,11.14215087890625,6.023287773132324,122.0,0.04243642836809158,0.01817317306995392,0.024263255298137665,88.0,0.030365731567144394,154.0,0.03347465395927429,66.0,0.00035502048558555543,0.00028005545027554035,2.5662591457366943,1.3577430248260498,154.0,0.7295017838478088,0.4368858337402344,0.29261595010757446,107.0,0.5785506963729858,0.0,,-107.0,0.0032117252703756094,,0.0,0.0,False
1500635STOCKWP,0,2020,0,No,False,61,False,306.0,0.09465096890926361,0.09213630855083466,0.002514660358428955,0.0,,337.0,0.09340690821409225,337.0,,4.013099169242196e-05,3.011244297027588,0.0628824234008789,360.0,0.27338936924934387,0.2548629641532898,0.018526405096054077,343.0,0.2639015018939972,364.0,0.27257707715034485,21.0,0.0005581098375841975,0.00020307302474975586,5.946491718292236,0.3395071029663086,306.0,0.019978968426585197,0.01943311095237732,0.0005458574742078781,0.0,,312.0,0.019682347774505615,312.0,,4.943677413393743e-05,0.1386922299861908,0.0026604533195495605,1.0,0.0031722255516797304,0.0028284431900829077,0.00034378236159682274,0.0,,320.0,0.0027717507909983397,320.0,,1.2554068007375463e-06,0.041262220591306686,-0.0011644288897514343,1.0,0.3577102720737457,0.33397284150123596,0.023737430572509766,0.0,,346.0,0.3457673490047455,346.0,,3.461716914898716e-05,14.036067008972168,0.34318065643310547,False
1500635STOCKWP,1,2021,1,Mixed,False,365,False,124.0,0.7932077646255493,0.07544459402561188,0.7177631855010986,93.0,0.4333671033382416,158.0,0.4353531002998352,65.0,0.011607763357460499,0.010525137186050415,43.88736343383789,38.90802001953125,123.0,0.8322429656982422,0.24037915468215942,0.5918638110160828,90.0,0.5426108837127686,161.0,0.5327513813972473,71.0,0.008776729926466942,0.007881357334554195,52.35363006591797,35.04633331298828,122.0,0.6564051508903503,0.004917563870549202,0.6514875888824463,91.0,0.3286370038986206,156.0,0.33573514223098755,65.0,0.01057316642254591,0.00943147111684084,35.556644439697266,35.232086181640625,126.0,0.06460351496934891,0.002517399378120899,0.06208611652255058,83.0,0.032911766320466995,168.0,0.033727601170539856,85.0,0.0007370174280367792,0.000735140813048929,4.67698860168457,4.460492134094238,143.0,0.9232552647590637,0.2704826891422272,0.6527725458145142,83.0,0.6012820601463318,174.0,0.5944331884384155,91.0,0.005366220138967037,0.010607163421809673,74.10336303710938,49.218955993652344,True
1500635STOCKWP,2,2022,0,No,False,59,False,1.0,0.13746003806591034,0.11745503544807434,0.020005002617836,0.0,,12.0,0.12792706489562988,12.0,,0.0008666338981129229,1.5303752422332764,0.17964231967926025,59.0,0.3079935908317566,0.3039695620536804,0.004024028778076172,17.0,0.30594807863235474,0.0,,-17.0,4.8702670028433204e-05,,0.0,0.0,1.0,0.03810746967792511,0.030528878793120384,0.007578590884804726,0.0,,12.0,0.034488920122385025,12.0,,0.00032895905314944685,0.41780591011047363,0.0667237937450409,59.0,0.011537105776369572,0.008308272808790207,0.0032288329675793648,54.0,0.009796802885830402,0.0,,-54.0,0.0003480605664663017,,0.0,0.0,59.0,0.5951915979385376,0.40277963876724243,0.19241195917129517,49.0,0.5020137429237366,0.0,,-49.0,0.009317785501480103,,0.0,0.0,False
1500635WERN115p,0,2021,1,Mixed,False,154,True,110.0,0.48448270559310913,0.014688244089484215,0.46979445219039917,81.0,0.24774211645126343,134.0,0.25100770592689514,53.0,0.008163468912243843,0.009728125296533108,21.445152282714844,20.651987075805664,108.0,0.6738805174827576,0.21738603711128235,0.4564944803714752,80.0,0.44746479392051697,133.0,0.4445546567440033,53.0,0.00808627624064684,0.009173034690320492,31.883745193481445,20.144899368286133,108.0,0.42674747109413147,-0.05511851981282234,0.4818660020828247,79.0,0.18815724551677704,133.0,0.18518665432929993,54.0,0.00822724960744381,0.009662432596087456,18.58095932006836,21.612478256225586,112.0,0.05707172304391861,-0.0014176454860717058,0.0584893673658371,78.0,0.02734335884451866,136.0,0.027742324396967888,58.0,0.0008743636426515877,0.0012220583157613873,2.6988401412963867,2.7824811935424805,119.0,0.4872063100337982,0.06841029971837997,0.41879600286483765,92.0,0.28302687406539917,139.0,0.2848387062549591,47.0,0.0075622014701366425,0.010118380188941956,19.67572784423828,16.392032623291016,True
1500635WERN1P,0,2020,1,Fungicide,False,189,True,132.0,0.7958059906959534,0.020140204578638077,0.7756657600402832,104.0,0.4182221591472626,162.0,0.41013962030410767,58.0,0.013485136441886425,0.012855545617640018,38.639198303222656,37.450927734375,131.0,0.7948101162910461,0.23553040623664856,0.5592796802520752,103.0,0.5095674991607666,162.0,0.511878252029419,59.0,0.010187236592173576,0.009126834571361542,41.37852096557617,27.24669647216797,131.0,0.6153068542480469,-0.040012091398239136,0.6553189754486084,102.0,0.28596222400665283,161.0,0.2944994866847992,59.0,0.011356711387634277,0.010693578980863094,29.75062370300293,32.15134811401367,142.0,0.0642315074801445,-0.001730207004584372,0.06596171110868454,105.0,0.031335413455963135,169.0,0.03171798959374428,64.0,0.0008890836033970118,0.0012042043963447213,3.400841236114502,3.5133047103881836,148.0,0.6655674576759338,0.13165383040905,0.5339136123657227,119.0,0.3965241014957428,172.0,0.3910011947154999,53.0,0.009277356788516045,0.011440261267125607,30.30124855041504,23.191940307617188,True
1500635WERN2P,0,2021,1,Mixed,False,154,True,119.0,0.8777413368225098,0.13573652505874634,0.7420048117637634,88.0,0.49917271733283997,144.0,0.5196846723556519,56.0,0.012211890891194344,0.014322266913950443,42.63555145263672,34.89856719970703,116.0,0.8868923187255859,0.3320496678352356,0.5548426508903503,83.0,0.6066627502441406,144.0,0.6117367148399353,61.0,0.00849180482327938,0.009826986119151115,49.18931198120117,28.60223388671875,116.0,0.7098891139030457,0.04671591892838478,0.6631731986999512,84.0,0.38324347138404846,143.0,0.38734397292137146,59.0,0.010207676328718662,0.0119461165741086,35.935401916503906,33.1324462890625,121.0,0.05434486269950867,0.022884920239448547,0.03145994246006012,85.0,0.038705531507730484,154.0,0.0405835323035717,69.0,0.0004344258632045239,0.00041701001464389265,3.434915781021118,1.8444137573242188,137.0,0.7626710534095764,0.4326568841934204,0.330014169216156,110.0,0.602276623249054,154.0,0.7359774112701416,44.0,0.005940534640103579,0.0015702142845839262,32.218711853027344,12.96548080444336,True
1500635WERN3P,0,2021,1,Mixed,False,207,True,131.0,0.858079731464386,0.06192154437303543,0.7961581945419312,103.0,0.45748692750930786,161.0,0.470409631729126,58.0,0.014306886121630669,0.012922336347401142,42.325042724609375,38.67167282104492,130.0,0.8406978845596313,0.2508277893066406,0.5898700952529907,101.0,0.5453339219093323,164.0,0.5393406748771667,63.0,0.010184964165091515,0.008863447234034538,47.03021240234375,30.97723388671875,130.0,0.654288649559021,-0.0013398879673331976,0.6556285619735718,102.0,0.334987610578537,160.0,0.3307904303073883,58.0,0.01140360813587904,0.010783273726701736,31.80901336669922,31.8880672454834,135.0,0.058211617171764374,-0.00018926034681499004,0.05840087682008743,99.0,0.028445998206734657,173.0,0.028741056099534035,74.0,0.0008268227684311569,0.0007755410624668002,3.6236040592193604,3.637798547744751,145.0,0.8378074169158936,0.1846313178539276,0.6531760692596436,112.0,0.5125172734260559,170.0,0.5201861262321472,58.0,0.009857277385890484,0.012704852037131786,42.55403137207031,31.660781860351562,True
1500635WERN4P,0,2019,0,No,False,61,False,305.0,0.0905878096818924,0.079464390873909,0.011123418807983398,0.0,,312.0,0.08512844890356064,312.0,,0.0007799086743034422,0.657639741897583,0.061656832695007324,359.0,0.33066195249557495,0.3094874322414398,0.021174520254135132,347.0,0.32056817412376404,365.0,0.3286345303058624,18.0,0.0008411481976509094,0.00033790370798669755,6.066328048706055,0.34081077575683594,365.0,0.028247294947504997,0.02341303601861,0.004834258928894997,361.0,0.025550033897161484,0.0,,-361.0,0.0006743152625858784,,0.0,0.0,348.0,0.01216643676161766,0.008395498618483543,0.003770938143134117,332.0,0.01036058459430933,365.0,0.011588534340262413,33.0,0.00011286576045677066,3.399425986572169e-05,0.3945006728172302,0.11325147747993469,305.0,0.3343115448951721,0.3082215189933777,0.026090025901794434,0.0,,315.0,0.32098156213760376,315.0,,0.001332998275756836,3.4366323947906494,0.20030641555786133,False
1500635WERN4P,1,2020,1,Fungicide,False,366,False,136.0,0.8411397933959961,0.06952335685491562,0.7716164588928223,106.0,0.45526593923568726,180.0,0.4642322361469269,74.0,0.012862461619079113,0.008566080592572689,52.94191360473633,47.7276611328125,137.0,0.8208019137382507,0.26646971702575684,0.5543321967124939,103.0,0.535981297492981,184.0,0.5420945286750793,81.0,0.00837707705795765,0.005929944571107626,59.63947296142578,37.78895568847656,138.0,0.6389426589012146,0.006550119258463383,0.6323925256729126,103.0,0.31930428743362427,180.0,0.3212049603462219,77.0,0.009132524952292442,0.007565183099359274,41.67478942871094,41.16387939453125,165.0,0.0506657138466835,0.003478612285107374,0.04718710109591484,101.0,0.027354883030056953,195.0,0.026922699064016342,94.0,0.0003642317315097898,0.0007914338493719697,4.263862133026123,3.933393955230713,164.0,0.7887680530548096,0.172110453248024,0.6166576147079468,119.0,0.48135557770729065,196.0,0.4847307801246643,77.0,0.006831388454884291,0.00950116477906704,53.22975158691406,39.805137634277344,True
1500635WERN4P,2,2021,0,No,False,59,False,59.0,0.10134174674749374,0.08907314389944077,0.012268602848052979,54.0,0.09483541548252106,0.0,,-54.0,0.0013012662529945374,,0.0,0.0,1.0,0.30215248465538025,0.2713093161582947,0.03084316849708557,0.0,,20.0,0.2871544659137726,20.0,,0.0007893693982623518,5.753584384918213,0.46305274963378906,59.0,0.023597508668899536,0.021108478307724,0.002489030361175537,55.0,0.022294146940112114,0.0,,-55.0,0.00032584043219685555,,0.0,0.0,33.0,0.007174959871917963,0.0036053541116416454,0.0035696057602763176,17.0,0.005383302923291922,49.0,0.005428947042673826,32.0,0.00011197855928912759,0.00010912580182775855,0.21413302421569824,0.09515634179115295,1.0,0.2304787039756775,0.15491928160190582,0.07555942237377167,0.0,,8.0,0.19318120181560516,8.0,,0.005328214727342129,1.5797544717788696,0.41785991191864014,False
1500635WN80P,0,2020,1,Fungicide,False,189,True,145.0,0.7170562744140625,0.0723000168800354,0.6447562575340271,115.0,0.4011773467063904,175.0,0.3969365954399109,60.0,0.010529297403991222,0.010670656338334084,36.849117279052734,32.43881607055664,142.0,0.7623509764671326,0.26433247327804565,0.4980185031890869,112.0,0.512470543384552,176.0,0.5060527920722961,64.0,0.00832934770733118,0.007538181729614735,43.82596206665039,26.64434814453125,141.0,0.5616240501403809,0.003958565182983875,0.5576654672622681,112.0,0.2887890338897705,174.0,0.2784145772457123,62.0,0.009408104233443737,0.008582104928791523,29.108272552490234,28.858882904052734,148.0,0.05898982658982277,0.009758388623595238,0.04923143982887268,111.0,0.0340210497379303,180.0,0.034101638942956924,69.0,0.0006748317973688245,0.0007777558639645576,3.521890640258789,2.838803291320801,159.0,0.9285464882850647,0.5155049562454224,0.41304153203964233,121.0,0.7208114862442017,186.0,0.7222970724105835,65.0,0.005466710776090622,0.007638867478817701,55.90563201904297,21.882305145263672,True
1500635WS80P,0,2020,0,No,False,49,True,18.0,0.11897236853837967,0.10557818412780762,0.013394184410572052,1.0,0.11743513494729996,35.0,0.11237813532352448,34.0,9.042550664162263e-05,0.00038789608515799046,4.057629585266113,0.41518211364746094,49.0,0.2955263555049896,0.2651069760322571,0.030419379472732544,45.0,0.28113430738449097,0.0,,-45.0,0.0035980120301246643,,0.0,0.0,32.0,0.020482243970036507,0.01580316573381424,0.004679078236222267,18.0,0.018253086134791374,47.0,0.018190613016486168,29.0,0.00015922555758152157,0.0001527753920527175,0.5881279110908508,0.11403292417526245,22.0,0.003592256223782897,0.002733968198299408,0.000858288025483489,9.0,0.0031867658253759146,38.0,0.0031662473920732737,29.0,3.1191568268695846e-05,2.662555198185146e-05,0.10293885320425034,0.020919807255268097,29.0,0.48800164461135864,0.3489232659339905,0.13907837867736816,13.0,0.41492319107055664,44.0,0.4215843975543976,31.0,0.004567403346300125,0.00442781625315547,14.770339965820312,3.604795455932617,False
15008241KPSP20,0,2020,0,No,False,111,True,114.0,0.7711666822433472,0.2198539823293686,0.5513126850128174,85.0,0.4947776794433594,140.0,0.48918843269348145,55.0,0.009530655108392239,0.010845317505300045,37.460609436035156,25.148786544799805,113.0,0.7528600096702576,0.38143497705459595,0.3714250326156616,80.0,0.5950393080711365,140.0,0.5618857741355896,60.0,0.004782445728778839,0.0070731197483837605,41.843177795410156,18.76636505126953,110.0,0.5695649981498718,0.19818443059921265,0.3713805675506592,80.0,0.42130252718925476,136.0,0.3788759112358093,56.0,0.004942082334309816,0.007334195543080568,28.75506019592285,17.557640075683594,80.0,0.052944350987672806,0.027299746870994568,0.025644604116678238,0.0,,140.0,0.03995772823691368,140.0,,0.0002164437173632905,2.860602855682373,1.208968162536621,134.0,0.7054073214530945,0.41832172870635986,0.2870855927467346,104.0,0.56977778673172,153.0,0.5631828904151917,49.0,0.0045209843665361404,0.00748549634590745,32.1778564453125,11.261772155761719,True
15008241PF20,0,2020,0,No,False,177,True,316.0,0.6668676137924194,0.04981045424938202,0.6170571446418762,286.0,0.3622693717479706,347.0,0.36028820276260376,61.0,0.010153274983167648,0.00988965854048729,34.518409729003906,31.430160522460938,317.0,0.740726113319397,0.21182005107402802,0.5289060473442078,287.0,0.48304483294487,350.0,0.47824522852897644,63.0,0.008589375764131546,0.007953966036438942,41.68075942993164,28.124277114868164,313.0,0.5474510192871094,-0.007786615751683712,0.5552376508712769,283.0,0.2733359634876251,346.0,0.26591962575912476,63.0,0.009137168526649475,0.008531254716217518,28.758663177490234,29.25700569152832,306.0,0.03289860486984253,0.005253606475889683,0.02764499932527542,275.0,0.019387179985642433,345.0,0.019319986924529076,70.0,0.0004358524165581912,0.000348169676726684,1.9956343173980713,1.6226282119750977,344.0,0.6626775860786438,0.4184744358062744,0.24420315027236938,282.0,0.5389570593833923,364.0,0.5945661664009094,82.0,0.00199549226090312,0.0034055709838867188,50.24034118652344,15.506961822509766,True
15008242PS20,0,2020,0,No,False,190,True,106.0,0.7708632946014404,0.02420957386493683,0.7466537356376648,77.0,0.3990592956542969,136.0,0.39339587092399597,59.0,0.012820827774703503,0.012582247145473957,37.94671630859375,36.494140625,105.0,0.7688157558441162,0.17151474952697754,0.5973010063171387,74.0,0.46988484263420105,139.0,0.4668072760105133,65.0,0.009642932564020157,0.00888260267674923,43.63898849487305,32.31901550292969,103.0,0.5805225968360901,-0.017155898734927177,0.5976784825325012,74.0,0.28079748153686523,133.0,0.2885422110557556,59.0,0.010335348546504974,0.009732679463922977,28.403583526611328,29.432937622070312,111.0,0.044731318950653076,0.004796802066266537,0.039934515953063965,63.0,0.024663040414452553,141.0,0.024230770766735077,78.0,0.0004180891264695674,0.0006833515944890678,3.010490655899048,2.6315431594848633,128.0,0.7594188451766968,0.21800708770751953,0.5414117574691772,51.0,0.49203014373779297,154.0,0.49186816811561584,103.0,0.003472580574452877,0.010290410369634628,65.99642944335938,43.323692321777344,True
15008243KPSP20,0,2020,0,No,False,111,True,117.0,0.6672002673149109,0.18219080567359924,0.48500946164131165,85.0,0.42497265338897705,146.0,0.4316844344139099,61.0,0.0075696129351854324,0.00812123529613018,36.01158142089844,24.71575164794922,118.0,0.7132927775382996,0.3369024395942688,0.37639033794403076,81.0,0.5266166925430298,148.0,0.5218024849891663,67.0,0.005045299418270588,0.006383009720593691,43.92410659790039,21.01474380493164,115.0,0.5210677981376648,0.13978096842765808,0.3812868297100067,81.0,0.3328673541545868,144.0,0.32662317156791687,63.0,0.005535307340323925,0.006704987026751041,28.893081665039062,19.947097778320312,127.0,0.0464228019118309,0.018097560852766037,0.028325241059064865,94.0,0.03630600497126579,148.0,0.0326807014644146,54.0,0.00030656959279440343,0.000654385716188699,2.2813053131103516,1.285939335823059,138.0,0.770831286907196,0.3858339786529541,0.38499730825424194,110.0,0.5775818824768066,159.0,0.5815910696983337,49.0,0.006901764310896397,0.009011439047753811,34.62767791748047,15.335979461669922,True
1500915121P,0,2020,0,No,False,86,True,324.0,0.1013398990035057,0.08974744379520416,0.011592455208301544,1.0,0.09427836537361145,324.0,0.1013398990035057,323.0,2.1862333596800454e-05,,0.29329028725624084,0.024047940969467163,324.0,0.313195139169693,0.2637929320335388,0.049402207136154175,0.0,,324.0,0.313195139169693,324.0,,,0.8953466415405273,0.10396784543991089,332.0,0.02431510016322136,0.015454951673746109,0.00886014848947525,324.0,0.020626163110136986,0.0,,-324.0,0.0004611171316355467,,0.0,0.0,324.0,0.004166514612734318,0.0039095147512853146,0.0002569998614490032,1.0,0.004072295036166906,324.0,0.004166514612734318,323.0,2.9170146831347665e-07,,0.01234080083668232,0.0006122570484876633,324.0,0.2955573499202728,0.2562876343727112,0.039269715547561646,0.0,,324.0,0.2955573499202728,324.0,,,0.8309276103973389,0.06206470727920532,False
1500915121P,1,2021,1,Herbicide,False,227,True,118.0,0.6684009432792664,0.04525291174650192,0.6231480240821838,96.0,0.3585355281829834,138.0,0.3578470051288605,42.0,0.014084791764616966,0.015527697280049324,23.47343635559082,21.52756118774414,116.0,0.7600380182266235,0.24649041891098022,0.5135475993156433,93.0,0.49635621905326843,139.0,0.495818167924881,46.0,0.011464426293969154,0.011487819254398346,30.86812973022461,19.283079147338867,116.0,0.5495485067367554,-0.028973883017897606,0.5785223841667175,94.0,0.2657727301120758,136.0,0.26878538727760315,42.0,0.012898898683488369,0.014038155786693096,18.932220458984375,20.178096771240234,120.0,0.04740133881568909,0.0009931274689733982,0.04640820994973183,94.0,0.023878835141658783,142.0,0.023926381021738052,48.0,0.0009047116618603468,0.0010670435149222612,1.8687760829925537,1.8201128244400024,126.0,0.5360546708106995,0.1567450910806656,0.37930959463119507,105.0,0.3509577512741089,149.0,0.3465515375137329,44.0,0.008814139291644096,0.008239266462624073,20.74652862548828,13.692999839782715,True
1500915122P,0,2021,0,No,False,32,True,334.0,0.09885178506374359,0.08071938157081604,0.01813240349292755,0.0,,341.0,0.08927153050899506,341.0,,0.0013686077436432242,0.7031121850013733,0.0977168083190918,334.0,0.40818169713020325,0.30275750160217285,0.1054241955280304,0.0,,340.0,0.3593731224536896,340.0,,0.00813476275652647,2.4824748039245605,0.514551043510437,334.0,0.020392894744873047,0.015696188434958458,0.004696706309914589,0.0,,339.0,0.01807945780456066,339.0,,0.0004626873997040093,0.1052187904715538,0.01888975501060486,365.0,0.019688984379172325,0.010518007911741734,0.009170976467430592,358.0,0.015197079628705978,0.0,,-358.0,0.0006417006952688098,,0.0,0.0,334.0,0.08399665355682373,0.06563009321689606,0.018366560339927673,0.0,,341.0,0.07514981925487518,341.0,,0.0012638334883376956,0.5945714712142944,0.10234576463699341,False
1500915123E,0,2020,1,Herbicide,False,199,True,106.0,0.5258365869522095,0.06899233162403107,0.4568442702293396,81.0,0.29500100016593933,126.0,0.29617148637771606,45.0,0.009233423508703709,0.011483254842460155,20.041330337524414,16.86768341064453,105.0,0.6230970621109009,0.23549914360046387,0.387597918510437,79.0,0.42384058237075806,126.0,0.4314952492713928,47.0,0.0076637109741568565,0.00912389624863863,26.26258659362793,14.958627700805664,103.0,0.40545204281806946,-0.005212363321334124,0.4106644093990326,79.0,0.2020534723997116,124.0,0.19762155413627625,45.0,0.008474940434098244,0.009896690025925636,14.996307373046875,15.236076354980469,104.0,0.045595522969961166,0.0028245621360838413,0.04277095943689346,76.0,0.023763878270983696,126.0,0.024088485166430473,50.0,0.0007797015714459121,0.0009775926591828465,1.9089398384094238,1.7648872137069702,114.0,0.36978083848953247,0.14281143248081207,0.2269694060087204,94.0,0.2556990683078766,199.0,0.2560316324234009,105.0,0.005704088602215052,0.0013382259057834744,33.051143646240234,17.984535217285156,True
1500915123WP,0,2020,0,No,False,86,True,335.0,0.11263686418533325,0.09570498019456863,0.016931883990764618,324.0,0.10362117737531662,0.0,,-324.0,0.0008196078706532717,,0.0,0.0,336.0,0.30674704909324646,0.26570942997932434,0.04103761911392212,324.0,0.2752303183078766,0.0,,-324.0,0.0026263941545039415,,0.0,0.0,333.0,0.027414139360189438,0.015029741451144218,0.01238439790904522,324.0,0.022152557969093323,0.0,,-324.0,0.0005846201675012708,,0.0,0.0,324.0,0.004057439509779215,0.003593775909394026,0.00046366360038518906,1.0,0.0038476993795484304,324.0,0.004057439509779215,323.0,6.493502269222517e-07,,0.011807440780103207,0.0010261135175824165,324.0,0.31770625710487366,0.2843461036682129,0.03336015343666077,0.0,,324.0,0.31770625710487366,324.0,,,0.9034880995750427,0.05044978857040405,False
1500915123WP,1,2021,1,Herbicide,False,227,True,115.0,0.6263813376426697,0.05374903231859207,0.5726323127746582,92.0,0.3356601297855377,135.0,0.3342013359069824,43.0,0.01264005247503519,0.014608999714255333,22.47171401977539,20.10675621032715,113.0,0.7366974353790283,0.2323155701160431,0.5043818950653076,90.0,0.48061403632164,135.0,0.48456010222435,45.0,0.01113406103104353,0.011460787616670132,29.32340431213379,18.63688850402832,113.0,0.5142644643783569,-0.01890762522816658,0.533172070980072,90.0,0.24349752068519592,133.0,0.24257610738277435,43.0,0.011772476136684418,0.013584417290985584,17.97509002685547,18.807025909423828,113.0,0.043397657573223114,0.0016927425749599934,0.04170491546392441,89.0,0.02221006155014038,135.0,0.022475702688097954,46.0,0.0008828165009617805,0.0009509979281574488,1.6537230014801025,1.5741641521453857,123.0,0.5009856820106506,0.16769608855247498,0.33328959345817566,102.0,0.33145594596862793,149.0,0.33533886075019836,47.0,0.008072844706475735,0.006371031515300274,20.66687774658203,12.61746597290039,True
1500915124E,0,2020,1,Herbicide,False,199,True,105.0,0.5807281136512756,0.07047775387763977,0.5102503299713135,80.0,0.32248368859291077,126.0,0.329694926738739,46.0,0.010329777374863625,0.011953961104154587,22.592758178710938,19.280303955078125,104.0,0.6686559915542603,0.2399766743183136,0.42867931723594666,78.0,0.45527341961860657,127.0,0.4497929513454437,49.0,0.008207022212445736,0.009515784680843353,29.243192672729492,17.24435806274414,103.0,0.45527011156082153,-0.0045087202452123165,0.4597788453102112,77.0,0.2254006266593933,124.0,0.2242269068956375,47.0,0.008841133676469326,0.01100205723196268,17.572673797607422,17.789093017578125,104.0,0.0468999445438385,0.003066443372517824,0.043833501636981964,75.0,0.025355493649840355,126.0,0.0254219938069582,51.0,0.000742912117857486,0.0009762704721651971,2.02174973487854,1.8622946739196777,112.0,0.41865959763526917,0.14345841109752655,0.2752012014389038,91.0,0.2826010286808014,190.0,0.28126251697540283,99.0,0.006478979252278805,0.0017615010729059577,33.00086212158203,18.65502166748047,True
1501361071120JP,0,2020,1,Insecticide,False,353,True,141.0,0.6946573257446289,0.03728571534156799,0.6573716402053833,113.0,0.3642842769622803,164.0,0.37157753109931946,51.0,0.011799037456512451,0.014046947471797466,29.78862762451172,27.849769592285156,138.0,0.7798300385475159,0.16665443778038025,0.613175630569458,110.0,0.4745883345603943,164.0,0.4697969853878021,54.0,0.010901489295065403,0.011924347840249538,36.71237564086914,27.5463809967041,138.0,0.5811490416526794,-0.01886712573468685,0.600016176700592,111.0,0.2856491208076477,162.0,0.2890810966491699,51.0,0.010944441892206669,0.012169498018920422,24.64737319946289,25.628463745117188,140.0,0.04518391937017441,0.005164390429854393,0.040019527077674866,108.0,0.02541656792163849,165.0,0.024616066366434097,57.0,0.0006177297327667475,0.0008227141224779189,2.1845622062683105,1.8850276470184326,148.0,0.6335363984107971,0.20747649669647217,0.42605990171432495,125.0,0.4212208688259125,166.0,0.4265945553779602,41.0,0.009231110103428364,0.0114967692643404,23.217815399169922,14.503802299499512,True
1501361071220JP,0,2020,1,Insecticide,False,353,True,142.0,0.7108970284461975,0.038247354328632355,0.6726496815681458,113.0,0.37042486667633057,166.0,0.36524325609207153,53.0,0.011740419082343578,0.014402240514755249,31.50971794128418,29.444360733032227,139.0,0.7418771386146545,0.20965832471847534,0.5322188138961792,112.0,0.4757704734802246,164.0,0.47252097725868225,52.0,0.009855802170932293,0.010774246416985989,34.133941650390625,23.022048950195312,138.0,0.5395007133483887,-0.01554883923381567,0.5550495386123657,111.0,0.26267969608306885,163.0,0.2704398036003113,52.0,0.010252630338072777,0.01076243631541729,23.273616790771484,24.097705841064453,144.0,0.04555051401257515,0.004516111686825752,0.04103440046310425,112.0,0.024965817108750343,167.0,0.024880222976207733,55.0,0.0006432717782445252,0.0008987082983367145,2.0980782508850098,1.8451759815216064,148.0,0.5534414052963257,0.18806061148643494,0.36538079380989075,124.0,0.37018075585365295,168.0,0.3763250708580017,44.0,0.007635860238224268,0.008855816908180714,21.81279754638672,13.350069046020508,True
1501361071622PO,0,2021,0,No,False,114,True,259.0,0.0802750214934349,0.059558987617492676,0.02071603387594223,252.0,0.07987978309392929,287.0,0.06951187551021576,35.0,5.646262798109092e-05,0.0003843980666715652,2.7500228881835938,0.635678768157959,278.0,0.21316872537136078,0.147797629237175,0.06537109613418579,265.0,0.2102416753768921,305.0,0.1798096001148224,40.0,0.00022515769524034113,0.0012355231447145343,8.398638725280762,2.3389358520507812,252.0,0.019185734912753105,0.0054662576876580715,0.013719476759433746,0.0,,275.0,0.012215381488204002,275.0,,0.00030305885593406856,0.37788015604019165,0.2494231015443802,365.0,0.008087403140962124,0.005757174454629421,0.0023302286863327026,358.0,0.006986917462199926,0.0,,-358.0,0.0001572122419020161,,0.0,0.0,272.0,0.34789609909057617,0.22813093662261963,0.11976516246795654,252.0,0.32243862748146057,295.0,0.289995938539505,43.0,0.0012728736037388444,0.002517398213967681,14.425299644470215,4.501603126525879,False
1501361071721PO,0,2021,1,Fungicide,False,316,True,128.0,0.6423134207725525,0.045943550765514374,0.5963698625564575,100.0,0.3461633026599884,158.0,0.3394557535648346,58.0,0.010576790198683739,0.010095255449414253,31.492935180664062,28.782264709472656,125.0,0.7305837273597717,0.18057501316070557,0.5500087141990662,97.0,0.4566386044025421,157.0,0.46016982197761536,60.0,0.009783754125237465,0.008450434543192387,38.53044509887695,27.515369415283203,124.0,0.5121617317199707,-0.007354421075433493,0.5195161700248718,97.0,0.24526669085025787,154.0,0.2590453326702118,57.0,0.009885001927614212,0.008437213487923145,24.164770126342773,24.591325759887695,137.0,0.048819974064826965,0.0026987846940755844,0.04612118750810623,102.0,0.02577843703329563,166.0,0.02511448971927166,64.0,0.0006583296344615519,0.0008174304966814816,2.639909505844116,2.4644885063171387,141.0,0.5812307000160217,0.17836549878120422,0.4028652012348175,111.0,0.37957584857940674,165.0,0.3735141158103943,54.0,0.0067218285985291,0.008654857985675335,27.794519424438477,17.984416961669922,True
15022770121SP,0,2020,1,Other,False,124,True,304.0,0.09367215633392334,0.06995309889316559,0.02371905744075775,1.0,0.07463287562131882,305.0,0.09289374202489853,304.0,6.283591210376471e-05,0.0007784143090248108,0.2510544955730438,0.04119519889354706,339.0,0.2731185853481293,0.24714283645153046,0.025975748896598816,1.0,0.2638775706291199,0.0,,-1.0,2.7340280212229118e-05,,0.0,0.0,304.0,0.015415521338582039,0.009841935709118843,0.005573585629463196,1.0,0.011939744465053082,305.0,0.015210693702101707,304.0,1.1471211109892465e-05,0.00020482763648033142,0.04055333137512207,0.011027524247765541,307.0,0.010708539746701717,0.0025972179137170315,0.008111322298645973,304.0,0.01069410890340805,0.0,,-304.0,4.8102810978889465e-06,,0.0,0.0,304.0,0.44353464245796204,0.31405767798423767,0.12947696447372437,1.0,0.33447495102882385,305.0,0.440097451210022,304.0,0.00035993297933600843,0.0034371912479400635,1.1600525379180908,0.2178795337677002,False
15022770121SP,1,2021,1,Fungicide,False,260,True,111.0,0.7216218709945679,0.06094829738140106,0.6606735587120056,81.0,0.38615700602531433,140.0,0.3956015706062317,59.0,0.01118216197937727,0.011242079548537731,35.95637130737305,32.29947280883789,108.0,0.8339924216270447,0.21545179188251495,0.6185406446456909,78.0,0.5223290324211121,140.0,0.5274826884269714,62.0,0.010388779453933239,0.009578429162502289,45.39086151123047,31.817398071289062,107.0,0.6164769530296326,0.0019014112185686827,0.6145755648612976,78.0,0.3036745488643646,137.0,0.31604889035224915,59.0,0.010786289349198341,0.010014268569648266,30.14516258239746,30.031078338623047,114.0,0.044967200607061386,0.0024330448359251022,0.04253415763378143,73.0,0.023719802498817444,148.0,0.023494351655244827,75.0,0.0005182292079553008,0.0006315544014796615,2.8942108154296875,2.709299325942993,128.0,0.8293038010597229,0.3860399127006531,0.4432638883590698,76.0,0.6110938191413879,153.0,0.6067584753036499,77.0,0.004196345806121826,0.008901813067495823,58.22254180908203,28.111427307128906,True
15022770221SP,0,2020,1,Other,False,124,True,1.0,0.10896316915750504,0.09000779688358307,0.018955372273921967,1.0,0.10896316915750504,304.0,0.08532552421092987,303.0,,7.801203173585236e-05,0.20450946688652039,0.024493873119354248,1.0,0.349599689245224,0.29229360818862915,0.05730608105659485,1.0,0.349599689245224,304.0,0.27049773931503296,303.0,,0.00026106255245395005,0.6561407446861267,0.07155352830886841,1.0,0.03786919638514519,0.024289296939969063,0.013579899445176125,1.0,0.03786919638514519,304.0,0.016000984236598015,303.0,,7.217231905087829e-05,0.0640580803155899,0.01547948643565178,315.0,0.01358434185385704,0.0027495394460856915,0.010834801942110062,304.0,0.011910750530660152,0.0,,-304.0,0.0001521446683909744,,0.0,0.0,1.0,0.44722506403923035,0.34687331318855286,0.10035175085067749,1.0,0.44722506403923035,304.0,0.34855908155441284,303.0,,0.00032563030254095793,0.8415520191192627,0.14780539274215698,False
15022770221SP,1,2021,1,Fungicide,False,260,True,107.0,0.7956551313400269,0.06361512839794159,0.7320399880409241,76.0,0.4207655191421509,138.0,0.42056211829185486,62.0,0.012093213386833668,0.012099774554371834,41.38484573364258,37.37709045410156,106.0,0.8226521611213684,0.2166573405265808,0.6059948205947876,75.0,0.5192333459854126,140.0,0.5147291421890259,65.0,0.00978770386427641,0.009056559763848782,46.912559509277344,32.61317443847656,104.0,0.6128341555595398,0.0037757796235382557,0.6090583801269531,75.0,0.3065752685070038,135.0,0.306772381067276,60.0,0.010560651309788227,0.009872960858047009,30.44453239440918,30.214210510253906,115.0,0.04544612020254135,0.004349767696112394,0.04109635204076767,75.0,0.024618320167064667,142.0,0.025505341589450836,67.0,0.0005206950008869171,0.0007385473581962287,2.5839924812316895,2.288208246231079,123.0,0.7463867664337158,0.16752409934997559,0.5788626670837402,91.0,0.4562177360057831,146.0,0.4628385901451111,55.0,0.009067782200872898,0.01232818141579628,35.622867584228516,26.241518020629883,True
15022770320SC,0,2020,1,Fungicide,False,175,True,138.0,0.8214021921157837,0.17872878909111023,0.6426733732223511,108.0,0.5087236762046814,166.0,0.4968508183956146,58.0,0.010422617197036743,0.01159112062305212,41.727638244628906,31.18263816833496,135.0,0.8306528329849243,0.38316577672958374,0.4474870562553406,106.0,0.6069902777671814,169.0,0.6103807091712952,63.0,0.007712502032518387,0.006478591822087765,48.24541473388672,23.722803115844727,134.0,0.6392907500267029,0.09399375319480896,0.5452970266342163,103.0,0.37045133113861084,165.0,0.3647434115409851,62.0,0.008672239258885384,0.008856365457177162,34.357460021972656,28.435853958129883,141.0,0.042701367288827896,0.01556689664721489,0.027134470641613007,104.0,0.028788883239030838,173.0,0.02916816808283329,69.0,0.00037601307849399745,0.00042291247518733144,2.6587424278259277,1.5690593719482422,153.0,0.6867515444755554,0.3245341181755066,0.36221742630004883,126.0,0.5091070532798767,175.0,0.5643719434738159,49.0,0.006579425651580095,0.005562709178775549,31.278697967529297,15.214256286621094,True
15022770419FP,0,2020,0,No,False,88,True,1.0,0.22557806968688965,0.14814752340316772,0.07743054628372192,0.0,,7.0,0.1853308230638504,7.0,,0.006707874592393637,1.3250879049301147,0.36212897300720215,1.0,0.3738478422164917,0.3023783564567566,0.07146948575973511,0.0,,8.0,0.3381176292896271,8.0,,0.005104315932840109,2.660407066345215,0.39256954193115234,1.0,0.12196653336286545,0.06505769491195679,0.05690883845090866,0.0,,7.0,0.09207016974687576,7.0,,0.004982727114111185,0.6877895593643188,0.26491454243659973,1.0,0.02233748696744442,0.012520319782197475,0.009817167185246944,0.0,,10.0,0.017448462545871735,10.0,,0.0005432249163277447,0.18775732815265656,0.06881429255008698,65.0,0.27725449204444885,0.18186497688293457,0.09538951516151428,51.0,0.22675128281116486,87.0,0.23002898693084717,36.0,0.0036073720548301935,0.002146613784134388,9.520950317382812,2.791947841644287,False
15022770421FP,0,2020,0,No,False,61,False,340.0,0.7993379831314087,0.5555802583694458,0.2437577247619629,306.0,0.7447799444198608,359.0,0.676348090171814,53.0,0.0016046481905505061,0.006473152432590723,41.252559661865234,11.52901840209961,340.0,0.8160611391067505,0.6444962024688721,0.17156493663787842,306.0,0.7551954388618469,359.0,0.7306180596351624,53.0,0.0017901676474139094,0.004497004207223654,42.26353454589844,7.782985687255859,338.0,0.6298578381538391,0.41882145404815674,0.21103638410568237,306.0,0.5790699124336243,359.0,0.5203326940536499,53.0,0.0015871226787567139,0.0052154832519590855,32.28461456298828,9.877670288085938,345.0,0.0258902907371521,0.015813689678907394,0.010076601058244705,325.0,0.02090652659535408,363.0,0.02071233280003071,38.0,0.00024918821873143315,0.00028766432660631835,0.9378080368041992,0.32107406854629517,346.0,0.7438251972198486,0.5322952270507812,0.21152997016906738,326.0,0.6371378302574158,364.0,0.6405135989189148,38.0,0.0053343684412539005,0.005739533342421055,27.505983352661133,6.746469497680664,True
15022770421FP,1,2021,1,Fungicide,False,365,False,1.0,0.5223987698554993,0.2871859669685364,0.2352128028869629,0.0,,6.0,0.4045851230621338,6.0,,0.023562729358673096,2.52170991897583,0.9421870708465576,1.0,0.6203187108039856,0.4168435335159302,0.20347517728805542,0.0,,332.0,0.5155577063560486,332.0,,0.0003164985100738704,98.490234375,-39.69337463378906,312.0,0.40459495782852173,0.02336079627275467,0.38123416900634766,280.0,0.2117249071598053,346.0,0.21042084693908691,66.0,0.0060271890833973885,0.005711003206670284,22.24094009399414,20.675765991210938,307.0,0.0337599441409111,0.014434780925512314,0.01932516321539879,283.0,0.02405676431953907,365.0,0.026078933849930763,82.0,0.00040429914952255785,0.00013243121793493629,2.5941243171691895,1.403254508972168,1.0,0.6063160300254822,0.3758346438407898,0.23048138618469238,0.0,,10.0,0.4874044954776764,10.0,,0.013212393037974834,5.175386905670166,1.6049578189849854,True
15022770421FP,2,2022,0,No,False,59,False,1.0,0.14824721217155457,0.12429893016815186,0.02394828200340271,0.0,,4.0,0.13650380074977875,4.0,,0.0039144703187048435,0.4947102963924408,0.0596640408039093,59.0,0.30781883001327515,0.28541016578674316,0.022408664226531982,51.0,0.29644912481307983,0.0,,-51.0,0.001421213150024414,,0.0,0.0,1.0,0.06750062108039856,0.04855409264564514,0.018946528434753418,0.0,,4.0,0.056398600339889526,4.0,,0.0037006735801696777,0.21337224543094635,0.043432921171188354,1.0,0.025317218154668808,0.015289437025785446,0.010027781128883362,0.0,,7.0,0.020375223830342293,7.0,,0.0008236657013185322,0.14743979275226593,0.04805845022201538,54.0,0.17466086149215698,0.1500982642173767,0.024562597274780273,38.0,0.16206671297550201,59.0,0.17444147169589996,21.0,0.0007871342822909355,4.387796070659533e-05,3.6914119720458984,0.46429920196533203,False
15022770520FP,0,2021,0,No,False,127,True,1.0,0.12467150390148163,0.11028191447257996,0.014389589428901672,0.0,,1.0,0.12467150390148163,1.0,,,0.1858159303665161,0.02039305865764618,1.0,0.3447287082672119,0.2973589301109314,0.04736977815628052,0.0,,1.0,0.3447287082672119,1.0,,,0.5128887891769409,0.06685039401054382,1.0,0.04331980273127556,0.03275327757000923,0.010566525161266327,0.0,,1.0,0.04331980273127556,1.0,,,0.06430093944072723,0.015171021223068237,29.0,0.012190068140625954,0.002930964110419154,0.009259103797376156,1.0,0.004198344890028238,0.0,,-1.0,0.00028541870415210724,,0.0,0.0,66.0,0.39903905987739563,0.2769913375377655,0.12204772233963013,60.0,0.39397647976875305,68.0,0.39852556586265564,8.0,0.0008437633514404297,0.0002567470073699951,3.3786981105804443,1.0242717266082764,False
15022770520FP,1,2021,0,No,False,23,True,343.0,0.10719490796327591,0.08851081132888794,0.01868409663438797,0.0,,352.0,0.09829131513834,352.0,,0.000989288091659546,0.9862501621246338,0.14539742469787598,343.0,0.26139989495277405,0.19261828064918518,0.06878161430358887,0.0,,351.0,0.22445224225521088,351.0,,0.004618456587195396,2.0754683017730713,0.43821287155151367,343.0,0.023720886558294296,0.015076813288033009,0.008644073270261288,0.0,,352.0,0.019317245110869408,352.0,,0.0004892934812232852,0.20847897231578827,0.0652492493391037,365.0,0.037062786519527435,0.023503843694925308,0.013558942824602127,360.0,0.030294213443994522,0.0,,-360.0,0.0013537146151065826,,0.0,0.0,343.0,0.397825688123703,0.36201632022857666,0.03580936789512634,0.0,,351.0,0.38082408905029297,351.0,,0.0021251998841762543,3.3175480365753174,0.24040937423706055,False
15022770522SP,0,2021,0,No,False,68,True,1.0,0.11500953882932663,0.10671097040176392,0.008298568427562714,0.0,,5.0,0.11113115400075912,5.0,,0.0009695962071418762,0.5078248977661133,0.02762553095817566,1.0,0.3132018446922302,0.2881176769733429,0.02508416771888733,0.0,,6.0,0.2997066080570221,6.0,,0.002699047327041626,1.6818499565124512,0.09720277786254883,1.0,0.03741137683391571,0.031476009637117386,0.005935367196798325,0.0,,40.0,0.034317463636398315,40.0,,7.93311046436429e-05,1.4025261402130127,0.1592237949371338,68.0,0.009277543053030968,0.0061547704972326756,0.003122772555798292,66.0,0.0077894446440041065,0.0,,-66.0,0.0007440492045134306,,0.0,0.0,68.0,0.38602980971336365,0.2739991843700409,0.11203062534332275,55.0,0.33123040199279785,0.0,,-55.0,0.004215339198708534,,0.0,0.0,False
15022770522SP,1,2021,0,No,False,23,True,343.0,0.10875890403985977,0.08886034786701202,0.019898556172847748,0.0,,352.0,0.09863228350877762,352.0,,0.0011251800460740924,0.9946398735046387,0.15046656131744385,343.0,0.26092493534088135,0.19243162870407104,0.0684933066368103,0.0,,351.0,0.22417674958705902,351.0,,0.004593523219227791,2.0722906589508057,0.4366217851638794,343.0,0.025236597284674644,0.015245924703776836,0.009990672580897808,0.0,,351.0,0.02027943730354309,351.0,,0.0006196449976414442,0.19541698694229126,0.06582662463188171,365.0,0.03688187897205353,0.023492980748414993,0.013388898223638535,360.0,0.030156293883919716,0.0,,-360.0,0.001345116994343698,,0.0,0.0,345.0,0.38837912678718567,0.3617732524871826,0.026605874300003052,343.0,0.38727444410324097,354.0,0.3736851215362549,11.0,0.0005523413419723511,0.0016326672630384564,4.411714553833008,0.25132226943969727,False
15022770621SP,0,2020,1,Other,False,88,True,323.0,0.36597907543182373,0.07244262844324112,0.2935364544391632,1.0,0.0841669961810112,323.0,0.36597907543182373,322.0,0.0008751927525736392,,0.6625959873199463,0.44526809453964233,323.0,0.4942651689052582,0.25900959968566895,0.23525556921958923,1.0,0.28362002968788147,323.0,0.4942651689052582,322.0,0.0006541774491779506,,1.1560125350952148,0.378983736038208,323.0,0.23745961487293243,0.010896869003772736,0.2265627384185791,1.0,0.018502624705433846,323.0,0.23745961487293243,322.0,0.0006799906841479242,,0.3747069239616394,0.3420163094997406,323.0,0.030507344752550125,0.003063384210690856,0.027443960309028625,0.0,,323.0,0.030507344752550125,323.0,,,0.04922351613640785,0.04003336280584335,323.0,0.9524625539779663,0.3310001492500305,0.6214624047279358,1.0,0.3960362374782562,323.0,0.9524625539779663,322.0,0.0017280319007113576,,1.9991313219070435,1.0061309337615967,True
15022770621SP,1,2021,1,Fungicide,False,371,True,113.0,0.8482332229614258,0.0406104251742363,0.8076227903366089,81.0,0.4530400335788727,146.0,0.4526551067829132,65.0,0.012349787168204784,0.011987215839326382,46.63910675048828,43.95881652832031,109.0,0.8472499251365662,0.1815125197172165,0.6657373905181885,76.0,0.5076777935028076,148.0,0.509554922580719,72.0,0.010290064848959446,0.008658845908939838,53.01251983642578,39.762107849121094,108.0,0.656643807888031,-0.005299096927046776,0.6619428992271423,78.0,0.3290478587150574,143.0,0.33190134167671204,65.0,0.010919865220785141,0.009278356097638607,35.475250244140625,35.824989318847656,122.0,0.049376729875802994,0.0038207373581826687,0.04555599391460419,82.0,0.026646291837096214,151.0,0.026054393500089645,69.0,0.0005682609626092017,0.0008042185218073428,2.880486488342285,2.613034963607788,127.0,0.8256233334541321,0.1801205724477768,0.6455027461051941,96.0,0.5099385976791382,152.0,0.4947078227996826,56.0,0.010183378122746944,0.013236620463430882,40.170745849609375,29.903873443603516,True
15022770721SP,0,2020,1,Other,False,88,True,323.0,0.2755129337310791,0.07858043909072876,0.19693249464035034,1.0,0.08359962701797485,323.0,0.2755129337310791,322.0,0.0005960040725767612,,0.5285251140594482,0.29278379678726196,323.0,0.4272136092185974,0.2534060478210449,0.1738075613975525,1.0,0.26038452982902527,323.0,0.4272136092185974,322.0,0.0005181027227081358,,1.023585319519043,0.2633671760559082,323.0,0.15818911790847778,0.01598300412297249,0.1422061175107956,1.0,0.019335011020302773,323.0,0.15818911790847778,322.0,0.000431223917985335,,0.25996148586273193,0.21201246976852417,323.0,0.025280287489295006,0.0030867885798215866,0.02219349890947342,0.0,,323.0,0.025280287489295006,323.0,,,0.04157865047454834,0.03231828659772873,323.0,0.8130213618278503,0.2600269913673401,0.5529943704605103,1.0,0.2686779499053955,323.0,0.8130213618278503,322.0,0.001690507517196238,,1.6023435592651367,0.8222625851631165,False
15022770721SP,1,2021,1,Fungicide,False,371,True,127.0,0.784687876701355,0.04105103015899658,0.7436368465423584,90.0,0.40471121668815613,164.0,0.41498973965644836,74.0,0.01026963908225298,0.00999184139072895,48.66254806518555,45.58372116088867,121.0,0.7995436191558838,0.158526211977005,0.6410174369812012,86.0,0.4779697358608246,169.0,0.47638702392578125,83.0,0.00918782502412796,0.006732428912073374,57.466522216796875,44.15032196044922,120.0,0.5958670973777771,0.001169067109003663,0.5946980118751526,88.0,0.30595362186431885,162.0,0.29313603043556213,74.0,0.00905979610979557,0.0072078825905919075,36.53666687011719,36.4489860534668,129.0,0.0540071576833725,0.003028430975973606,0.050978727638721466,92.0,0.02819325029850006,171.0,0.028217939659953117,79.0,0.0006976731820032,0.000614029006101191,3.5832197666168213,3.340945243835449,146.0,0.6919663548469543,0.15906164050102234,0.5329047441482544,107.0,0.4247048497200012,177.0,0.427550345659256,70.0,0.006852859165519476,0.008529548533260822,42.38201904296875,31.088642120361328,True
15022770820SP,0,2020,1,Herbicide,False,175,True,115.0,0.6991844773292542,0.017922531813383102,0.6812619566917419,82.0,0.36652621626853943,150.0,0.3577176034450531,68.0,0.010080553591251373,0.009756196290254593,39.84170150756836,38.605045318603516,111.0,0.7616131901741028,0.19456714391708374,0.567046046257019,79.0,0.4771878123283386,150.0,0.481100469827652,71.0,0.00888829305768013,0.007192634046077728,47.66275405883789,33.6539192199707,110.0,0.5614811182022095,-0.031538061797618866,0.5930191874504089,79.0,0.2724300026893616,147.0,0.2593702971935272,68.0,0.009324229322373867,0.008165157400071621,31.24341583251953,33.4195442199707,125.0,0.048638734966516495,0.0008954076911322773,0.04774332791566849,78.0,0.024619152769446373,156.0,0.024915723130106926,78.0,0.0005110549391247332,0.0007652584463357925,3.1402533054351807,3.069516181945801,133.0,0.662983238697052,0.1408814936876297,0.5221017599105835,101.0,0.40564531087875366,158.0,0.4064696431159973,57.0,0.008041810244321823,0.010260543785989285,32.7271728515625,24.556045532226562,True
15022770822SP,0,2021,1,Other,False,25,True,341.0,0.0559307299554348,0.04869981110095978,0.007230918854475021,0.0,,347.0,0.05210400000214577,347.0,,0.000637788325548172,0.3501521050930023,0.03360334038734436,341.0,0.24295391142368317,0.16435301303863525,0.07860089838504791,0.0,,347.0,0.20135697722434998,347.0,,0.006932822521775961,1.4335665702819824,0.36527204513549805,341.0,0.00695709278807044,0.002239635679870844,0.004717457108199596,0.0,,347.0,0.004460533615201712,347.0,,0.0004160931857768446,0.03648047149181366,0.021922839805483818,365.0,0.025723202154040337,0.013080749660730362,0.012642452493309975,359.0,0.019260864704847336,0.0,,-359.0,0.001077056280337274,,0.0,0.0,341.0,0.2986719012260437,0.26048508286476135,0.03818681836128235,0.0,,347.0,0.2785354256629944,347.0,,0.003356079338118434,1.8709142208099365,0.17776119709014893,False
15022770920SP,0,2020,1,Fungicide,False,304,True,147.0,0.9041301608085632,0.038195692002773285,0.8659344911575317,114.0,0.46745947003364563,179.0,0.4807853102684021,65.0,0.01323244534432888,0.013229526579380035,49.60448455810547,47.08356857299805,1.0,0.8504718542098999,0.5143893361091614,0.3360825181007385,0.0,,11.0,0.6850720047950745,11.0,,0.016539985314011574,8.030323028564453,2.62923526763916,146.0,0.6655346751213074,-0.014346356503665447,0.6798810362815857,111.0,0.32665568590164185,179.0,0.32492056488990784,68.0,0.00968225672841072,0.010321639478206635,37.905609130859375,38.8955078125,163.0,0.04116183519363403,0.002478832844644785,0.038683000952005386,105.0,0.021748697385191917,190.0,0.02142535336315632,85.0,0.00033470927155576646,0.0007309808279387653,3.021430015563965,2.8082504272460938,1.0,0.9854307770729065,0.5392535328865051,0.44617724418640137,0.0,,12.0,0.7633731365203857,12.0,,0.020187057554721832,10.009469032287598,3.8080530166625977,True
15022770922SP,0,2021,1,Other,False,54,True,320.0,0.06244613975286484,0.05261874943971634,0.009827390313148499,312.0,0.06187015771865845,337.0,0.057572055608034134,25.0,7.19977542757988e-05,0.00028671082691289485,1.559390664100647,0.21761250495910645,312.0,0.201955184340477,0.1640697568655014,0.037885427474975586,0.0,,330.0,0.1834053248167038,330.0,,0.0010305477771908045,3.5615592002868652,0.526268720626831,312.0,0.017027780413627625,0.006754456087946892,0.010273324325680733,0.0,,322.0,0.011885656975209713,322.0,,0.0005142123554833233,0.1506642997264862,0.07974250614643097,365.0,0.02036525309085846,0.012277884408831596,0.008087368682026863,360.0,0.016594603657722473,0.0,,-360.0,0.0007541298982687294,,0.0,0.0,312.0,0.2843319773674011,0.2687578499317169,0.015574127435684204,0.0,,315.0,0.2773865759372711,315.0,,0.002315133810043335,0.9812496900558472,0.04059720039367676,False
15022771020SP,0,2020,1,Fungicide,False,366,True,118.0,0.7813265323638916,0.04486681520938873,0.7364597320556641,87.0,0.4059109389781952,149.0,0.4043014645576477,62.0,0.012110180221498013,0.012162098661065102,40.44074630737305,37.6141357421875,116.0,0.7804283499717712,0.2006153166294098,0.5798130035400391,84.0,0.4906868636608124,150.0,0.49585360288619995,66.0,0.009054421447217464,0.00836984533816576,45.33627700805664,31.895051956176758,115.0,0.5975965857505798,-0.010852618142962456,0.6084492206573486,84.0,0.297561377286911,147.0,0.29305025935173035,63.0,0.009678554721176624,0.009517072699964046,31.125886917114258,31.820453643798828,125.0,0.04945044219493866,0.002565681003034115,0.04688476026058197,82.0,0.025975093245506287,153.0,0.026666197925806046,71.0,0.0005459383246488869,0.0008137230179272592,2.919248104095459,2.7345190048217773,132.0,0.6489750742912292,0.17671287059783936,0.4722622036933899,105.0,0.41160932183265686,155.0,0.41232359409332275,50.0,0.008791323751211166,0.010289194993674755,28.350208282470703,19.337852478027344,True
15022771021SP,0,2020,1,Other,False,427,True,118.0,0.7813265323638916,0.04486671835184097,0.7364597916603088,87.0,0.4059109389781952,149.0,0.4043014645576477,62.0,0.012110180221498013,0.012162098661065102,40.44074630737305,37.61414337158203,116.0,0.7804283499717712,0.20061984658241272,0.5798084735870361,84.0,0.4906868636608124,150.0,0.49585357308387756,66.0,0.009054421447217464,0.008369846269488335,45.33627700805664,31.89474868774414,115.0,0.5975965857505798,-0.010852520354092121,0.6084491014480591,84.0,0.297561377286911,147.0,0.29305025935173035,63.0,0.009678554721176624,0.009517072699964046,31.125885009765625,31.820446014404297,125.0,0.04945044219493866,0.002733748871833086,0.04671669378876686,82.0,0.025975093245506287,153.0,0.026666197925806046,71.0,0.0005459383246488869,0.0008137230179272592,2.919248104095459,2.7224183082580566,132.0,0.6489752531051636,0.1567295491695404,0.49224570393562317,104.0,0.3997969329357147,156.0,0.39780837297439575,52.0,0.008899225853383541,0.010465286672115326,29.147817611694336,20.84115219116211,True
1502277119FP,0,2020,0,No,False,88,True,1.0,0.08566343784332275,0.0818461924791336,0.003817245364189148,0.0,,6.0,0.08384731411933899,6.0,,0.00036322473897598684,0.4656938314437866,0.015539765357971191,1.0,0.30952152609825134,0.27689462900161743,0.03262689709663391,0.0,,11.0,0.29369181394577026,11.0,,0.0015829711919650435,3.1651854515075684,0.25779199600219727,68.0,0.01935439370572567,0.012836892157793045,0.006517501547932625,55.0,0.01588365249335766,88.0,0.016736051067709923,33.0,0.00026698008878156543,0.0001309171348111704,0.6079096794128418,0.17787370085716248,10.0,0.007253850344568491,0.005264620762318373,0.0019892295822501183,1.0,0.00712633365765214,23.0,0.006301601883023977,22.0,1.416852046531858e-05,7.324988109758124e-05,0.15842710435390472,0.03997313976287842,1.0,0.39206910133361816,0.2789662480354309,0.11310285329818726,0.0,,29.0,0.33446669578552246,29.0,,0.0020572287030518055,10.362447738647461,2.411909580230713,False
1502277120FP,0,2020,1,Fungicide,False,340,True,313.0,0.71272873878479,0.08858808875083923,0.6241406202316284,278.0,0.39404916763305664,0.0,,-278.0,0.009105131030082703,,0.0,0.0,312.0,0.7561872601509094,0.2679724395275116,0.4882148206233978,277.0,0.512537956237793,0.0,,-277.0,0.006961408536881208,,0.0,0.0,310.0,0.5687785744667053,0.008739523589611053,0.5600390434265137,275.0,0.28604018688201904,0.0,,-275.0,0.008078239858150482,,0.0,0.0,298.0,0.0351986363530159,0.007138093933463097,0.028060542419552803,269.0,0.021185263991355896,305.0,0.03468720614910126,36.0,0.00048321974463760853,7.306145562324673e-05,1.1582753658294678,0.8941658735275269,349.0,0.8045657873153687,0.4402386248111725,0.36432716250419617,290.0,0.6108278632164001,0.0,,-290.0,0.003283693687990308,,0.0,0.0,True
15022771820FP,0,2019,0,No,False,61,False,365.0,0.09246029704809189,0.08736646175384521,0.005093835294246674,362.0,0.08952280879020691,0.0,,-362.0,0.0009791627526283264,,0.0,0.0,321.0,0.24649225175380707,0.23793074488639832,0.008561506867408752,305.0,0.24530838429927826,338.0,0.24225011467933655,33.0,7.399171590805054e-05,0.00024953746469691396,8.223448753356934,0.25276899337768555,338.0,0.019158706068992615,0.017403194680809975,0.00175551138818264,322.0,0.01826614700257778,351.0,0.018240582197904587,29.0,5.578494165092707e-05,7.062491204123944e-05,0.5638697147369385,0.041773855686187744,336.0,0.005814140662550926,0.003145201364532113,0.002668939298018813,317.0,0.004448954481631517,351.0,0.004524844698607922,34.0,7.185190770542249e-05,8.595306280767545e-05,0.1845766007900238,0.07449455559253693,305.0,0.3470620810985565,0.2863195538520813,0.06074252724647522,0.0,,315.0,0.31711912155151367,315.0,,0.002994295908138156,3.4779345989227295,0.47157931327819824,False
15022771820FP,1,2020,1,Fungicide,False,366,False,309.0,0.6326499581336975,0.06386974453926086,0.5687801837921143,283.0,0.34338921308517456,333.0,0.3429626226425171,50.0,0.011125413700938225,0.01207030564546585,26.665544509887695,23.408187866210938,309.0,0.7041483521461487,0.23132993280887604,0.47281843423843384,283.0,0.47059670090675354,335.0,0.47196343541145325,52.0,0.008982756175100803,0.008930189535021782,32.698081970214844,20.43759536743164,307.0,0.5114026665687561,-0.007138526998460293,0.5185412168502808,281.0,0.25006020069122314,331.0,0.25181296467781067,50.0,0.010051633231341839,0.010816237889230251,21.09010124206543,21.454166412353516,303.0,0.038683123886585236,0.0036467669997364283,0.0350363552570343,277.0,0.021522607654333115,332.0,0.02093828283250332,55.0,0.0006600198685191572,0.0006118910969235003,1.8020237684249878,1.5978047847747803,316.0,0.5432214140892029,0.19541597366333008,0.3478054404258728,28.0,0.3701987564563751,341.0,0.3717796504497528,313.0,0.0006007731426507235,0.0068576703779399395,111.70626831054688,50.34565353393555,True
15022771820FP,2,2021,0,No,False,59,False,59.0,0.10515602678060532,0.09316545724868774,0.011990569531917572,51.0,0.0994773581624031,0.0,,-51.0,0.0007098335772752762,,0.0,0.0,1.0,0.271142840385437,0.24858224391937256,0.022560596466064453,0.0,,15.0,0.2600541114807129,15.0,,0.0007920520729385316,3.8338704109191895,0.22942781448364258,59.0,0.026889711618423462,0.018167080357670784,0.008722631260752678,47.0,0.02255067601799965,0.0,,-47.0,0.00036158630973659456,,0.0,0.0,1.0,0.0050671957433223724,0.003805884625762701,0.0012613111175596714,0.0,,36.0,0.00447438471019268,36.0,,1.6937457985477522e-05,0.16847023367881775,0.03336133062839508,59.0,0.22530363500118256,0.21722598373889923,0.008077651262283325,43.0,0.22130602598190308,0.0,,-43.0,0.0002498505637049675,,0.0,0.0,False
15022771821FP,0,2020,0,No,False,61,False,306.0,0.5949165225028992,0.06598801165819168,0.5289285182952881,0.0,,318.0,0.3221733868122101,318.0,,0.02272859402000904,5.678170204162598,4.82032585144043,306.0,0.7060481309890747,0.2661721408367157,0.439875990152359,0.0,,319.0,0.48155614733695984,319.0,,0.01726861484348774,8.0747652053833,4.348355293273926,306.0,0.4683510959148407,0.008221257477998734,0.46012982726097107,0.0,,317.0,0.24467603862285614,317.0,,0.020334096625447273,4.03665828704834,3.9380033016204834,306.0,0.01796012744307518,0.00872529111802578,0.0092348363250494,0.0,,320.0,0.013345375657081604,320.0,,0.00032962512341327965,0.2300368845462799,0.09915751218795776,306.0,0.687468409538269,0.35492420196533203,0.332544207572937,0.0,,321.0,0.5214727520942688,321.0,,0.01106637716293335,9.49249267578125,3.8137054443359375,True
15022771821FP,1,2021,1,Fungicide,False,365,False,319.0,0.5995322465896606,0.10043623298406601,0.49909600615501404,293.0,0.3476356863975525,345.0,0.34828466176986694,52.0,0.009688328951597214,0.009663368575274944,26.64606475830078,21.32294464111328,318.0,0.662630021572113,0.25243881344795227,0.41019120812416077,291.0,0.4532339870929718,345.0,0.4544994533061981,54.0,0.007755408529192209,0.007708539720624685,32.10377502441406,18.219640731811523,317.0,0.4752223789691925,0.02500048652291298,0.4502218961715698,291.0,0.25328946113586426,343.0,0.25238096714019775,52.0,0.008535881526768208,0.008570823818445206,20.673484802246094,19.348459243774414,312.0,0.041549377143383026,0.0171197522431612,0.024429624900221825,292.0,0.029276590794324875,365.0,0.029463516548275948,73.0,0.0006136393058113754,0.00022803510364610702,2.6865012645721436,1.4281994104385376,330.0,0.427866667509079,0.20779559016227722,0.22007107734680176,299.0,0.3183249533176422,351.0,0.3220699727535248,52.0,0.003533603623509407,0.00503793777897954,20.333173751831055,9.32000732421875,True
15022771821FP,2,2022,0,No,False,59,False,31.0,0.1557541936635971,0.13707678020000458,0.01867741346359253,13.0,0.14641417562961578,47.0,0.14632007479667664,34.0,0.0005188898649066687,0.0005896324291825294,5.330721378326416,0.5330338478088379,40.0,0.34744513034820557,0.32213908433914185,0.02530604600906372,22.0,0.3345792293548584,59.0,0.335908442735672,37.0,0.0007147722644731402,0.000607194087933749,12.857760429382324,0.7775459289550781,37.0,0.08527392148971558,0.06394024938344955,0.02133367210626602,21.0,0.07484923303127289,52.0,0.07449063658714294,31.0,0.000651543028652668,0.0007188856834545732,2.602393865585327,0.5563058853149414,1.0,0.028752218931913376,0.020897431299090385,0.00785478763282299,0.0,,6.0,0.02487293630838394,6.0,,0.0007758565479889512,0.14664776623249054,0.031711891293525696,59.0,0.24401430785655975,0.21326851844787598,0.030745789408683777,39.0,0.22916065156459808,0.0,,-39.0,0.0007426828378811479,,0.0,0.0,False
15022772820SP,0,2019,0,No,False,61,False,305.0,0.0886504277586937,0.07956992089748383,0.00908050686120987,0.0,,313.0,0.08430176228284836,313.0,,0.0005435831844806671,0.7340924739837646,0.05774813890457153,346.0,0.3488839268684387,0.2867205739021301,0.062163352966308594,332.0,0.31881096959114075,364.0,0.31709954142570496,32.0,0.0021480682771652937,0.00176579924300313,11.09046459197998,1.6286869049072266,347.0,0.027391862124204636,0.02286449819803238,0.0045273639261722565,333.0,0.025140078738331795,365.0,0.02551664598286152,32.0,0.00016084166418295354,0.00010417867451906204,0.8615462183952332,0.11844992637634277,336.0,0.015611239708960056,0.013395803049206734,0.0022154366597533226,321.0,0.014487454667687416,350.0,0.014466257765889168,29.0,7.491900032619014e-05,8.17844265839085e-05,0.4529075622558594,0.051033467054367065,305.0,0.5013747811317444,0.40151262283325195,0.09986215829849243,0.0,,313.0,0.4531683027744293,313.0,,0.006025809794664383,4.043031215667725,0.630173921585083,False
15022772820SP,1,2020,1,Herbicide,False,366,False,118.0,0.8263751864433289,0.05439422279596329,0.7719809412956238,88.0,0.44637224078178406,150.0,0.4472719728946686,62.0,0.012666764669120312,0.011846975423395634,43.29594039916992,39.86910629272461,117.0,0.8208652138710022,0.21997186541557312,0.6008933782577515,82.0,0.5234646201133728,154.0,0.5145601034164429,72.0,0.00849715992808342,0.008278516121208668,52.046836853027344,35.9888916015625,115.0,0.6328163146972656,-0.011741550639271736,0.6445578932762146,82.0,0.31248170137405396,149.0,0.309467077255249,67.0,0.009707109071314335,0.00951027125120163,35.10281753540039,35.901241302490234,123.0,0.0535716786980629,0.006065163761377335,0.04750651493668556,81.0,0.030101697891950607,152.0,0.030381735414266586,71.0,0.000558809086214751,0.0007996532367542386,3.2514841556549072,2.8147923946380615,134.0,0.8222898840904236,0.21104860305786133,0.6112412810325623,105.0,0.5186360478401184,155.0,0.5228943824768066,50.0,0.010470821522176266,0.01425692904740572,35.86219024658203,25.098712921142578,True
15022772820SP,2,2021,0,No,False,59,False,59.0,0.09049885720014572,0.08177539706230164,0.008723460137844086,48.0,0.08605789393186569,0.0,,-48.0,0.00040372394141741097,,0.0,0.0,24.0,0.2459239810705185,0.23289291560649872,0.013031065464019775,9.0,0.23940861225128174,38.0,0.23943454027175903,29.0,0.0004343579348642379,0.00046353149809874594,7.300507068634033,0.3137192726135254,59.0,0.01600519008934498,0.015188602730631828,0.00081658735871315,51.0,0.015582697466015816,0.0,,-51.0,5.2811577916145325e-05,,0.0,0.0,27.0,0.012225240468978882,0.007812868803739548,0.004412371665239334,12.0,0.010088777169585228,42.0,0.009952732361853123,30.0,0.0001424308866262436,0.00015150054241530597,0.35112264752388,0.10892371833324432,1.0,0.31440269947052,0.29276227951049805,0.021640419960021973,0.0,,21.0,0.30393704771995544,21.0,,0.0005232825642451644,6.383750915527344,0.3821239471435547,False
15022772821SP,0,2020,1,Other,False,88,True,323.0,0.08862211555242538,0.07090552896261215,0.017716586589813232,1.0,0.07843686640262604,323.0,0.08862211555242538,322.0,3.163120709359646e-05,,0.2500366270542145,0.03732004761695862,334.0,0.32190805673599243,0.24051976203918457,0.08138829469680786,323.0,0.29239171743392944,0.0,,-323.0,0.002683303551748395,,0.0,0.0,323.0,0.044073931872844696,0.01955142244696617,0.024522509425878525,1.0,0.020422711968421936,323.0,0.044073931872844696,322.0,7.345099584199488e-05,,0.09590118378400803,0.03724691644310951,323.0,0.008088168688118458,0.004894305020570755,0.003193863667547703,1.0,0.005062850657850504,323.0,0.008088168688118458,322.0,9.395397682965267e-06,,0.01952475681900978,0.004841841757297516,323.0,0.3072134554386139,0.28183668851852417,0.02537676692008972,1.0,0.28899532556533813,323.0,0.3072134554386139,322.0,5.65780428587459e-05,,0.8914458751678467,0.04593580961227417,False
15022772919FP,0,2020,0,No,False,88,True,1.0,0.09347574412822723,0.08765332400798798,0.005822420120239258,0.0,,7.0,0.09061605483293533,7.0,,0.0004766148922499269,0.5975428223609924,0.02779620885848999,33.0,0.27949824929237366,0.23507024347782135,0.04442800581455231,1.0,0.2631562352180481,52.0,0.2578990161418915,51.0,0.0005106879398226738,0.0011368017876520753,14.041000366210938,1.9348831176757812,1.0,0.02167447656393051,0.017442956566810608,0.0042315199971199036,0.0,,11.0,0.019513798877596855,11.0,,0.00021606776863336563,0.21471835672855377,0.031567320227622986,1.0,0.00878639705479145,0.0055100261233747005,0.00327637093141675,0.0,,16.0,0.007135010790079832,16.0,,0.00011009242007276043,0.1239771917462349,0.038571782410144806,18.0,0.44602474570274353,0.3834776282310486,0.06254711747169495,1.0,0.42585575580596924,32.0,0.4152386784553528,31.0,0.0011864111293107271,0.0021990048699080944,13.750213623046875,1.670668601989746,False
15022772921FP,0,2020,0,No,False,61,False,360.0,0.7711632251739502,0.7182807922363281,0.05288243293762207,343.0,0.7454109787940979,364.0,0.7677762508392334,21.0,0.0015148380771279335,0.0008467435836791992,16.77115249633789,0.9689750671386719,363.0,0.8106611967086792,0.7702460289001465,0.040415167808532715,348.0,0.7901666760444641,364.0,0.8104304075241089,16.0,0.001366301323287189,0.0002307891845703125,13.646780967712402,0.5525970458984375,360.0,0.5727019309997559,0.5352004766464233,0.03750145435333252,344.0,0.5545690059661865,364.0,0.5697742104530334,20.0,0.0011333078145980835,0.000731930136680603,11.895414352416992,0.6562051773071289,360.0,0.015910029411315918,0.01128886267542839,0.0046211667358875275,344.0,0.013552365824580193,364.0,0.015754370018839836,20.0,0.00014735397417098284,3.891484811902046e-05,0.32004445791244507,0.08297833800315857,1.0,0.6479067802429199,0.5872696042060852,0.06063717603683472,0.0,,0.0,,0.0,,,0.0,0.0,False
15022772921FP,1,2021,1,Fungicide,False,365,False,1.0,0.7596142888069153,0.41720491647720337,0.3424093723297119,0.0,,17.0,0.5959032773971558,17.0,,0.01023193821310997,11.430896759033203,4.54701566696167,1.0,0.8070741295814514,0.510353147983551,0.2967209815979004,0.0,,20.0,0.652707040309906,20.0,,0.008124583400785923,14.590224266052246,4.638337135314941,1.0,0.5628777146339417,0.28364500403404236,0.2792327105998993,0.0,,17.0,0.4269410967826843,17.0,,0.008496038615703583,8.371443748474121,3.6913013458251953,307.0,0.024748817086219788,0.011449001729488373,0.013299815356731415,290.0,0.017871985211968422,334.0,0.020458556711673737,44.0,0.00040451952372677624,0.00015889853239059448,1.0081584453582764,0.492953360080719,2.0,0.6483258008956909,0.509314775466919,0.13901102542877197,1.0,0.6482468843460083,21.0,0.5793713331222534,20.0,7.891654968261719e-05,0.0036291824653744698,12.822708129882812,2.381755828857422,True
15022772921FP,2,2022,0,No,False,59,False,1.0,0.22352567315101624,0.16711366176605225,0.05641201138496399,0.0,,6.0,0.19553078711032867,6.0,,0.005598977208137512,1.1458065509796143,0.2266814112663269,1.0,0.41622835397720337,0.3471376299858093,0.06909072399139404,0.0,,8.0,0.38359755277633667,8.0,,0.00466154282912612,2.9913747310638428,0.38784241676330566,1.0,0.15059998631477356,0.09250465035438538,0.058095335960388184,0.0,,7.0,0.11946853995323181,7.0,,0.0051885745488107204,0.8704501986503601,0.26916998624801636,1.0,0.021641820669174194,0.012625731527805328,0.009016089141368866,0.0,,9.0,0.017351141199469566,9.0,,0.0005363349337130785,0.16565655171871185,0.05833783745765686,1.0,0.5564941763877869,0.4114815592765808,0.14501261711120605,0.0,,35.0,0.48421621322631836,35.0,,0.0021258224733173847,18.487930297851562,4.291816711425781,False
15022773820FP,0,2021,0,No,False,127,True,68.0,0.09564442932605743,0.0870082825422287,0.008636146783828735,61.0,0.09139881283044815,0.0,,-61.0,0.000606516667176038,,0.0,0.0,1.0,0.30414026975631714,0.26909637451171875,0.03504389524459839,0.0,,1.0,0.30414026975631714,1.0,,,0.4530591368675232,0.04941457509994507,24.0,0.02471454069018364,0.01790209487080574,0.006812445819377899,1.0,0.0185684934258461,68.0,0.021659741178154945,67.0,0.0002672194386832416,6.942726031411439e-05,2.590714454650879,0.3350503444671631,26.0,0.005780581850558519,0.002546723000705242,0.003233858849853277,1.0,0.0025937422178685665,60.0,0.0025544678792357445,59.0,0.0001274735841434449,9.488570503890514e-05,0.43564820289611816,0.1338614821434021,11.0,0.45000818371772766,0.3690377473831177,0.08097043633460999,1.0,0.4489257335662842,0.0,,-1.0,0.00010824501805473119,,0.0,0.0,False
15022774619FP,0,2020,0,No,False,88,True,1.0,0.1480436474084854,0.10287542641162872,0.04516822099685669,0.0,,7.0,0.12393613904714584,7.0,,0.004017917905002832,0.8775602579116821,0.20886999368667603,36.0,0.29097801446914673,0.24273823201656342,0.04823978245258331,1.0,0.2755109965801239,64.0,0.26681655645370483,63.0,0.0004419148026499897,0.0008629091898910701,18.08555793762207,2.671680450439453,1.0,0.055945638567209244,0.02913098968565464,0.026814648881554604,0.0,,6.0,0.04194285720586777,6.0,,0.0028005563654005527,0.26556092500686646,0.10534048080444336,88.0,0.008126760832965374,0.005673794075846672,0.002452966757118702,81.0,0.006816510576754808,0.0,,-81.0,0.0001871786080300808,,0.0,0.0,61.0,0.32625722885131836,0.17251402139663696,0.1537432074546814,43.0,0.24897561967372894,87.0,0.25046029686927795,44.0,0.004293422680348158,0.0029152666684240103,13.341837882995605,5.578707695007324,False
15022774620FP,0,2021,0,No,False,127,True,1.0,0.1044527143239975,0.08825299143791199,0.01619972288608551,0.0,,1.0,0.1044527143239975,1.0,,,0.1555415391921997,0.023162052035331726,1.0,0.3970625698566437,0.3177415728569031,0.0793209969997406,0.0,,1.0,0.3970625698566437,1.0,,,0.5910040140151978,0.11439165472984314,49.0,0.01849047839641571,0.011482985690236092,0.007007492706179619,0.0,,60.0,0.014368180185556412,60.0,,0.00037475439603440464,1.7865886688232422,0.4258549213409424,26.0,0.014014512300491333,0.0025915203150361776,0.011422991752624512,1.0,0.001823159516789019,0.0,,-1.0,0.00048765409155748785,,0.0,0.0,68.0,0.32503291964530945,0.18936105072498322,0.13567186892032623,60.0,0.3000829815864563,0.0,,-60.0,0.0031187422573566437,,0.0,0.0,False
15022774721FP,0,2021,1,Fungicide,False,343,True,311.0,0.6922541856765747,0.3127742409706116,0.37947994470596313,280.0,0.49586084485054016,343.0,0.5698771476745605,63.0,0.006335269194096327,0.0038242824375629425,40.5962028503418,20.73503875732422,305.0,0.7306187748908997,0.3980940580368042,0.33252471685409546,278.0,0.5580283999443054,343.0,0.5878887176513672,65.0,0.006392236333340406,0.0037560542114079,44.42250061035156,18.347339630126953,303.0,0.5511160492897034,0.18312035501003265,0.3679956793785095,277.0,0.3652213513851166,343.0,0.37215960025787354,66.0,0.00714979600161314,0.004473911132663488,32.38534164428711,20.207836151123047,304.0,0.03486206382513046,0.015476217493414879,0.019385846331715584,279.0,0.024918649345636368,343.0,0.027764849364757538,64.0,0.0003977365850005299,0.0001819798635551706,2.04394268989563,1.0457265377044678,343.0,0.4892929196357727,0.33082249760627747,0.15847042202949524,286.0,0.4095965027809143,0.0,,-286.0,0.0013981827069073915,,0.0,0.0,True
15022774919FP,0,2020,0,No,False,88,True,1.0,0.10166392475366592,0.08381348103284836,0.017850443720817566,0.0,,6.0,0.09292499721050262,6.0,,0.0017477854853495955,0.5328894853591919,0.07191532850265503,7.0,0.29940512776374817,0.2684395909309387,0.030965536832809448,1.0,0.2986017167568207,24.0,0.2833077907562256,23.0,0.00013390183448791504,0.0009469022043049335,6.937294960021973,0.6289644241333008,1.0,0.033036865293979645,0.022084910422563553,0.010951954871416092,0.0,,5.0,0.02765430137515068,5.0,,0.001345640979707241,0.13518376648426056,0.03580167144536972,1.0,0.01089633721858263,0.007509975228458643,0.003386361990123987,0.0,,19.0,0.009183725342154503,19.0,,9.514510747976601e-05,0.18953944742679596,0.05060490965843201,19.0,0.4156087040901184,0.29795873165130615,0.11764997243881226,1.0,0.3951529264450073,68.0,0.3567049503326416,67.0,0.001136432052589953,0.0012021174188703299,26.829708099365234,6.717493057250977,False
15022774921FP,0,2020,0,No,False,61,False,362.0,0.8197994232177734,0.7861642837524414,0.03363513946533203,346.0,0.8030055165290833,364.0,0.8192370533943176,18.0,0.0010496191680431366,0.0002811849117279053,15.450474739074707,0.5133543014526367,1.0,0.8423501253128052,0.811138927936554,0.03121119737625122,0.0,,0.0,,0.0,,,0.0,0.0,364.0,0.6506105661392212,0.6284196376800537,0.02219092845916748,354.0,0.6399121284484863,0.0,,-354.0,0.0010698437690734863,,0.0,0.0,359.0,0.032651931047439575,0.022631008177995682,0.010020922869443893,344.0,0.027745665982365608,364.0,0.03222685679793358,20.0,0.00032708432991057634,8.501484990119934e-05,0.6561295390129089,0.18087834119796753,1.0,0.7461177706718445,0.6852232813835144,0.06089448928833008,0.0,,0.0,,0.0,,,0.0,0.0,False
15022774921FP,1,2021,1,Fungicide,False,365,False,1.0,0.8156242966651917,0.44262343645095825,0.3730008602142334,0.0,,22.0,0.6364964842796326,22.0,,0.008529895916581154,16.137348175048828,6.620944023132324,1.0,0.8423659801483154,0.5301080346107483,0.31225794553756714,0.0,,348.0,0.6844775080680847,348.0,,0.00045501001295633614,139.45465087890625,-44.75788879394531,1.0,0.6492180824279785,0.32660219073295593,0.3226158916950226,0.0,,332.0,0.48907697200775146,332.0,,0.00048380999942310154,50.67842102050781,-57.5902099609375,305.0,0.03620922937989235,0.017590750008821487,0.018618479371070862,284.0,0.02710689976811409,332.0,0.032269977033138275,48.0,0.00043344427831470966,0.00014589822967536747,1.6440850496292114,0.7821383476257324,1.0,0.7461479306221008,0.5331027507781982,0.2130451798439026,0.0,,27.0,0.6405898928642273,27.0,,0.004059924744069576,18.980316162109375,4.853093147277832,True
15022774921FP,2,2022,0,No,False,59,False,1.0,0.2921866774559021,0.19148224592208862,0.10070443153381348,0.0,,5.0,0.24185293912887573,5.0,,0.012583434581756592,1.1872731447219849,0.32560300827026367,1.0,0.5298704504966736,0.40055638551712036,0.12931406497955322,0.0,,7.0,0.46461179852485657,7.0,,0.010876442305743694,3.213125228881836,0.609508752822876,1.0,0.21907809376716614,0.11800336092710495,0.10107473284006119,0.0,,5.0,0.17307408154010773,5.0,,0.011501003056764603,0.8696334958076477,0.3386183977127075,1.0,0.03247110918164253,0.018585041165351868,0.013886068016290665,0.0,,9.0,0.025620460510253906,9.0,,0.0008563310839235783,0.2466617375612259,0.08868889510631561,1.0,0.6123292446136475,0.49052536487579346,0.121803879737854,0.0,,13.0,0.5524770617485046,13.0,,0.004987681750208139,7.305599212646484,1.174032211303711,False
15022776021FP,0,2021,1,Fungicide,False,298,True,333.0,0.5231097340583801,0.2803490459918976,0.24276068806648254,306.0,0.3993811309337616,365.0,0.48653939366340637,59.0,0.004582541063427925,0.0011428231373429298,29.51197052001953,12.831201553344727,365.0,0.6826450824737549,0.45516595244407654,0.22747913002967834,308.0,0.5677337050437927,0.0,,-308.0,0.002015989040955901,,0.0,0.0,327.0,0.43339651823043823,0.1896018236875534,0.24379469454288483,301.0,0.3148248493671417,365.0,0.3706224262714386,64.0,0.004560448694974184,0.0016519498312845826,25.781538009643555,13.552221298217773,365.0,0.04934686794877052,0.025783898308873177,0.023562969639897346,351.0,0.03760167211294174,0.0,,-351.0,0.0008389425347559154,,0.0,0.0,365.0,0.8115594983100891,0.5459214448928833,0.2656380534172058,293.0,0.678403377532959,0.0,,-293.0,0.0018493905663490295,,0.0,0.0,True
15022776320FP,0,2020,1,Fungicide,False,340,True,313.0,0.7533091306686401,0.10251450538635254,0.6507946252822876,275.0,0.4333568811416626,0.0,,-275.0,0.008419795893132687,,0.0,0.0,312.0,0.7810831665992737,0.3249284029006958,0.4561547636985779,275.0,0.5557456016540527,0.0,,-275.0,0.006090204231441021,,0.0,0.0,309.0,0.5966921448707581,0.026518043130636215,0.5701740980148315,272.0,0.31776103377342224,0.0,,-272.0,0.007538678590208292,,0.0,0.0,297.0,0.03280452638864517,0.005688345059752464,0.027116181328892708,268.0,0.019195914268493652,305.0,0.032285645604133606,37.0,0.00046926247887313366,6.486009806394577e-05,1.1089446544647217,0.8927875757217407,333.0,0.5546732544898987,0.1919950246810913,0.3626782298088074,284.0,0.37379807233810425,0.0,,-284.0,0.0036913303192704916,,0.0,0.0,True
15022776320FP,1,2021,0,No,False,127,True,1.0,0.13043010234832764,0.10711932182312012,0.02331078052520752,0.0,,1.0,0.13043010234832764,1.0,,,0.19398361444473267,0.03330463171005249,1.0,0.407065749168396,0.3267722725868225,0.08029347658157349,0.0,,1.0,0.407065749168396,1.0,,,0.6084535121917725,0.1182951033115387,1.0,0.04764896631240845,0.0321042537689209,0.015544712543487549,0.0,,1.0,0.04764896631240845,1.0,,,0.07064704596996307,0.022490665316581726,28.0,0.010514025576412678,0.0041534691117703915,0.006360556464642286,0.0,,0.0,,0.0,,,0.0,0.0,1.0,0.2154879868030548,0.17077404260635376,0.04471394419670105,0.0,,1.0,0.2154879868030548,1.0,,,0.31893688440322876,0.06277582049369812,False
15022776622SP,0,2021,0,No,False,23,True,343.0,0.07737607508897781,0.06591852754354477,0.011457547545433044,0.0,,348.0,0.07184073328971863,348.0,,0.0011070683831349015,0.408949613571167,0.04639771580696106,343.0,0.33624914288520813,0.29506272077560425,0.04118642210960388,0.0,,348.0,0.3163512647151947,348.0,,0.0039795758202672005,1.7896308898925781,0.16678595542907715,343.0,0.011514064855873585,0.0008918978273868561,0.010622167028486729,0.0,,348.0,0.006382309831678867,348.0,,0.0010263510048389435,0.047920264303684235,0.04301482439041138,365.0,0.019085440784692764,0.011700747534632683,0.0073846932500600815,359.0,0.01516607217490673,0.0,,-359.0,0.000653228082228452,,0.0,0.0,365.0,0.24290169775485992,0.23136621713638306,0.011535480618476868,360.0,0.2372104376554489,0.0,,-360.0,0.0011382519733160734,,0.0,0.0,False
15022776819FP,0,2020,0,No,False,88,True,1.0,0.30348819494247437,0.196126326918602,0.10736186802387238,0.0,,9.0,0.24922531843185425,9.0,,0.006782859563827515,2.332826614379883,0.6657528877258301,1.0,0.5268501043319702,0.3702777922153473,0.15657231211662292,0.0,,15.0,0.4466601014137268,15.0,,0.005727857351303101,7.021092414855957,1.652064323425293,1.0,0.22236397862434387,0.1200801357626915,0.10228384286165237,0.0,,12.0,0.1719360649585724,12.0,,0.004584355745464563,2.245687484741211,0.8647658824920654,1.0,0.010480223223567009,0.007247605361044407,0.003232617862522602,0.0,,11.0,0.008907632902264595,11.0,,0.0001572590263094753,0.1014082282781601,0.02530837059020996,88.0,0.4412442147731781,0.37280094623565674,0.06844326853752136,79.0,0.40537703037261963,0.0,,-79.0,0.003985242918133736,,0.0,0.0,False
15022776821FP,0,2021,1,Fungicide,False,298,True,320.0,0.3584573268890381,0.12273397296667099,0.2357233464717865,290.0,0.2383204698562622,346.0,0.2417493313550949,56.0,0.004004561807960272,0.004488768987357616,17.694393157958984,10.698556900024414,324.0,0.48652201890945435,0.3364596962928772,0.15006232261657715,298.0,0.41168996691703796,350.0,0.4580174684524536,52.0,0.00287815579213202,0.0010963288368657231,24.630592346191406,6.798229217529297,314.0,0.27971145510673523,0.05011103302240372,0.2296004295349121,284.0,0.16590046882629395,340.0,0.16737818717956543,56.0,0.0037936994340270758,0.004320510197430849,13.4364595413208,10.580131530761719,365.0,0.018291112035512924,0.010507931932806969,0.0077831801027059555,355.0,0.01432233676314354,0.0,,-355.0,0.0003968775272369385,,0.0,0.0,327.0,0.4311279058456421,0.2305493950843811,0.200578510761261,282.0,0.3304990828037262,353.0,0.3323325216770172,71.0,0.0022361960727721453,0.0037998224142938852,28.290550231933594,11.690996170043945,True
1502300305PO,0,2021,0,No,False,85,True,324.0,0.07045331597328186,0.0548340268433094,0.015619289129972458,303.0,0.06257902085781097,340.0,0.06291277706623077,37.0,0.0003749664465431124,0.0004712836816906929,2.5539867877960205,0.4702937602996826,323.0,0.22233135998249054,0.13432711362838745,0.08800424635410309,296.0,0.1952635943889618,341.0,0.17673785984516144,45.0,0.0010025098454207182,0.0025329722557216883,9.505273818969727,3.326226234436035,324.0,0.025880051776766777,0.008406229317188263,0.017473822459578514,304.0,0.01733781211078167,343.0,0.016970913857221603,39.0,0.00042711198329925537,0.00046890199882909656,0.8953121304512024,0.5590629577636719,290.0,0.01676303707063198,0.011521401815116405,0.005241635255515575,281.0,0.016334744170308113,303.0,0.014100953005254269,22.0,4.758809882332571e-05,0.00020477570069488138,0.36322927474975586,0.10399773716926575,281.0,0.44086647033691406,0.29971060156822205,0.14115586876869202,0.0,,294.0,0.36910280585289,294.0,,0.005520281847566366,5.456781387329102,1.4106884002685547,False
1502300306PO,0,2021,0,No,False,94,True,281.0,0.11398939043283463,0.08429624140262604,0.029693149030208588,276.0,0.0996163859963417,0.0,,-276.0,0.0028746009338647127,,0.0,0.0,188.0,0.28241604566574097,0.23229873180389404,0.050117313861846924,0.0,,199.0,0.25671228766441345,199.0,,0.0023367053363472223,3.093003749847412,0.4215683937072754,281.0,0.058157600462436676,0.031185533851385117,0.02697206661105156,275.0,0.04496132209897041,0.0,,-275.0,0.002199379727244377,,0.0,0.0,188.0,0.01574620231986046,0.009865857660770416,0.005880344659090042,0.0,,197.0,0.012863907031714916,197.0,,0.0003202550287824124,0.13518135249614716,0.0414557009935379,188.0,0.40034618973731995,0.22515597939491272,0.17519021034240723,0.0,,213.0,0.3124725818634033,213.0,,0.0035149443428963423,9.01960277557373,3.2781248092651367,False
1502300309PO,0,2020,0,No,False,29,True,92.0,0.7988346815109253,0.34273985028266907,0.4560948312282562,0.0,,99.0,0.5693086981773376,99.0,,0.032789427787065506,5.07497501373291,2.5044260025024414,92.0,0.8697475790977478,0.45280253887176514,0.41694504022598267,0.0,,99.0,0.6668571829795837,99.0,,0.028984341770410538,5.713760852813721,2.317741870880127,92.0,0.6259258389472961,0.24547840654850006,0.3804474472999573,0.0,,99.0,0.4370843470096588,99.0,,0.026977356523275375,3.9410057067871094,2.0999176502227783,92.0,0.016321782022714615,0.010122165083885193,0.006199616938829422,0.0,,101.0,0.013225057162344456,101.0,,0.000344080530339852,0.14001722633838654,0.0438566580414772,92.0,0.7683557271957397,0.5090946555137634,0.2592610716819763,0.0,,99.0,0.641956627368927,99.0,,0.018057014793157578,5.258390426635742,1.4401805400848389,True
1502300312EPO,0,2021,0,No,False,30,True,277.0,0.05318591743707657,0.04947847127914429,0.0037074461579322815,0.0,,282.0,0.051324158906936646,282.0,,0.00037235170020721853,0.2869274318218231,0.014795839786529541,277.0,0.20576441287994385,0.1995665431022644,0.006197869777679443,0.0,,289.0,0.20267583429813385,289.0,,0.0002573815581854433,2.5560245513916016,0.06144285202026367,306.0,0.0038301406893879175,0.00311464536935091,0.0007154953200370073,303.0,0.003452809527516365,0.0,,-303.0,0.00012577704910654575,,0.0,0.0,300.0,0.0114600770175457,0.009928494691848755,0.0015315823256969452,289.0,0.010704325512051582,306.0,0.011352639645338058,17.0,6.870468496344984e-05,1.79062280949438e-05,0.19730623066425323,0.023557573556900024,277.0,0.3415619134902954,0.2677094042301178,0.07385250926017761,0.0,,286.0,0.303507924079895,286.0,,0.0042282212525606155,3.056209087371826,0.5129697322845459,False
1502300312WPO,0,2020,0,No,False,29,True,92.0,0.6956095695495605,0.4187749922275543,0.2768345773220062,0.0,,99.0,0.5531873106956482,99.0,,0.020346036180853844,4.64884090423584,1.508028507232666,92.0,0.7437198758125305,0.5122483968734741,0.2314714789390564,0.0,,99.0,0.6280629634857178,99.0,,0.016522416844964027,5.1169328689575195,1.2750699520111084,92.0,0.5070151090621948,0.29061439633369446,0.21640071272850037,0.0,,99.0,0.39849764108657837,99.0,,0.01550249569118023,3.370171546936035,1.190563678741455,92.0,0.016678720712661743,0.011394445784389973,0.0052842749282717705,0.0,,101.0,0.013997245579957962,101.0,,0.00029794167494401336,0.1455163061618805,0.037269070744514465,92.0,0.72491455078125,0.5649594068527222,0.15995514392852783,0.0,,100.0,0.6480388641357422,100.0,,0.009609460830688477,5.819788455963135,1.0176334381103516,True
1502300312WPO,1,2021,0,No,False,60,True,306.0,0.12901321053504944,0.07849004119634628,0.050523169338703156,0.0,,308.0,0.1060539186000824,308.0,,0.01147964596748352,0.2876173257827759,0.09139221906661987,306.0,0.26948973536491394,0.1806943416595459,0.08879539370536804,0.0,,311.0,0.22481366991996765,311.0,,0.008935213088989258,1.34054434299469,0.3467254638671875,306.0,0.0640377402305603,0.025512520223855972,0.03852522000670433,0.0,,308.0,0.04602927342057228,308.0,,0.009004233404994011,0.13269634544849396,0.06891504675149918,365.0,0.013941636309027672,0.009014379233121872,0.0049272570759058,353.0,0.011411569081246853,0.0,,-353.0,0.00021083893079776317,,0.0,0.0,306.0,0.3943398594856262,0.2601163983345032,0.13422346115112305,0.0,,314.0,0.3254912197589874,314.0,,0.00860607996582985,3.0244674682617188,0.8134779930114746,False
1502878BARK1,0,2020,0,No,True,61,False,1.0,0.10031300038099289,0.09573513269424438,0.004577867686748505,0.0,,335.0,0.09520653635263443,335.0,,1.528881512058433e-05,2.8118228912353516,-0.06023097038269043,332.0,0.30532702803611755,0.28437647223472595,0.0209505558013916,318.0,0.2950199544429779,344.0,0.29508543014526367,26.0,0.0007362195174209774,0.0008534665103070438,8.130556106567383,0.4523916244506836,1.0,0.030993197113275528,0.02429502084851265,0.006698176264762878,0.0,,0.0,,0.0,,,0.0,0.0,1.0,0.00929853692650795,0.005827074870467186,0.003471462056040764,0.0,,0.0,,0.0,,,0.0,0.0,365.0,0.5746216773986816,0.4187820553779602,0.15583962202072144,338.0,0.4969719648361206,0.0,,-338.0,0.002875915262848139,,0.0,0.0,False
1502878BARK1,1,2021,0,No,True,365,False,103.0,0.5152981877326965,0.07776859402656555,0.437529593706131,79.0,0.29880791902542114,125.0,0.3028760552406311,46.0,0.009020428173244,0.009655551053583622,20.38315773010254,16.7280330657959,102.0,0.6751306056976318,0.2599449157714844,0.41518568992614746,76.0,0.4649973511695862,126.0,0.46670839190483093,50.0,0.008082048036158085,0.008684258908033371,30.304004669189453,17.04681396484375,102.0,0.40697699785232544,0.006865181028842926,0.4001118242740631,78.0,0.20788763463497162,124.0,0.2109699547290802,46.0,0.008295389823615551,0.008909410797059536,15.57835578918457,15.255692481994629,103.0,0.025495734065771103,0.004488278646022081,0.02100745588541031,77.0,0.015219273045659065,224.0,0.014985859394073486,147.0,0.0003952484985347837,8.685846842126921e-05,2.1883885860443115,1.5241234302520752,111.0,0.7289982438087463,0.3970126509666443,0.33198559284210205,69.0,0.5617080330848694,144.0,0.5624816417694092,75.0,0.003983100410550833,0.005045957863330841,49.73379135131836,19.560829162597656,True
1502878BARK1,2,2022,0,No,True,59,False,37.0,0.10115686804056168,0.0869169533252716,0.01423991471529007,22.0,0.09437286108732224,59.0,0.09510637819766998,37.0,0.00045226712245494127,0.0002750222629401833,3.7023212909698486,0.4429357051849365,59.0,0.3260883390903473,0.2840029299259186,0.04208540916442871,33.0,0.3050261437892914,0.0,,-33.0,0.0008100844570435584,,0.0,0.0,36.0,0.02556164562702179,0.01715710759162903,0.008404538035392761,21.0,0.021424900740385056,59.0,0.022120293229818344,38.0,0.0002757829788606614,0.00014962401473894715,0.9271991848945618,0.26665061712265015,1.0,0.020680811256170273,0.013752824626863003,0.00692798662930727,0.0,,10.0,0.017132660374045372,10.0,,0.000394238973967731,0.18107324838638306,0.05042141675949097,59.0,0.46956199407577515,0.43132174015045166,0.038240253925323486,55.0,0.45242422819137573,0.0,,-55.0,0.0042844414710998535,,0.0,0.0,False
1502878BARK2A,0,2021,0,No,True,150,True,291.0,0.3183942437171936,0.0685046911239624,0.2498895525932312,271.0,0.19549711048603058,312.0,0.1944793164730072,41.0,0.006144856568425894,0.005900710821151733,11.25880241394043,8.38160514831543,291.0,0.4797644019126892,0.16816964745521545,0.31159475445747375,269.0,0.3268461227416992,341.0,0.32344868779182434,72.0,0.006950831040740013,0.003126314375549555,28.849693298339844,16.57330894470215,290.0,0.24485072493553162,0.005655721761286259,0.23919500410556793,270.0,0.12639380991458893,311.0,0.12340395897626877,41.0,0.0059228455647826195,0.005783179309219122,8.22961711883545,7.992076873779297,290.0,0.02794654667377472,0.007023405283689499,0.02092314139008522,267.0,0.01737300492823124,308.0,0.01790630631148815,41.0,0.00045971921645104885,0.0005577911506406963,1.0109972953796387,0.7160142660140991,297.0,0.6718576550483704,0.5006059408187866,0.17125171422958374,272.0,0.5848533511161804,341.0,0.5862253308296204,69.0,0.003480172250419855,0.0019461892079561949,44.33755111694336,9.29513168334961,True
1502878BARK2B,0,2019,0,No,True,61,False,305.0,0.08708224445581436,0.08108367025852203,0.005998574197292328,0.0,,319.0,0.08418044447898865,319.0,,0.00020727142691612244,1.2444567680358887,0.06874358654022217,360.0,0.30326101183891296,0.2769291400909424,0.02633187174797058,350.0,0.2909828722476959,365.0,0.30076080560684204,15.0,0.0012278140056878328,0.0005000412347726524,4.646686553955078,0.35428524017333984,322.0,0.01802145130932331,0.013548681512475014,0.004472769796848297,305.0,0.0158295389264822,338.0,0.01583992876112461,33.0,0.0001289360225200653,0.00013634515926241875,0.5745044946670532,0.1206236481666565,365.0,0.011168279685080051,0.0072465562261641026,0.003921723458915949,352.0,0.009094633162021637,0.0,,-352.0,0.00015951126988511533,,0.0,0.0,365.0,0.46700358390808105,0.35447022318840027,0.11253336071968079,357.0,0.40765294432640076,0.0,,-357.0,0.007418829947710037,,0.0,0.0,False
1502878BARK2B,1,2020,0,No,True,366,False,104.0,0.6343782544136047,0.06739208102226257,0.5669862031936646,71.0,0.34742093086242676,131.0,0.3502885401248932,60.0,0.008695676922798157,0.01052184123545885,32.15968322753906,28.04876708984375,99.0,0.6844677329063416,0.23937591910362244,0.4450918138027191,65.0,0.4640984833240509,131.0,0.46650341153144836,66.0,0.006481448654085398,0.006811385042965412,40.479248046875,24.44106101989746,97.0,0.4839874505996704,-9.114586282521486e-05,0.484078586101532,68.0,0.24725675582885742,127.0,0.2392236441373825,59.0,0.00816312711685896,0.008158793672919273,23.745594024658203,23.751062393188477,92.0,0.04335442930459976,0.0038825972005724907,0.0394718311727047,64.0,0.024208150804042816,128.0,0.02322097308933735,64.0,0.0006837956607341766,0.0005592626985162497,2.3688483238220215,2.1164793968200684,107.0,0.7941473126411438,0.3045727610588074,0.4895745515823364,61.0,0.5502890348434448,143.0,0.5463991165161133,82.0,0.00530126690864563,0.006881894543766975,59.4043083190918,34.1247673034668,True
1502878BARK2B,2,2021,0,No,True,59,False,59.0,0.12262414395809174,0.10076834261417389,0.021855801343917847,53.0,0.11152952909469604,0.0,,-53.0,0.0018491024384275079,,0.0,0.0,59.0,0.26691699028015137,0.25472304224967957,0.012193948030471802,55.0,0.26072463393211365,0.0,,-55.0,0.00154808908700943,,0.0,0.0,59.0,0.04344329237937927,0.027292318642139435,0.016150973737239838,53.0,0.03520633652806282,0.0,,-53.0,0.0013728259364143014,,0.0,0.0,24.0,0.005238459911197424,0.0035533516202121973,0.0016851082909852266,1.0,0.004605801310390234,38.0,0.004427015315741301,37.0,2.750689600361511e-05,5.796032928628847e-05,0.1860731840133667,0.052822500467300415,1.0,0.3107951581478119,0.2970750033855438,0.013720154762268066,0.0,,18.0,0.3038734495639801,18.0,,0.00040715932846069336,5.39536190032959,0.1965494155883789,False
1502878BERRY2,0,2019,0,No,True,61,False,359.0,0.11109782010316849,0.10236908495426178,0.008728735148906708,350.0,0.10697130858898163,365.0,0.10902981460094452,15.0,0.00045850127935409546,0.00034466758370399475,1.702409267425537,0.11568856239318848,365.0,0.29828155040740967,0.28029555082321167,0.017985999584197998,362.0,0.28986039757728577,0.0,,-362.0,0.002807050943374634,,0.0,0.0,365.0,0.044948380440473557,0.03159721940755844,0.013351161032915115,353.0,0.0381641611456871,0.0,,-353.0,0.0005653516273014247,,0.0,0.0,365.0,0.005595996975898743,0.004036186262965202,0.0015598107129335403,360.0,0.0048502408899366856,0.0,,-360.0,0.00014915122301317751,,0.0,0.0,305.0,0.4244745969772339,0.335025429725647,0.08944916725158691,0.0,,312.0,0.3771434426307678,312.0,,0.0067615932784974575,2.9927315711975098,0.4800407886505127,False
1502878BERRY2,1,2020,0,No,True,427,False,129.0,0.5646389722824097,0.07677382230758667,0.487865149974823,95.0,0.32549789547920227,157.0,0.31925487518310547,62.0,0.007033560890704393,0.008763717487454414,30.14893913269043,25.31218719482422,127.0,0.6562010049819946,0.26134753227233887,0.39485347270965576,93.0,0.45892465114593506,157.0,0.4625060260295868,64.0,0.005802245810627937,0.006456499453634024,38.201637268066406,21.214048385620117,125.0,0.41549384593963623,0.007770463824272156,0.4077233672142029,92.0,0.20814965665340424,155.0,0.20677316188812256,63.0,0.006283157039433718,0.0069573563523590565,21.94802474975586,21.450714111328125,131.0,0.03999735042452812,0.003145150374621153,0.03685219958424568,86.0,0.02160080522298813,160.0,0.021733470261096954,74.0,0.0004088121058885008,0.000629788963124156,2.5150954723358154,2.2792091369628906,142.0,0.6138092875480652,0.14105024933815002,0.47275903820991516,114.0,0.37592488527297974,170.0,0.3744470775127411,56.0,0.008495871908962727,0.008548649959266186,29.317062377929688,21.277198791503906,True
1502878BERRY2,2,2021,0,No,True,424,False,142.0,0.4876982569694519,0.07801833748817444,0.40967991948127747,97.0,0.2822329103946686,168.0,0.2827283442020416,71.0,0.004565896466374397,0.007883458398282528,29.588878631591797,23.9715576171875,140.0,0.6169562935829163,0.23584266006946564,0.3811136484146118,88.0,0.4226285517215729,170.0,0.42324307560920715,82.0,0.003737071994692087,0.00645710714161396,45.91828918457031,26.343347549438477,140.0,0.3473507761955261,0.008243361487984657,0.3391074240207672,92.0,0.17811577022075653,167.0,0.1736822873353958,75.0,0.003525729291141033,0.006432166323065758,22.033275604248047,21.406780242919922,142.0,0.03682034835219383,0.003024448174983263,0.03379590064287186,104.0,0.02001531980931759,170.0,0.020141692832112312,66.0,0.00044223759323358536,0.0005956662935204804,2.0674686431884766,1.8648306131362915,326.0,0.6635443568229675,0.22250068187713623,0.4410436749458313,130.0,0.4403116703033447,354.0,0.4481559991836548,224.0,0.0011389423161745071,0.007692441344261169,97.5296630859375,47.467002868652344,True
1502878BERRY2,3,2022,0,No,True,59,False,1.0,0.10257865488529205,0.09673117846250534,0.005847476422786713,0.0,,5.0,0.0995492935180664,5.0,,0.0007573403418064117,0.4536309838294983,0.01834067702293396,26.0,0.34551483392715454,0.2972608804702759,0.04825395345687866,11.0,0.32003799080848694,46.0,0.3214489817619324,35.0,0.0016984562389552593,0.0012032926315441728,12.085563659667969,1.384171485900879,1.0,0.03580120950937271,0.028756871819496155,0.007044337689876556,0.0,,12.0,0.032377537339925766,12.0,,0.000311242911266163,0.38937675952911377,0.05867272615432739,1.0,0.011095150373876095,0.008451106958091259,0.002644043415784836,0.0,,6.0,0.009791026823222637,6.0,,0.0002608247159514576,0.05725301057100296,0.010771922767162323,1.0,0.31303492188453674,0.20875313878059387,0.10428178310394287,0.0,,9.0,0.259187251329422,9.0,,0.006730958819389343,2.4018843173980713,0.6274826526641846,False
1502878BERRY4,0,2019,0,No,True,61,False,360.0,0.12962719798088074,0.10911116003990173,0.020516037940979004,350.0,0.11992554366588593,365.0,0.12718601524829865,15.0,0.000970165419857949,0.00048823654651641846,1.965500831604004,0.2742776870727539,365.0,0.36571455001831055,0.31863296031951904,0.047081589698791504,359.0,0.34224972128868103,0.0,,-359.0,0.003910804633051157,,0.0,0.0,360.0,0.05543849989771843,0.03919776901602745,0.01624073088169098,350.0,0.04784617945551872,365.0,0.05377812683582306,15.0,0.0007592320325784385,0.0003320746181998402,0.8248372077941895,0.2172718048095703,365.0,0.008786150254309177,0.006774002220481634,0.0020121480338275433,358.0,0.007725270465016365,0.0,,-358.0,0.00015155425353441387,,0.0,0.0,365.0,0.4243778586387634,0.39521387219429016,0.029163986444473267,359.0,0.41053539514541626,0.0,,-359.0,0.00230707717128098,,0.0,0.0,False
1502878BERRY4,1,2020,0,No,True,366,False,129.0,0.43577560782432556,0.08557386696338654,0.35020172595977783,102.0,0.2629711925983429,158.0,0.2593272924423218,56.0,0.006400163751095533,0.006084424443542957,21.14647674560547,16.268766403198242,131.0,0.5475748181343079,0.25829020142555237,0.2892846167087555,103.0,0.4023585915565491,159.0,0.40574315190315247,56.0,0.005186293739825487,0.0050654164515435696,28.105850219726562,13.383309364318848,128.0,0.30364933609962463,0.015823910012841225,0.28782543540000916,100.0,0.15756604075431824,157.0,0.1589018851518631,57.0,0.005217260681092739,0.004991291556507349,14.41777229309082,13.499985694885254,135.0,0.027472658082842827,0.0034374238457530737,0.02403523400425911,68.0,0.015689507126808167,162.0,0.01557986345142126,94.0,0.00017586792819201946,0.00044047387200407684,2.248586893081665,1.9220316410064697,140.0,0.763671338558197,0.3083125948905945,0.45535874366760254,71.0,0.5350092649459839,178.0,0.5367028713226318,107.0,0.0033139430452138186,0.0059728543274104595,71.33499145507812,38.037227630615234,True
1502878BERRY4,2,2021,0,No,True,59,False,1.0,0.09407930076122284,0.08481282740831375,0.009266473352909088,0.0,,15.0,0.08957085758447647,15.0,,0.00032203164300881326,1.336881399154663,0.10709547996520996,1.0,0.2598307132720947,0.23473989963531494,0.025090813636779785,0.0,,22.0,0.24717587232589722,22.0,,0.0006026114569976926,5.45794677734375,0.411038875579834,59.0,0.020640429109334946,0.016297517344355583,0.0043429117649793625,55.0,0.018459530547261238,0.0,,-55.0,0.0005452246405184269,,0.0,0.0,19.0,0.004002980887889862,0.0031354136299341917,0.0008675672579556704,1.0,0.003883767407387495,36.0,0.0035815779119729996,35.0,6.622971341130324e-06,2.4788410883047618e-05,0.13938800990581512,0.02808082103729248,53.0,0.33841660618782043,0.32582706212997437,0.01258954405784607,43.0,0.33220136165618896,59.0,0.33746156096458435,16.0,0.0006215244648046792,0.00015917420387268066,5.558787822723389,0.18264102935791016,False
1502878BL4,0,2020,0,No,True,61,False,351.0,0.09825216978788376,0.09047593921422958,0.007776230573654175,334.0,0.09424431622028351,364.0,0.09612869471311569,30.0,0.00023575608793180436,0.00016334422980435193,3.0084617137908936,0.20370745658874512,359.0,0.3096117079257965,0.29496055841445923,0.01465114951133728,347.0,0.3025636672973633,364.0,0.3078848123550415,17.0,0.0005873367190361023,0.000345379114151001,5.535162925720215,0.22587251663208008,1.0,0.01872199773788452,0.016805177554488182,0.0019168201833963394,0.0,,339.0,0.016836736351251602,339.0,,5.5776963563403115e-06,0.5460445880889893,-0.025331497192382812,1.0,0.0033699278719723225,0.003189417300745845,0.00018051057122647762,0.0,,324.0,0.003116633277386427,324.0,,7.841937872399285e-07,0.05867965146899223,-0.0019192732870578766,324.0,0.23480747640132904,0.22192920744419098,0.012878268957138062,307.0,0.22844849526882172,348.0,0.22826837003231049,41.0,0.00037405770854093134,0.0002724627556744963,9.759949684143066,0.4389219284057617,False
1502878BL4,1,2021,0,No,True,365,False,138.0,0.6101913452148438,0.07483576238155365,0.5353555679321289,109.0,0.34470802545547485,168.0,0.3487512469291687,59.0,0.00915459729731083,0.008714670315384865,30.793109893798828,26.302963256835938,135.0,0.7134597301483154,0.25361260771751404,0.4598471224308014,106.0,0.4847011864185333,171.0,0.47841691970825195,65.0,0.007888225838541985,0.006528967060148716,41.43222427368164,24.693790435791016,134.0,0.48786792159080505,0.007785886991769075,0.48008203506469727,107.0,0.2485746145248413,167.0,0.24535180628299713,60.0,0.00886271521449089,0.007348973304033279,24.26328468322754,23.788345336914062,147.0,0.045703910291194916,0.00401852885261178,0.041685380041599274,111.0,0.02452719211578369,175.0,0.025182146579027176,64.0,0.0005882421974092722,0.0007329201325774193,2.4771029949188232,2.2158985137939453,154.0,0.8505573272705078,0.2349601686000824,0.615597128868103,93.0,0.5415967106819153,190.0,0.5491712689399719,97.0,0.005064927972853184,0.008371834643185139,72.75847625732422,49.73237991333008,True
1502878BL4,2,2022,0,No,True,59,False,59.0,0.6734988689422607,0.4242449402809143,0.24925392866134644,38.0,0.5452097058296204,0.0,,-38.0,0.0061090076342225075,,0.0,0.0,59.0,0.8847513794898987,0.599634051322937,0.28511732816696167,43.0,0.7452054023742676,0.0,,-43.0,0.008721623569726944,,0.0,0.0,59.0,0.6731509566307068,0.3896327018737793,0.2835182547569275,45.0,0.5347029566764832,0.0,,-45.0,0.009889142587780952,,0.0,0.0,59.0,0.015831273049116135,0.014010351151227951,0.0018209218978881836,55.0,0.014964078553020954,0.0,,-55.0,0.00021679862402379513,,0.0,0.0,59.0,1.0002585649490356,0.7793097496032715,0.22094881534576416,42.0,0.8909921646118164,0.0,,-42.0,0.006427435204386711,,0.0,0.0,True
1502878BLP,0,2019,0,No,True,61,False,352.0,0.09923115372657776,0.0883258730173111,0.010905280709266663,338.0,0.09376830607652664,364.0,0.09411493688821793,26.0,0.00039020340773276985,0.00042635141289792955,2.6240694522857666,0.23927044868469238,365.0,0.29717403650283813,0.2902308702468872,0.006943166255950928,357.0,0.2937198877334595,0.0,,-357.0,0.00043176859617233276,,0.0,0.0,365.0,0.028428418561816216,0.02566719613969326,0.0027612224221229553,354.0,0.026996927335858345,0.0,,-354.0,0.00013013556599617004,,0.0,0.0,342.0,0.010200687684118748,0.005680760834366083,0.0045199268497526646,327.0,0.007870538160204887,365.0,0.009316829033195972,38.0,0.00015534329577349126,3.842863588943146e-05,0.36983558535575867,0.15112632513046265,305.0,0.21139588952064514,0.18482813239097595,0.02656775712966919,0.0,,314.0,0.1979750245809555,314.0,,0.0014912071637809277,1.9411742687225342,0.18530702590942383,False
1502878BLP,1,2020,0,No,True,366,False,145.0,0.5953800082206726,0.06756507605314255,0.5278149247169495,114.0,0.32609179615974426,177.0,0.33095651865005493,63.0,0.008686716668307781,0.008263234049081802,31.86595344543457,27.54178810119629,142.0,0.6899639368057251,0.24973556399345398,0.4402283728122711,111.0,0.4680611193180084,178.0,0.47275200486183167,67.0,0.007158155553042889,0.00603366456925869,41.583702087402344,24.601682662963867,142.0,0.48730432987213135,0.004660855978727341,0.4826434850692749,112.0,0.24888798594474792,175.0,0.24778927862644196,63.0,0.007947211153805256,0.0072580319829285145,25.563186645507812,25.264892578125,150.0,0.04383639991283417,0.004050277639180422,0.03978612273931503,91.0,0.02418425865471363,178.0,0.023962780833244324,87.0,0.00033308714046142995,0.0007097721099853516,3.191462755203247,2.835038423538208,160.0,0.757177472114563,0.23126909136772156,0.525908350944519,69.0,0.4947430193424225,193.0,0.4926888048648834,124.0,0.002883895067498088,0.008014808408915997,82.97386932373047,54.06523132324219,True
1502878BLP,2,2021,0,No,True,59,False,52.0,0.09197967499494553,0.09018614888191223,0.0017935261130332947,40.0,0.0911276638507843,59.0,0.09189943969249725,19.0,7.100092625478283e-05,1.1462186193966772e-05,1.7890828847885132,0.030453085899353027,26.0,0.2950550317764282,0.2777760624885559,0.017278969287872314,11.0,0.2917022407054901,39.0,0.2862764000892639,28.0,0.00022351941152010113,0.0006752793560735881,8.4877290725708,0.4322233200073242,59.0,0.03648992255330086,0.027811424806714058,0.0086784977465868,41.0,0.03223160281777382,0.0,,-41.0,0.00023657332349102944,,0.0,0.0,27.0,0.0077857063151896,0.005203709006309509,0.0025819973088800907,12.0,0.006518165580928326,42.0,0.00646446505561471,30.0,8.450271707260981e-05,8.808275015326217e-05,0.22459861636161804,0.06328363716602325,36.0,0.39786550402641296,0.3787723183631897,0.019093185663223267,22.0,0.38817963004112244,59.0,0.3925158679485321,37.0,0.0006918481667526066,0.00023259287991095334,14.83360767364502,0.6296453475952148,False
1502878FAIRFX,0,2020,0,No,True,61,False,306.0,0.16297197341918945,0.09864330291748047,0.06432867050170898,0.0,,315.0,0.130835622549057,315.0,,0.0035707056522369385,1.435041904449463,0.4486088752746582,306.0,0.3399222791194916,0.3200385570526123,0.019883722066879272,0.0,,311.0,0.3305818438529968,311.0,,0.001868087099865079,2.010970115661621,0.09073877334594727,306.0,0.09849555790424347,0.030013181269168854,0.06848237663507462,0.0,,315.0,0.06577841937541962,315.0,,0.003635237691923976,0.7855882048606873,0.4854563772678375,306.0,0.006294937338680029,0.0034114171285182238,0.002883520210161805,0.0,,317.0,0.004856846760958433,317.0,,0.00013073551235720515,0.06551061570644379,0.024573609232902527,306.0,0.3240146040916443,0.24349787831306458,0.08051672577857971,0.0,,319.0,0.2825087606906891,319.0,,0.0031927572563290596,4.201029300689697,0.7920589447021484,False
1502878FAIRFX,1,2021,0,No,True,365,False,137.0,0.5966647267341614,0.07259014993906021,0.5240745544433594,106.0,0.3282701075077057,166.0,0.3300737738609314,60.0,0.008657891303300858,0.009192791767418385,30.398723602294922,25.97072410583496,135.0,0.7171915769577026,0.25359636545181274,0.4635952115058899,99.0,0.4880566895008087,167.0,0.48685309290885925,68.0,0.006364857777953148,0.007198077626526356,43.692237854003906,26.194091796875,135.0,0.49747273325920105,0.007565218023955822,0.48990750312805176,104.0,0.2556360363960266,164.0,0.25466176867485046,60.0,0.007801183965057135,0.008372792042791843,24.981264114379883,24.519784927368164,139.0,0.042286086827516556,0.0035949088633060455,0.03869117796421051,108.0,0.022697163745760918,172.0,0.022639643400907516,64.0,0.0006319007370620966,0.0005953467916697264,2.28817081451416,2.05450177192688,153.0,0.6125894784927368,0.18414776027202606,0.42844170331954956,124.0,0.3942563831806183,343.0,0.393522173166275,219.0,0.007528727408498526,0.0011529858456924558,82.90159606933594,42.38909149169922,True
1502878FAIRFX,2,2022,0,No,True,59,False,8.0,0.10556589066982269,0.10160364210605621,0.0039622485637664795,1.0,0.10475419461727142,17.0,0.10360985994338989,16.0,0.00011595657997531816,0.00021733675384894013,1.7323848009109497,0.05592477321624756,24.0,0.3848860263824463,0.33326008915901184,0.05162593722343445,10.0,0.3609853684902191,48.0,0.35864537954330444,38.0,0.0017071898328140378,0.0010933602461591363,14.605859756469727,1.6087169647216797,13.0,0.04037262499332428,0.03647612780332565,0.0038964971899986267,3.0,0.03828965872526169,27.0,0.03837140277028084,24.0,0.0002082966238958761,0.00014294443826656789,0.988300085067749,0.07639694213867188,59.0,0.014162308536469936,0.009357977658510208,0.004804330877959728,54.0,0.011878962628543377,0.0,,-54.0,0.00045666919322684407,,0.0,0.0,1.0,0.31342917680740356,0.19498732686042786,0.11844184994697571,0.0,,28.0,0.2555435299873352,28.0,,0.002143912948668003,7.764061450958252,2.401909828186035,False
1502878FAIRFX1,0,2020,0,No,True,61,False,347.0,0.09839649498462677,0.09081440418958664,0.007582090795040131,332.0,0.09441675245761871,361.0,0.09454993903636932,29.0,0.00026531616458669305,0.0002747539838310331,2.9070372581481934,0.18260502815246582,361.0,0.31285881996154785,0.27547726035118103,0.03738155961036682,333.0,0.29392844438552856,364.0,0.3117016553878784,31.0,0.0006760848336853087,0.0003857215342577547,9.741218566894531,0.9259462356567383,343.0,0.028995009139180183,0.02425147220492363,0.004743536934256554,320.0,0.02665095217525959,360.0,0.026711374521255493,40.0,0.00010191551700700074,0.00013433145068120211,1.1557652950286865,0.1614549160003662,1.0,0.003874978283420205,0.0034743784926831722,0.0004005997907370329,0.0,,315.0,0.0036693476140499115,315.0,,6.54874725114496e-07,0.03736276924610138,0.002618987113237381,353.0,0.27825552225112915,0.25420159101486206,0.02405393123626709,334.0,0.26614928245544434,364.0,0.2684262692928314,30.0,0.0006371705094352365,0.0008935684454627335,8.481136322021484,0.6008872985839844,False
1502878FAIRFX1,1,2021,0,No,True,365,False,114.0,0.36844733357429504,0.07209406793117523,0.296353280544281,95.0,0.22262059152126312,131.0,0.22424881160259247,36.0,0.007675091736018658,0.008482266217470169,11.499567031860352,8.832086563110352,114.0,0.532198965549469,0.22509881854057312,0.3071001470088959,93.0,0.37851575016975403,133.0,0.37482917308807373,40.0,0.0073182485066354275,0.008282620459794998,19.219881057739258,9.990829467773438,114.0,0.2970975339412689,0.003982403315603733,0.29311513900756836,95.0,0.15187858045101166,131.0,0.1498788446187973,36.0,0.007643102668225765,0.008659922517836094,8.834272384643555,8.686923027038574,114.0,0.02550290897488594,0.0032418682239949703,0.022261040285229683,92.0,0.014233107678592205,133.0,0.014505138620734215,41.0,0.0005122636794112623,0.0005788300186395645,0.8832278847694397,0.7470694184303284,328.0,0.44843435287475586,0.17764484882354736,0.2707895040512085,297.0,0.3117450177669525,356.0,0.31252437829971313,59.0,0.004409333225339651,0.004853927530348301,23.579153060913086,12.920461654663086,True
1502878FAIRFX1,2,2022,0,No,True,59,False,59.0,0.09610958397388458,0.08738841116428375,0.00872117280960083,30.0,0.09188377112150192,0.0,,-30.0,0.00014571768406312913,,0.0,0.0,48.0,0.3035646378993988,0.26427793502807617,0.03928670287132263,30.0,0.2833382189273834,59.0,0.3015231490135193,29.0,0.0011236899299547076,0.00018558990268502384,8.825399398803711,1.029200553894043,59.0,0.02733021043241024,0.02107667550444603,0.0062535349279642105,36.0,0.024179700762033463,0.0,,-36.0,0.0001369786768918857,,0.0,0.0,1.0,0.011343824677169323,0.007893006317317486,0.003450818359851837,0.0,,8.0,0.009705410338938236,8.0,,0.0002340591890970245,0.07916039228439331,0.019962847232818604,38.0,0.2971823513507843,0.271958589553833,0.025223761796951294,25.0,0.28464239835739136,57.0,0.2847304344177246,32.0,0.0009646117687225342,0.0006553640705533326,9.647627830505371,0.6729946136474609,False
1502878FAIRFX3A,0,2019,0,No,True,61,False,343.0,0.0945863351225853,0.08616405725479126,0.008422277867794037,328.0,0.09030945599079132,356.0,0.09046822786331177,28.0,0.00028512527933344245,0.0003167774702887982,2.693937301635742,0.19517946243286133,356.0,0.3588410019874573,0.2986759543418884,0.06016504764556885,342.0,0.33021867275238037,365.0,0.35161668062210083,23.0,0.0020444521214812994,0.0008027023868635297,8.2543306350708,1.235445499420166,347.0,0.04456353560090065,0.02874549850821495,0.0158180370926857,333.0,0.03706509619951248,365.0,0.03763784095644951,32.0,0.0005356027977541089,0.0003847608168143779,1.3578579425811768,0.4236293435096741,365.0,0.01019299402832985,0.006017894018441439,0.004175100009888411,353.0,0.008203142322599888,0.0,,-353.0,0.0001658209803281352,,0.0,0.0,354.0,0.28036001324653625,0.24282306432724,0.037536948919296265,342.0,0.2624151408672333,365.0,0.2611154019832611,23.0,0.0014954060316085815,0.0017495100619271398,6.431705474853516,0.7253632545471191,False
1502878FAIRFX3A,1,2020,0,No,True,366,False,97.0,0.4212847054004669,0.07487136870622635,0.34641334414482117,76.0,0.24964892864227295,116.0,0.2494594305753708,40.0,0.008173132315278053,0.0090434355661273,14.500228881835938,11.430502891540527,96.0,0.5779224038124084,0.2471950203180313,0.33072739839553833,73.0,0.4131626784801483,116.0,0.4137982428073883,43.0,0.007163466420024633,0.008206208236515522,22.554349899291992,11.67776870727539,96.0,0.348978728055954,0.008202421478927135,0.3407762944698334,73.0,0.1742132306098938,114.0,0.18537025153636932,41.0,0.007598499767482281,0.009089360013604164,11.852514266967773,11.508012771606445,96.0,0.02822711691260338,0.0034956408198922873,0.024731475859880447,72.0,0.01605510525405407,116.0,0.01595219038426876,44.0,0.0005071671330370009,0.0006137463496997952,1.063288927078247,0.9059851169586182,190.0,0.3503991663455963,0.1752648651599884,0.1751343011856079,154.0,0.2613283395767212,235.0,0.2628948390483856,81.0,0.0024741897359490395,0.0019445406505838037,26.25385093688965,11.882131576538086,True
1502878FAIRFX3A,2,2021,0,No,True,59,False,59.0,0.09619089215993881,0.08835221827030182,0.007838673889636993,53.0,0.09201712161302567,0.0,,-53.0,0.0006956284050829709,,0.0,0.0,1.0,0.2727730870246887,0.2585437297821045,0.014229357242584229,0.0,,9.0,0.2656022906303406,9.0,,0.0008963495492935181,2.2844715118408203,0.08684968948364258,1.0,0.02029348723590374,0.018922213464975357,0.0013712737709283829,0.0,,5.0,0.019634569063782692,5.0,,0.000164729543030262,0.08957794308662415,0.004427984356880188,27.0,0.009542436338961124,0.003519087564200163,0.0060233487747609615,11.0,0.006560919340699911,43.0,0.00652657775208354,32.0,0.00018634481239132583,0.00018849116167984903,0.27454474568367004,0.15841485559940338,1.0,0.2804392874240875,0.23487870395183563,0.04556058347225189,0.0,,13.0,0.25636720657348633,13.0,,0.002006006659939885,3.379302501678467,0.44331884384155273,False
1502878FISHER,0,2020,0,No,True,61,False,351.0,0.10928834974765778,0.1017831414937973,0.007505208253860474,336.0,0.10557164251804352,363.0,0.10539720207452774,27.0,0.0002477804955560714,0.0003242623060941696,3.0207252502441406,0.17079734802246094,364.0,0.33063650131225586,0.30800512433052063,0.02263137698173523,353.0,0.31964167952537537,0.0,,-353.0,0.0009995292639359832,,0.0,0.0,352.0,0.03290395066142082,0.02519068494439125,0.0077132657170295715,338.0,0.028977910056710243,363.0,0.029217232018709183,25.0,0.00028043147176504135,0.000335156248183921,0.8179436326026917,0.16298574209213257,1.0,0.0042508686892688274,0.003895721398293972,0.0003551472909748554,0.0,,319.0,0.0038452481385320425,319.0,,1.2755363059113733e-06,0.053041260689496994,-0.0014988407492637634,306.0,0.1730751097202301,0.12990081310272217,0.043174296617507935,0.0,,311.0,0.15189911425113678,311.0,,0.004235199186950922,0.9597974419593811,0.1803925633430481,False
1502878FISHER,1,2021,0,No,True,365,False,90.0,0.5757460594177246,0.08571217954158783,0.4900338649749756,61.0,0.32604798674583435,113.0,0.3308908939361572,52.0,0.008610278367996216,0.01064587663859129,25.363292694091797,20.820547103881836,89.0,0.696307361125946,0.265120267868042,0.43118709325790405,60.0,0.48006919026374817,113.0,0.4860469698905945,53.0,0.007456488441675901,0.008760849945247173,33.14292907714844,18.826435089111328,88.0,0.4422525465488434,0.012391313910484314,0.42986124753952026,59.0,0.2296934574842453,111.0,0.2327343374490738,52.0,0.007329623680561781,0.009109487757086754,19.142494201660156,18.485754013061523,90.0,0.032170943915843964,0.0038701286539435387,0.02830081433057785,59.0,0.017986031249165535,116.0,0.018286071717739105,57.0,0.0004575778148137033,0.0005340335192158818,1.5744884014129639,1.3500208854675293,100.0,0.4738093614578247,0.09342542290687561,0.3803839385509491,66.0,0.2825597822666168,134.0,0.28404146432876587,68.0,0.005624987650662661,0.005581408739089966,27.286399841308594,20.840045928955078,True
1502878FISHER,2,2022,0,No,True,59,False,59.0,0.10796999931335449,0.10242632031440735,0.0055436789989471436,54.0,0.10505341738462448,0.0,,-54.0,0.00058331637410447,,0.0,0.0,33.0,0.3544216454029083,0.30870693922042847,0.04571470618247986,18.0,0.33074694871902466,54.0,0.3484823405742645,36.0,0.0015783130656927824,0.0002828240394592285,12.914159774780273,1.4920024871826172,59.0,0.0394800528883934,0.02922552078962326,0.010254532098770142,54.0,0.03438051789999008,0.0,,-54.0,0.0010199069511145353,,0.0,0.0,59.0,0.01079995185136795,0.008398111909627914,0.002401839941740036,54.0,0.009707505814731121,0.0,,-54.0,0.00021848920732736588,,0.0,0.0,44.0,0.20972144603729248,0.13446153700351715,0.07525990903377533,27.0,0.17104746401309967,59.0,0.19602161645889282,32.0,0.002274940023198724,0.0009133219718933105,6.496944904327393,2.1269450187683105,False
1502878HTR2,0,2019,0,No,True,61,False,305.0,0.09140279144048691,0.08032543957233429,0.011077351868152618,0.0,,331.0,0.08590138703584671,331.0,,0.0002115924726240337,2.362520456314087,0.23389625549316406,347.0,0.3661861717700958,0.2789754867553711,0.08721068501472473,329.0,0.32221606373786926,362.0,0.32056868076324463,33.0,0.0024427836760878563,0.003041166113689542,11.86037826538086,2.375211715698242,345.0,0.025599684566259384,0.016351180151104927,0.009248504415154457,325.0,0.020894555374979973,359.0,0.02089056931436062,34.0,0.0002352564624743536,0.000336365366820246,0.8315848112106323,0.25929349660873413,359.0,0.006355412304401398,0.004828241188079119,0.001527171116322279,337.0,0.0056058443151414394,365.0,0.0062631117179989815,28.0,3.407127223908901e-05,1.5383431673399173e-05,0.17417050898075104,0.036565616726875305,305.0,0.4344703257083893,0.3270930051803589,0.1073773205280304,0.0,,312.0,0.38358739018440247,312.0,,0.007268990855664015,3.053785800933838,0.600588321685791,False
1502878HTR2,1,2020,0,No,True,366,False,126.0,0.6107216477394104,0.06650877743959427,0.5442128777503967,100.0,0.34142646193504333,154.0,0.34451690316200256,54.0,0.0103575075045228,0.009507312439382076,28.03697395324707,24.378992080688477,122.0,0.6981130838394165,0.24782192707061768,0.45029115676879883,94.0,0.47528576850891113,153.0,0.4713633060455322,59.0,0.007958118803799152,0.007314508780837059,36.70587158203125,21.83655548095703,121.0,0.4668007493019104,0.003617222188040614,0.46318352222442627,96.0,0.2359343320131302,151.0,0.23772385716438293,55.0,0.0092346565797925,0.007635896559804678,21.224010467529297,21.021446228027344,130.0,0.04308309033513069,0.0034365267492830753,0.039646562188863754,80.0,0.023071732372045517,159.0,0.023328986018896103,79.0,0.00040022714529186487,0.000681176024954766,2.8638103008270264,2.588888168334961,143.0,0.8355960845947266,0.25023528933525085,0.5853607654571533,71.0,0.544330358505249,174.0,0.5490113496780396,103.0,0.004045357462018728,0.00924466922879219,73.9952621459961,47.97079086303711,True
1502878HTR2,2,2021,0,No,True,59,False,59.0,0.09464693069458008,0.08907640725374222,0.00557052344083786,53.0,0.09174204617738724,0.0,,-53.0,0.0004841474292334169,,0.0,0.0,34.0,0.31980395317077637,0.2913937568664551,0.02841019630432129,22.0,0.30529797077178955,59.0,0.30656859278678894,37.0,0.001208831905387342,0.0005294143920764327,11.743621826171875,0.8163566589355469,59.0,0.021456297487020493,0.016946403309702873,0.004509894177317619,31.0,0.01924324594438076,0.0,,-31.0,7.903755613369867e-05,,0.0,0.0,16.0,0.008511516265571117,0.0049313814379274845,0.003580134827643633,1.0,0.00691002793610096,36.0,0.00664839893579483,35.0,0.00010676588863134384,9.315586794400588e-05,0.279834508895874,0.1047704666852951,59.0,0.3643300533294678,0.30473747849464417,0.05959257483482361,43.0,0.33392053842544556,0.0,,-43.0,0.0019005946815013885,,0.0,0.0,False
1502878HUNTER,0,2019,0,No,True,61,False,360.0,0.12434130907058716,0.10916230082511902,0.01517900824546814,347.0,0.11708163470029831,365.0,0.12310227006673813,18.0,0.0005584364989772439,0.0002478077949490398,2.2616078853607178,0.24210524559020996,361.0,0.3374517261981964,0.30727535486221313,0.030176371335983276,347.0,0.32304924726486206,365.0,0.3367113471031189,18.0,0.0010287484619766474,0.00018509477376937866,6.168402671813965,0.4838089942932129,357.0,0.05916187912225723,0.033788762986660004,0.02537311613559723,340.0,0.04588935151696205,365.0,0.055399708449840546,25.0,0.00078073691111058,0.0004702713340520859,1.4120354652404785,0.5504220724105835,360.0,0.008327123709022999,0.005905030760914087,0.0024220929481089115,344.0,0.0070785279385745525,365.0,0.008193667978048325,21.0,7.803723565302789e-05,2.6691146558732726e-05,0.17022132873535156,0.04326316714286804,305.0,0.4617617130279541,0.4488852918148041,0.012876421213150024,0.0,,314.0,0.45546066761016846,314.0,,0.0007001161575317383,4.352636337280273,0.0882258415222168,False
1502878HUNTER,1,2020,0,No,True,427,False,88.0,0.2926654517650604,0.08795323967933655,0.20471221208572388,47.0,0.19246312975883484,118.0,0.18967467546463013,71.0,0.002443959005177021,0.0034330259077250957,18.372304916381836,12.039670944213867,76.0,0.45805710554122925,0.27473971247673035,0.1833173930644989,42.0,0.3679361343383789,111.0,0.3680293560028076,69.0,0.002650616690516472,0.0025722214486449957,29.72766876220703,10.495887756347656,83.0,0.22168301045894623,0.017307978123426437,0.2043750286102295,48.0,0.11937297880649567,112.0,0.12234670668840408,64.0,0.002923143794760108,0.00342538976110518,12.045881271362305,10.920862197875977,81.0,0.026085447520017624,0.00491621159017086,0.021169235929846764,57.0,0.015627125278115273,114.0,0.015424385666847229,57.0,0.0004357634170446545,0.0003230624715797603,1.2739226818084717,0.9887824058532715,104.0,0.6952692866325378,0.37985509634017944,0.3154141902923584,53.0,0.5379758477210999,133.0,0.5351056456565857,80.0,0.003084185067564249,0.005522883962839842,51.13552474975586,20.367259979248047,True
1502878HUNTER,2,2021,1,Other,True,424,False,83.0,0.45755133032798767,0.08690392971038818,0.3706474006175995,60.0,0.30388858914375305,107.0,0.27287331223487854,47.0,0.00668098870664835,0.007694917265325785,18.889984130859375,14.718595504760742,82.0,0.5999613404273987,0.2578642666339874,0.34209707379341125,60.0,0.48836666345596313,109.0,0.4274139106273651,49.0,0.005072485189884901,0.006390645634382963,27.25396728515625,14.360754013061523,80.0,0.3351939618587494,0.013002114370465279,0.32219183444976807,60.0,0.22546395659446716,106.0,0.16980546712875366,46.0,0.005486500449478626,0.006361096166074276,13.280967712402344,12.669868469238281,81.0,0.025915497913956642,0.005063932854682207,0.020851565524935722,60.0,0.02068175934255123,112.0,0.015349570661783218,52.0,0.0002492256462574005,0.0003408363554626703,1.2284750938415527,0.9600866436958313,80.0,0.7277686595916748,0.36186760663986206,0.36590105295181274,1.0,0.4650644063949585,122.0,0.5428476333618164,121.0,0.0033253703732043505,0.004402881488204002,98.60271453857422,33.285606384277344,True
1502878HUNTER,3,2022,0,No,True,59,False,59.0,0.25383260846138,0.1771545112133026,0.07667809724807739,51.0,0.21371564269065857,0.0,,-51.0,0.0050146207213401794,,0.0,0.0,59.0,0.40821704268455505,0.33502262830734253,0.07319441437721252,31.0,0.37206727266311646,0.0,,-31.0,0.0012910632649436593,,0.0,0.0,59.0,0.16550935804843903,0.09852999448776245,0.06697936356067657,51.0,0.13179804384708405,0.0,,-51.0,0.0042139142751693726,,0.0,0.0,59.0,0.03172772005200386,0.01933130994439125,0.01239641010761261,53.0,0.025384971871972084,0.0,,-53.0,0.0010571246966719627,,0.0,0.0,59.0,0.7674738168716431,0.6087981462478638,0.1586756706237793,52.0,0.6821164488792419,0.0,,-52.0,0.012193909846246243,,0.0,0.0,False
1502878HUNTER1A,0,2021,0,No,True,150,True,323.0,0.3342372477054596,0.11600882560014725,0.21822842955589294,295.0,0.22391556203365326,349.0,0.2236790508031845,54.0,0.003940060269087553,0.0042522381991147995,15.91678524017334,9.536299705505371,326.0,0.48842498660087585,0.2517470121383667,0.23667797446250916,292.0,0.37125179171562195,352.0,0.36678722500801086,60.0,0.003446270478889346,0.00467837555333972,26.903339385986328,11.546772003173828,322.0,0.2531389594078064,0.03812083229422569,0.2150181233882904,292.0,0.1477765142917633,347.0,0.1480771005153656,55.0,0.0035120814573019743,0.004202474374324083,11.801736831665039,9.666970252990723,365.0,0.023137174546718597,0.013468543998897076,0.009668630547821522,354.0,0.018372470512986183,0.0,,-354.0,0.00043315489892847836,,0.0,0.0,341.0,0.6967422962188721,0.544061005115509,0.15268129110336304,291.0,0.6206892132759094,365.0,0.6769694089889526,74.0,0.0015210616402328014,0.0008238703012466431,50.91899871826172,10.386459350585938,True
1502878KR2,0,2019,0,No,True,61,False,305.0,0.09794716536998749,0.08551588654518127,0.012431278824806213,0.0,,313.0,0.09166713058948517,313.0,,0.0007850043475627899,0.8037638664245605,0.07687884569168091,351.0,0.36288201808929443,0.3031085133552551,0.05977350473403931,337.0,0.3322599530220032,364.0,0.3320840001106262,27.0,0.0021872904617339373,0.0023690783418715,9.829258918762207,1.3422203063964844,365.0,0.03358090668916702,0.029001733288168907,0.0045791734009981155,356.0,0.031208841130137444,0.0,,-356.0,0.0002635628334246576,,0.0,0.0,365.0,0.011884639039635658,0.008433414623141289,0.0034512244164943695,355.0,0.010225189849734306,0.0,,-355.0,0.0001659449189901352,,0.0,0.0,365.0,0.2671518921852112,0.24793937802314758,0.0192125141620636,362.0,0.2568054795265198,0.0,,-362.0,0.0034488041419535875,,0.0,0.0,False
1502878KR2,1,2020,0,No,True,366,False,134.0,0.7172159552574158,0.07108566164970398,0.6461303234100342,105.0,0.4010941982269287,169.0,0.39247220754623413,64.0,0.010900749824941158,0.009278392419219017,38.49708557128906,33.87651824951172,130.0,0.785420298576355,0.23879481852054596,0.5466254949569702,99.0,0.5054321885108948,172.0,0.5062911510467529,73.0,0.009031874127686024,0.006645931862294674,50.561622619628906,32.890804290771484,130.0,0.5889841318130493,0.004074582364410162,0.5849095582962036,100.0,0.2891167104244232,169.0,0.29194119572639465,69.0,0.009995580650866032,0.007616485469043255,33.66908264160156,33.38386154174805,147.0,0.052599381655454636,0.003481244668364525,0.04911813884973526,84.0,0.028047779574990273,175.0,0.02849658392369747,91.0,0.00038970797322690487,0.0008608141797594726,3.928864002227783,3.6085894107818604,154.0,0.8485205173492432,0.26884180307388306,0.5796787142753601,74.0,0.5584912300109863,183.0,0.5593480467796326,109.0,0.003625366138294339,0.009971464052796364,78.83992767333984,49.267333984375,True
1502878KR2,2,2021,0,No,True,59,False,59.0,0.1185607761144638,0.09915746748447418,0.019403308629989624,50.0,0.10879690945148468,0.0,,-50.0,0.00108487403485924,,0.0,0.0,20.0,0.28517645597457886,0.25594285130500793,0.029233604669570923,9.0,0.27145102620124817,35.0,0.2703986167907715,26.0,0.0012477663112804294,0.0009851892245933414,7.546275615692139,0.6358184814453125,59.0,0.03662800416350365,0.02893124148249626,0.007696762681007385,54.0,0.03238995000720024,0.0,,-54.0,0.000847610819619149,,0.0,0.0,26.0,0.0043865228071808815,0.003256498835980892,0.0011300239711999893,5.0,0.003949845675379038,40.0,0.003798640798777342,35.0,2.079414844047278e-05,4.199157046969049e-05,0.14933478832244873,0.032100826501846313,35.0,0.36567172408103943,0.30042290687561035,0.06524881720542908,15.0,0.3320690393447876,54.0,0.33370503783226013,39.0,0.0016801342135295272,0.0016824571648612618,14.129341125488281,2.112424850463867,False
1502878ROCK,0,2019,0,No,True,61,False,305.0,0.10480131208896637,0.09300949424505234,0.011791817843914032,0.0,,312.0,0.09880312532186508,312.0,,0.0008568838238716125,0.7621310949325562,0.0645599365234375,365.0,0.3052251935005188,0.2713814377784729,0.0338437557220459,361.0,0.2878139317035675,0.0,,-361.0,0.0043528154492378235,,0.0,0.0,365.0,0.02414766512811184,0.020061977207660675,0.004085687920451164,358.0,0.022021323442459106,0.0,,-358.0,0.0003037631104234606,,0.0,0.0,305.0,0.00526333786547184,0.004296902567148209,0.0009664352983236313,0.0,,314.0,0.004769954830408096,314.0,,5.482033884618431e-05,0.04750695824623108,0.006686381995677948,305.0,0.39712604880332947,0.32141122221946716,0.0757148265838623,0.0,,311.0,0.36154094338417053,311.0,,0.005930850747972727,2.4566712379455566,0.36749839782714844,False
1502878ROCK,1,2020,0,No,True,366,False,126.0,0.45124635100364685,0.07299434393644333,0.3782519996166229,93.0,0.26187801361083984,153.0,0.2652287781238556,60.0,0.005738434381783009,0.006889539770781994,22.997753143310547,18.54509735107422,124.0,0.5532562136650085,0.258862167596817,0.29439404606819153,91.0,0.4065645635128021,152.0,0.4074566662311554,61.0,0.004445201717317104,0.005207126494497061,30.873273849487305,14.823820114135742,122.0,0.3198704123497009,0.00051084253937006,0.31935957074165344,89.0,0.15941447019577026,151.0,0.15631639957427979,62.0,0.004862301051616669,0.00563979335129261,16.293336868286133,16.261154174804688,133.0,0.03293190523982048,0.0027703414671123028,0.03016156330704689,95.0,0.017821259796619415,159.0,0.017541224136948586,64.0,0.0003976485750172287,0.0005919492687098682,1.7477083206176758,1.5676361322402954,142.0,0.6019518375396729,0.2261972725391388,0.37575456500053406,113.0,0.41475269198417664,167.0,0.4166511595249176,54.0,0.006455142982304096,0.0074120271019637585,29.107873916625977,16.667024612426758,True
1502878ROCK,2,2021,0,No,True,59,False,59.0,0.18158239126205444,0.13768847286701202,0.04389391839504242,53.0,0.1591426432132721,0.0,,-53.0,0.003739957930520177,,0.0,0.0,59.0,0.31340575218200684,0.2926389276981354,0.02076682448387146,55.0,0.30379536747932434,0.0,,-55.0,0.0024025961756706238,,0.0,0.0,59.0,0.08725269138813019,0.05316687747836113,0.03408581390976906,53.0,0.07095376402139664,0.0,,-53.0,0.0027164879720658064,,0.0,0.0,29.0,0.004179563373327255,0.0031224307604134083,0.001057132612913847,15.0,0.0036681005731225014,47.0,0.003635173197835684,32.0,3.65330561180599e-05,3.02438984363107e-05,0.13056033849716187,0.02752012014389038,1.0,0.32951489090919495,0.29050570726394653,0.03900918364524841,0.0,,13.0,0.30957862734794617,13.0,,0.0016613552579656243,4.031570911407471,0.4002494812011719,False
1502878ROCK1,0,2020,0,No,True,61,False,350.0,0.10112699121236801,0.09476546198129654,0.006361529231071472,337.0,0.09781164675951004,364.0,0.09933673590421677,27.0,0.00025502650532871485,0.00012787537707481533,2.8038642406463623,0.15043139457702637,1.0,0.3349117934703827,0.3004157543182373,0.034496039152145386,0.0,,318.0,0.26746535301208496,318.0,,0.00021276478946674615,3.5041697025299072,-0.40123534202575684,362.0,0.026527730748057365,0.02077273279428482,0.005754997953772545,342.0,0.023717598989605904,364.0,0.026501892134547234,22.0,0.00014050658501219004,1.2919306755065918e-05,0.5925452709197998,0.11477240920066833,1.0,0.0035978646483272314,0.0030223936773836613,0.0005754709709435701,0.0,,0.0,,0.0,,,0.0,0.0,306.0,0.35061895847320557,0.27596887946128845,0.07465007901191711,0.0,,337.0,0.31255829334259033,337.0,,0.0012277633650228381,10.712895393371582,1.8818912506103516,False
1502878ROCK1,1,2021,0,No,True,365,False,132.0,0.5949278473854065,0.06980695575475693,0.5251209139823914,103.0,0.32560595870018005,159.0,0.33909016847610474,56.0,0.009286961518228054,0.009475469589233398,28.49068832397461,24.51169204711914,128.0,0.6753072738647461,0.23890379071235657,0.4364034831523895,100.0,0.4537304639816284,159.0,0.45132502913475037,59.0,0.007913457229733467,0.007225233595818281,35.625240325927734,21.291013717651367,128.0,0.44455334544181824,-0.002063734456896782,0.446617066860199,101.0,0.21900968253612518,157.0,0.2197890430688858,56.0,0.008353468962013721,0.007750493008643389,20.613252639770508,20.730884552001953,137.0,0.038137178868055344,0.002626171801239252,0.03551100566983223,104.0,0.02024221234023571,164.0,0.020893758162856102,60.0,0.0005422717076726258,0.0006386452005244792,1.9571952819824219,1.7969988584518433,146.0,0.5405047535896301,0.13846267759799957,0.40204209089279175,114.0,0.3353661894798279,334.0,0.33872050046920776,220.0,0.00641058012843132,0.0010733205126598477,76.85798645019531,46.25773620605469,True
1502878ROCK1,2,2022,0,No,True,59,False,35.0,0.10412053018808365,0.09211255609989166,0.012007974088191986,21.0,0.09822782129049301,59.0,0.09914801269769669,38.0,0.00042090777424164116,0.00020718823361676186,3.921935796737671,0.37560248374938965,59.0,0.2783809006214142,0.24475827813148499,0.0336226224899292,41.0,0.26107150316238403,0.0,,-41.0,0.0009616331662982702,,0.0,0.0,36.0,0.022916225716471672,0.015624303370714188,0.0072919223457574844,23.0,0.01947055198252201,54.0,0.01919996365904808,31.0,0.00026505181449465454,0.00020645900804083794,0.6862082481384277,0.18623054027557373,59.0,0.007935025729238987,0.005888866260647774,0.0020461594685912132,54.0,0.006870242767035961,0.0,,-54.0,0.00021295659826137125,,0.0,0.0,31.0,0.2147064507007599,0.16049617528915405,0.054210275411605835,13.0,0.18684107065200806,46.0,0.18904711306095123,33.0,0.0015480766305699944,0.0017106224549934268,6.943096160888672,1.4862260818481445,False
1502878SM2,0,2020,0,No,True,61,False,334.0,0.08830606937408447,0.0838395431637764,0.004466526210308075,306.0,0.08714921772480011,347.0,0.0861441120505333,41.0,4.131612877245061e-05,0.00016630440950393677,3.6345338821411133,0.15519285202026367,336.0,0.30148571729660034,0.2697561979293823,0.03172951936721802,322.0,0.28549468517303467,356.0,0.2861964702606201,34.0,0.0011422166135162115,0.000764462340157479,10.299994468688965,0.8585271835327148,340.0,0.022737771272659302,0.01711740344762802,0.0056203678250312805,325.0,0.01984315738081932,360.0,0.020479416474699974,35.0,0.00019297425751574337,0.00011291773989796638,0.7778782844543457,0.16165173053741455,1.0,0.00817796215415001,0.005118746310472488,0.0030592158436775208,0.0,,0.0,,0.0,,,0.0,0.0,306.0,0.28821152448654175,0.1349145770072937,0.15329694747924805,0.0,,324.0,0.2131020724773407,324.0,,0.004172747489064932,4.648539066314697,2.0851621627807617,False
1502878SM2,1,2021,0,No,True,365,False,113.0,0.5209948420524597,0.07525956630706787,0.44573527574539185,89.0,0.30333566665649414,134.0,0.30261120200157166,45.0,0.00906913261860609,0.010399220511317253,20.15377426147461,16.69183349609375,112.0,0.6613500118255615,0.25247642397880554,0.408873587846756,85.0,0.4591175615787506,135.0,0.45534250140190125,50.0,0.007490090560168028,0.00895684864372015,29.656339645385742,16.780040740966797,112.0,0.4149521589279175,0.01012224331498146,0.4048299193382263,88.0,0.21460504829883575,133.0,0.21160688996315002,45.0,0.008347796276211739,0.00968310795724392,15.536214828491211,15.070591926574707,115.0,0.03654434531927109,0.004187224432826042,0.032357119023799896,90.0,0.019901681691408157,137.0,0.019975190982222557,47.0,0.0006657065241597593,0.000753143394831568,1.457575798034668,1.2565890550613403,122.0,0.4383847415447235,0.14703971147537231,0.2913450300693512,103.0,0.29764753580093384,295.0,0.2920769453048706,192.0,0.007407221477478743,0.000845709815621376,60.081520080566406,31.702857971191406,True
1502878SM2,2,2022,0,No,True,59,False,29.0,0.10916954278945923,0.0863524079322815,0.022817134857177734,14.0,0.0981893315911293,48.0,0.0977020338177681,34.0,0.0007320140721276402,0.0006035530823282897,3.660780906677246,0.638446569442749,44.0,0.35345718264579773,0.2791614234447479,0.0742957592010498,27.0,0.31431150436401367,59.0,0.34283289313316345,32.0,0.0023026869166642427,0.0007082859519869089,11.192388534545898,2.1196422576904297,29.0,0.032556045800447464,0.014947326853871346,0.01760871894657612,14.0,0.023289602249860764,49.0,0.023767000064253807,35.0,0.0006177629111334682,0.00043945229845121503,1.0422968864440918,0.504193127155304,1.0,0.007519168313592672,0.006431329995393753,0.0010878383181989193,0.0,,6.0,0.006951308809220791,6.0,,0.00011357189941918477,0.03969873860478401,0.004326421767473221,38.0,0.33162787556648254,0.24510452151298523,0.08652335405349731,22.0,0.28951066732406616,58.0,0.28694891929626465,36.0,0.002632325515151024,0.0022339478600770235,11.650065422058105,2.5811986923217773,False
1502878SMK1,0,2019,0,No,True,61,False,305.0,0.08983059227466583,0.08208248764276505,0.007748104631900787,0.0,,315.0,0.08608353137969971,315.0,,0.00037470608367584646,0.9233834743499756,0.06151735782623291,365.0,0.3525387644767761,0.29513484239578247,0.05740392208099365,357.0,0.3220535218715668,0.0,,-357.0,0.003810655325651169,,0.0,0.0,365.0,0.0180503036826849,0.015681767836213112,0.0023685358464717865,361.0,0.016979999840259552,0.0,,-361.0,0.0002675759606063366,,0.0,0.0,365.0,0.00652447622269392,0.004255953244864941,0.0022685229778289795,356.0,0.005379505921155214,0.0,,-356.0,0.00012721892562694848,,0.0,0.0,305.0,0.3411448299884796,0.24935567378997803,0.09178915619850159,0.0,,311.0,0.2961289882659912,311.0,,0.0075026401318609715,2.0590286254882812,0.4382166862487793,False
1502878SMK1,1,2020,0,No,True,427,False,96.0,0.42672500014305115,0.07396169006824493,0.352763295173645,73.0,0.25431305170059204,117.0,0.2465916872024536,44.0,0.00749617163091898,0.008577777072787285,16.092681884765625,12.764406204223633,93.0,0.5814265608787537,0.2557206451892853,0.3257059156894684,69.0,0.41462403535842896,115.0,0.41527944803237915,46.0,0.0069501050747931,0.007552141323685646,24.189897537231445,12.171028137207031,94.0,0.3452907204627991,0.007079627830535173,0.3382110893726349,71.0,0.17497897148132324,115.0,0.17175376415252686,44.0,0.007404858712106943,0.008263664320111275,12.527599334716797,12.209015846252441,95.0,0.02772330678999424,0.0035485243424773216,0.024174783378839493,70.0,0.015369672328233719,115.0,0.015902476385235786,45.0,0.0004941453807987273,0.0005910415202379227,1.0646233558654785,0.9013912677764893,215.0,0.40385541319847107,0.10581563413143158,0.2980397939682007,179.0,0.25711774826049805,258.0,0.2668345272541046,79.0,0.0040760464034974575,0.0031865322962403297,27.72628402709961,19.261032104492188,True
1502878SMK1,2,2021,0,No,True,424,False,112.0,0.4853781759738922,0.07024641335010529,0.41513174772262573,80.0,0.2730102837085724,150.0,0.2779388427734375,70.0,0.0066364966332912445,0.005458930041640997,28.98917579650879,24.001680374145508,111.0,0.6243770718574524,0.23320403695106506,0.39117303490638733,77.0,0.42536619305610657,152.0,0.4327702522277832,75.0,0.005853261332958937,0.00467333709821105,41.822200775146484,24.098695755004883,110.0,0.37376895546913147,0.009051629342138767,0.3647173345088959,80.0,0.1945764273405075,147.0,0.188583105802536,67.0,0.0059730843640863895,0.00500502297654748,20.63946533203125,20.023954391479492,119.0,0.038933053612709045,0.004010953940451145,0.034922100603580475,88.0,0.021185968071222305,152.0,0.021364979445934296,64.0,0.0005724866059608757,0.000532365869730711,2.1209561824798584,1.8602442741394043,120.0,0.5537230968475342,0.13591869175434113,0.41780441999435425,94.0,0.33929452300071716,325.0,0.34514543414115906,231.0,0.0082472525537014,0.001017451984807849,81.03370666503906,49.50056838989258,True
1502878SMK1,3,2022,0,No,True,59,False,59.0,0.30104225873947144,0.18297849595546722,0.11806376278400421,50.0,0.2418304979801178,0.0,,-50.0,0.006579084321856499,,0.0,0.0,59.0,0.47844594717025757,0.34445440769195557,0.133991539478302,48.0,0.4135792553424835,0.0,,-48.0,0.0058969720266759396,,0.0,0.0,59.0,0.21714343130588531,0.11632800102233887,0.10081543028354645,51.0,0.1647307425737381,0.0,,-51.0,0.006551586091518402,,0.0,0.0,59.0,0.016712581738829613,0.010303950868546963,0.00640863087028265,49.0,0.013649151660501957,0.0,,-49.0,0.00030634301947429776,,0.0,0.0,59.0,0.3313117027282715,0.24515968561172485,0.08615201711654663,49.0,0.28788697719573975,0.0,,-49.0,0.004342472646385431,,0.0,0.0,False
1502878STOCK2,0,2019,0,No,True,61,False,365.0,0.13859465718269348,0.11162371933460236,0.026970937848091125,360.0,0.12477219849824905,0.0,,-360.0,0.002764491830021143,,0.0,0.0,305.0,0.30775102972984314,0.2680094242095947,0.03974160552024841,0.0,,315.0,0.2878546118736267,315.0,,0.0019896416924893856,3.1225814819335938,0.30848264694213867,365.0,0.04986768588423729,0.03323369473218918,0.01663399115204811,359.0,0.04104021191596985,0.0,,-359.0,0.0014712456613779068,,0.0,0.0,365.0,0.004661845043301582,0.0034761340357363224,0.00118571100756526,357.0,0.004080073442310095,0.0,,-357.0,7.272145012393594e-05,,0.0,0.0,305.0,0.2985367476940155,0.2508624196052551,0.047674328088760376,0.0,,314.0,0.2759208679199219,314.0,,0.0025128754787147045,2.7226572036743164,0.3394641876220703,False
1502878STOCK2,1,2020,0,No,True,366,False,143.0,0.708113968372345,0.07159535586833954,0.6365185976028442,117.0,0.39700669050216675,173.0,0.3934113085269928,56.0,0.011965664103627205,0.01049008872359991,33.394134521484375,29.31319808959961,142.0,0.7861497402191162,0.25210511684417725,0.534044623374939,114.0,0.517850935459137,176.0,0.5235716700553894,62.0,0.009582100436091423,0.0077228844165802,43.14307403564453,27.260452270507812,142.0,0.590865969657898,0.003957063890993595,0.5869088768959045,115.0,0.2903869152069092,171.0,0.30362191796302795,56.0,0.011128854006528854,0.009904967620968819,27.259315490722656,27.033761978149414,152.0,0.04327472299337387,0.0027002375572919846,0.04057448357343674,116.0,0.022628357633948326,182.0,0.022700613364577293,66.0,0.0005735101294703782,0.0006858036504127085,2.395230770111084,2.2143149375915527,158.0,0.6702650785446167,0.18570548295974731,0.4845595955848694,128.0,0.4218641221523285,184.0,0.42055851221084595,56.0,0.008280032314360142,0.00960409827530384,33.119022369384766,22.533809661865234,True
1502878STOCK2,2,2021,0,No,True,59,False,1.0,0.09892700612545013,0.09186621010303497,0.007060796022415161,0.0,,13.0,0.09554231911897659,13.0,,0.00028205724083818495,1.2171343564987183,0.06880676746368408,59.0,0.3131515681743622,0.2999778389930725,0.013173729181289673,54.0,0.306380033493042,0.0,,-54.0,0.001354306936264038,,0.0,0.0,1.0,0.021719302982091904,0.01989058032631874,0.0018287226557731628,0.0,,8.0,0.020754434168338776,8.0,,0.0001378384040435776,0.1591595560312271,0.009980201721191406,38.0,0.0040641422383487225,0.0032384602818638086,0.0008256819564849138,22.0,0.0036299177445471287,59.0,0.0036626874934881926,37.0,2.713903086259961e-05,1.9116892872261815e-05,0.14643648266792297,0.024994224309921265,21.0,0.3771463930606842,0.3022597134113312,0.07488667964935303,7.0,0.3394145667552948,42.0,0.33880752325057983,35.0,0.002695130417123437,0.0018256604671478271,13.035126686096191,2.1537771224975586,False
1504213P2,0,2020,0,No,False,1,True,,,,,,,,,,,,,,,,,,,,,,,,,,,,,,,,,,,,,,,,,,,,,,,,,,,,,,,,,,,,,,,,,,False
1504213P2,1,2021,0,No,False,168,True,278.0,0.6239853501319885,0.06640054285526276,0.557584822177887,256.0,0.3506247401237488,300.0,0.34831440448760986,44.0,0.012425482273101807,0.012530497275292873,23.231040954589844,20.243017196655273,282.0,0.7044715285301208,0.21518275141716003,0.4892887771129608,257.0,0.4595080614089966,306.0,0.45761457085609436,49.0,0.009798538871109486,0.010285706259310246,30.51624298095703,19.757104873657227,280.0,0.5178639888763428,0.0007199057145044208,0.5171440839767456,256.0,0.2548011243343353,302.0,0.2567131519317627,46.0,0.010960952378809452,0.01187049224972725,19.603736877441406,19.569900512695312,295.0,0.04584204778075218,0.00461373757570982,0.04122830927371979,260.0,0.025330176576972008,315.0,0.025774506852030754,55.0,0.000586053472943604,0.001003377023153007,2.0908396244049072,1.8324702978134155,299.0,0.7349745035171509,0.13249626755714417,0.6024782657623291,271.0,0.4372379183769226,322.0,0.44024622440338135,51.0,0.01063344907015562,0.012814273126423359,32.0726318359375,25.18282699584961,True
1504213P3,0,2020,0,No,False,61,True,306.0,0.7678263187408447,0.0754728764295578,0.6923534274101257,0.0,,330.0,0.4166695475578308,330.0,,0.01463153213262558,14.678655624389648,12.791833877563477,306.0,0.7764095067977905,0.2587815523147583,0.5176279544830322,0.0,,332.0,0.521268904209137,332.0,,0.009813100099563599,17.527292251586914,10.540190696716309,306.0,0.6050165891647339,0.006699506659060717,0.5983170866966248,0.0,,328.0,0.30237776041030884,328.0,,0.013756310567259789,10.226381301879883,10.07229232788086,306.0,0.04269308224320412,0.006745906546711922,0.035947173833847046,0.0,,334.0,0.024965321645140648,334.0,,0.0006331343320198357,0.9923083782196045,0.7966771125793457,306.0,0.5959817171096802,0.21024903655052185,0.3857326805591583,0.0,,340.0,0.40213578939437866,340.0,,0.0057013509795069695,18.796144485473633,11.43742847442627,True
1504213P3,1,2021,0,No,False,56,True,48.0,0.17966416478157043,0.11970828473567963,0.05995588004589081,35.0,0.14842477440834045,56.0,0.1656552255153656,21.0,0.002403029939159751,0.0017511174082756042,3.658181667327881,1.0844535827636719,49.0,0.29126620292663574,0.27214738726615906,0.019118815660476685,36.0,0.28186550736427307,56.0,0.28538277745246887,20.0,0.0007231304189190269,0.0008404893451370299,5.901132106781006,0.3221116065979004,48.0,0.0713423565030098,0.034265000373125076,0.03707735612988472,35.0,0.052348583936691284,56.0,0.06211117282509804,21.0,0.0014610594371333718,0.0011538979597389698,1.4059500694274902,0.6692526936531067,1.0,0.00642029382288456,0.005065533332526684,0.0013547604903578758,0.0,,5.0,0.005655014421790838,5.0,,0.00019131985027343035,0.026934653520584106,0.004139753058552742,56.0,0.2761598229408264,0.2144331932067871,0.06172662973403931,51.0,0.24184051156044006,0.0,,-51.0,0.0068638622760772705,,0.0,0.0,False
1504213P3,2,2021,0,No,False,168,True,279.0,0.6151723861694336,0.07493770122528076,0.5402346849441528,257.0,0.35238194465637207,301.0,0.33716410398483276,44.0,0.011945020407438278,0.012636739760637283,22.899084091186523,19.526887893676758,282.0,0.703761637210846,0.22327913343906403,0.4804825186729431,258.0,0.4696822464466095,305.0,0.46815210580825806,47.0,0.00975330825895071,0.010243892669677734,29.4453182220459,18.727920532226562,280.0,0.5148215293884277,0.005007072817534208,0.509814441204071,257.0,0.2615918815135956,301.0,0.2618812620639801,44.0,0.011009984649717808,0.012044774368405342,18.76523208618164,18.539913177490234,295.0,0.0469210110604763,0.005122930742800236,0.04179808124899864,262.0,0.02597047947347164,315.0,0.026298724114894867,53.0,0.0006348646129481494,0.0010311143705621362,2.069310188293457,1.7926719188690186,298.0,0.7307054996490479,0.13430404663085938,0.5964014530181885,270.0,0.42617008090019226,323.0,0.43370717763900757,53.0,0.010876265354454517,0.011879933066666126,32.97407913208008,25.721660614013672,True
1504213P3P,0,2020,1,Herbicide,False,366,True,90.0,0.7013795971870422,-0.02535814791917801,0.7267377376556396,25.0,0.34036964178085327,336.0,0.33757662773132324,311.0,0.005553999450057745,0.0014788738917559385,112.76762390136719,120.67936706542969,91.0,0.8467937707901001,0.014330198988318443,0.8324635624885559,14.0,0.42811742424964905,340.0,0.4325595796108246,326.0,0.005437355022877455,0.0016635911306366324,162.36172485351562,157.67575073242188,88.0,0.6650004386901855,-0.0564788281917572,0.7214792966842651,28.0,0.3072390854358673,125.0,0.3061073422431946,97.0,0.005962689407169819,0.009699813090264797,53.029052734375,58.56398010253906,299.0,0.04246373847126961,0.004211880266666412,0.038251858204603195,268.0,0.02316773310303688,335.0,0.023710355162620544,67.0,0.0006224517710506916,0.0005209273076616228,2.4334702491760254,2.147062301635742,109.0,0.7271739840507507,0.08688122034072876,0.640292763710022,39.0,0.4025251269340515,145.0,0.4091551899909973,106.0,0.004637840669602156,0.008833855390548706,65.34062194824219,56.04433059692383,True
1504213P4,0,2020,0,No,False,61,True,306.0,0.1655869036912918,0.12297855317592621,0.0426083505153656,0.0,,333.0,0.14424000680446625,333.0,,0.0007906258106231689,4.254481315612793,0.8110818862915039,306.0,0.3722032606601715,0.3292713761329651,0.04293188452720642,0.0,,314.0,0.35161617398262024,314.0,,0.0025733858346939087,3.2430527210235596,0.27961039543151855,306.0,0.054921165108680725,0.0461774505674839,0.008743714541196823,0.0,,361.0,0.050197042524814606,361.0,,8.589313802076504e-05,2.935723304748535,0.34978604316711426,306.0,0.008228953927755356,0.0048744254745543,0.0033545284532010555,0.0,,319.0,0.0064944373443722725,319.0,,0.00013342435704544187,0.10177058726549149,0.033528633415699005,306.0,0.5997883081436157,0.3144312798976898,0.2853570282459259,0.0,,343.0,0.45647940039634705,343.0,,0.0038732136599719524,19.75309944152832,7.804710388183594,False
1504213P4,1,2021,0,No,False,56,True,49.0,0.16112229228019714,0.12772688269615173,0.03339540958404541,39.0,0.14480076730251312,56.0,0.15172192454338074,17.0,0.0016321524744853377,0.0013429096434265375,2.7295982837677,0.49437785148620605,1.0,0.3414587080478668,0.3113216757774353,0.03013703227043152,0.0,,7.0,0.3274073302745819,7.0,,0.0023418962955474854,2.17327618598938,0.14968514442443848,49.0,0.06089826300740242,0.04261608421802521,0.018282178789377213,39.0,0.051827944815158844,56.0,0.054138440638780594,17.0,0.0009070318192243576,0.0009656889014877379,1.0121538639068604,0.2663725018501282,1.0,0.005374029744416475,0.004671932198107243,0.0007020975463092327,0.0,,9.0,0.005015314556658268,9.0,,4.4839398469775915e-05,0.04437993839383125,0.004668515175580978,1.0,0.3008016049861908,0.22409392893314362,0.07670767605304718,0.0,,5.0,0.2636311650276184,5.0,,0.009292609989643097,1.260776162147522,0.2523534297943115,False
1504213P4,2,2021,0,No,False,168,True,281.0,0.5062071681022644,0.0800476223230362,0.4261595606803894,259.0,0.29278671741485596,302.0,0.29134631156921387,43.0,0.009700929746031761,0.010231469757854939,18.511554718017578,14.989459037780762,284.0,0.625289261341095,0.2220064252614975,0.4032828211784363,261.0,0.42797785997390747,305.0,0.4248861074447632,44.0,0.00857875682413578,0.009543007239699364,24.581905364990234,14.591615676879883,282.0,0.42372092604637146,0.008109413087368011,0.41561150550842285,259.0,0.21102288365364075,302.0,0.2162221521139145,43.0,0.009247740730643272,0.010374939069151878,14.982292175292969,14.62547779083252,294.0,0.03841264545917511,0.005402807146310806,0.033009838312864304,262.0,0.021714435890316963,314.0,0.021440567448735237,52.0,0.0005218190490268171,0.0008486039005219936,1.6742947101593018,1.3879458904266357,299.0,0.5356151461601257,0.1236795037984848,0.41193562746047974,273.0,0.3289484977722168,323.0,0.3260386884212494,50.0,0.007948717102408409,0.008732352405786514,23.034900665283203,16.727245330810547,True
1504311200PO,0,2021,0,No,False,89,True,277.0,0.07814770191907883,0.06615932285785675,0.011988379061222076,0.0,,287.0,0.07190605252981186,287.0,,0.0006241649389266968,0.7863800525665283,0.09170717000961304,277.0,0.2265138030052185,0.1512678861618042,0.0752459168434143,0.0,,335.0,0.18797381222248077,335.0,,0.0006644825916737318,12.056097030639648,3.2069263458251953,315.0,0.016391746699810028,0.009839711710810661,0.006552034988999367,277.0,0.013416305184364319,338.0,0.013088414445519447,61.0,7.830109097994864e-05,0.00014362313959281892,0.9531784057617188,0.3480360507965088,365.0,0.00939883105456829,0.006792291067540646,0.002606539987027645,359.0,0.008174453862011433,0.0,,-359.0,0.0002040628605755046,,0.0,0.0,323.0,0.3138522505760193,0.21122318506240845,0.10262906551361084,295.0,0.26869046688079834,342.0,0.26465651392936707,47.0,0.0016129208961501718,0.002589249284937978,14.053117752075195,3.9144058227539062,False
1504311203PO,0,2020,1,Other,False,145,True,329.0,0.07331967353820801,0.05245430767536163,0.020865365862846375,286.0,0.06282422691583633,0.0,,-286.0,0.0002440801472403109,,0.0,0.0,324.0,0.24323001503944397,0.15545180439949036,0.08777821063995361,293.0,0.19940721988677979,0.0,,-293.0,0.0014136385871097445,,0.0,0.0,326.0,0.019217748194932938,0.00384914455935359,0.01536860316991806,304.0,0.011528976261615753,0.0,,-304.0,0.0003494896227493882,,0.0,0.0,364.0,0.00556473433971405,0.004300976172089577,0.0012637581676244736,305.0,0.0031460451427847147,0.0,,-305.0,4.0994731534738094e-05,,0.0,0.0,298.0,0.34753477573394775,0.24474042654037476,0.102794349193573,283.0,0.3369061350822449,305.0,0.3456382751464844,22.0,0.0007085760589689016,0.0002709286636672914,7.755621910095215,2.24896240234375,False
1504311203PO,1,2021,0,No,False,247,True,129.0,0.7421145439147949,0.01137335505336523,0.7307412028312683,99.0,0.3807273507118225,157.0,0.37453868985176086,58.0,0.012046239338815212,0.013127708807587624,35.84853744506836,35.17750930786133,126.0,0.7841675877571106,0.14492107927799225,0.6392465233802795,97.0,0.4719383716583252,157.0,0.4629054367542267,60.0,0.010766524821519852,0.010363294743001461,40.775489807128906,31.935302734375,125.0,0.5760172009468079,-0.03135531023144722,0.607372522354126,96.0,0.26652348041534424,154.0,0.2760104537010193,58.0,0.010672197677195072,0.010345060378313065,27.317188262939453,29.167152404785156,133.0,0.04762619733810425,-0.0005593944806605577,0.04818559065461159,95.0,0.023521970957517624,164.0,0.023247946053743362,69.0,0.0006343217683024704,0.0007863952196203172,2.7303760051727295,2.769533634185791,140.0,0.6399076581001282,0.05132095515727997,0.588586688041687,107.0,0.34577640891075134,165.0,0.34966689348220825,58.0,0.008913068100810051,0.011609630659222603,31.356151580810547,28.328214645385742,True
1504311205PO,0,2020,1,Other,False,145,True,329.0,0.07347646355628967,0.0511363185942173,0.022340144962072372,283.0,0.06467899680137634,0.0,,-283.0,0.00019124927348457277,,0.0,0.0,327.0,0.23397672176361084,0.15650421380996704,0.0774725079536438,283.0,0.20202960073947906,0.0,,-283.0,0.0007260709535330534,,0.0,0.0,326.0,0.015576099045574665,0.0023817503824830055,0.01319434866309166,287.0,0.00900341384112835,0.0,,-287.0,0.0001685303868725896,,0.0,0.0,1.0,0.004454825073480606,0.003613368608057499,0.0008414564654231071,1.0,0.004454825073480606,0.0,,-1.0,,,0.0,0.0,307.0,0.3831656277179718,0.2428916096687317,0.1402740180492401,283.0,0.33296582102775574,0.0,,-283.0,0.0020916585344821215,,0.0,0.0,False
1504311205PO,1,2021,0,No,False,247,True,124.0,0.4677337110042572,0.03370814025402069,0.4340255856513977,94.0,0.24783004820346832,155.0,0.2503460645675659,61.0,0.0073301219381392,0.007012504618614912,23.964874267578125,21.874969482421875,123.0,0.5688187479972839,0.16322650015354156,0.40559226274490356,94.0,0.3636932671070099,155.0,0.36709895730018616,61.0,0.007073292508721352,0.006303743459284306,30.545337677001953,20.425294876098633,122.0,0.3608766794204712,-0.015223868191242218,0.3761005401611328,93.0,0.17088757455348969,153.0,0.16892412304878235,60.0,0.006551348604261875,0.006192017812281847,17.593456268310547,18.522111892700195,127.0,0.03716297447681427,0.0009201131178997457,0.03624286130070686,96.0,0.019393855705857277,160.0,0.01921585015952587,64.0,0.0005731973797082901,0.0005438522784970701,2.002546787261963,1.942739486694336,132.0,0.4674624502658844,0.09825389832258224,0.36920854449272156,101.0,0.2862171530723572,158.0,0.28402841091156006,57.0,0.00584662239998579,0.0070551554672420025,22.977325439453125,17.27859878540039,True
1504311207PO,0,2020,1,Other,False,145,True,334.0,0.08257722854614258,0.05988248437643051,0.022694744169712067,292.0,0.07121706008911133,0.0,,-292.0,0.0002704802027437836,,0.0,0.0,328.0,0.23758065700531006,0.16271311044692993,0.07486754655838013,283.0,0.20464393496513367,0.0,,-283.0,0.0007319271680898964,,0.0,0.0,326.0,0.02116517908871174,0.009930833242833614,0.011234345845878124,305.0,0.01555518340319395,0.0,,-305.0,0.00026714266277849674,,0.0,0.0,363.0,0.0048549966886639595,0.003834946546703577,0.0010200501419603825,1.0,0.004825556185096502,0.0,,-1.0,8.132735729304841e-08,,0.0,0.0,325.0,0.3416873812675476,0.26617980003356934,0.07550758123397827,286.0,0.3038129508495331,0.0,,-286.0,0.0009711392340250313,,0.0,0.0,False
1504311207PO,1,2021,0,No,False,241,True,128.0,0.4576816260814667,0.017216628417372704,0.4404650032520294,100.0,0.24058005213737488,155.0,0.23802019655704498,55.0,0.0077536278404295444,0.008135608397424221,21.037673950195312,20.073543548583984,128.0,0.5609166026115417,0.14465293288230896,0.4162636697292328,100.0,0.3507949113845825,155.0,0.35099703073501587,55.0,0.007504346314817667,0.007774799130856991,26.969213485717773,18.868648529052734,127.0,0.35826975107192993,-0.028896275907754898,0.38716602325439453,99.0,0.1665395349264145,153.0,0.167135089635849,54.0,0.006847507786005735,0.007351333275437355,15.71121597290039,17.30051040649414,132.0,0.039675552397966385,0.0005429629236459732,0.03913258761167526,102.0,0.020444219931960106,160.0,0.0195207130163908,58.0,0.0006410444038920105,0.0007198156672529876,1.9126369953155518,1.880602240562439,137.0,0.46178755164146423,0.11947688460350037,0.34231066703796387,112.0,0.2916552424430847,159.0,0.2945958375930786,47.0,0.006805292330682278,0.007599623408168554,18.98282814025879,13.247937202453613,True
1504311208WPO,0,2020,1,Fungicide,False,175,True,129.0,0.4999511241912842,0.032030485570430756,0.4679206311702728,100.0,0.26418960094451904,155.0,0.25856947898864746,55.0,0.008129707537591457,0.009283909574151039,23.06684112548828,21.273134231567383,127.0,0.631130039691925,0.1543276607990265,0.47680237889289856,100.0,0.3955966532230377,154.0,0.38811570405960083,54.0,0.008723459206521511,0.009000531397759914,29.781692504882812,21.293672561645508,126.0,0.41998663544654846,-0.01748589426279068,0.43747252225875854,99.0,0.2036663293838501,153.0,0.19616146385669708,54.0,0.008011863566935062,0.008289821445941925,18.593355178833008,19.555078506469727,130.0,0.0456380769610405,0.0028980167116969824,0.04274006187915802,101.0,0.02419474348425865,154.0,0.023591013625264168,53.0,0.0007394253043457866,0.000918627658393234,2.0106754302978516,1.854182481765747,137.0,0.40603867173194885,0.08681133389472961,0.31922733783721924,114.0,0.24834278225898743,158.0,0.24096861481666565,44.0,0.0068563432432711124,0.007860478945076466,15.45399284362793,11.547483444213867,True
1504311208WPO,1,2021,0,No,False,4,True,,,,,,,,,,,,,,,,,,,,,,,,,,,,,,,,,,,,,,,,,,,,,,,,,,,,,,,,,,,,,,,,,,False
1504311208WPO1,0,2021,0,No,False,86,True,280.0,0.0643157958984375,0.04641101136803627,0.01790478453040123,0.0,,292.0,0.055268630385398865,292.0,,0.0007539304788224399,0.7443426847457886,0.16420507431030273,280.0,0.21414634585380554,0.13379183411598206,0.08035451173782349,0.0,,331.0,0.1742275357246399,331.0,,0.0007827217923477292,9.523429870605469,2.633151054382324,280.0,0.00892676878720522,-0.001199184451252222,0.010125953704118729,0.0,,302.0,0.00385904754512012,302.0,,0.00023035095364321023,0.13670426607131958,0.16368591785430908,365.0,0.012322920374572277,0.00857791118323803,0.0037450091913342476,359.0,0.010542748495936394,0.0,,-359.0,0.00029669530340470374,,0.0,0.0,280.0,0.32796087861061096,0.2675732374191284,0.060387641191482544,0.0,,298.0,0.2972819209098816,298.0,,0.0017043865518644452,5.804713249206543,0.8546085357666016,False
1504311210PO,0,2021,0,No,False,89,True,277.0,0.0639958307147026,0.050344064831733704,0.013651765882968903,0.0,,285.0,0.057395078241825104,285.0,,0.0008250940591096878,0.5142297744750977,0.08630523085594177,277.0,0.19664424657821655,0.1366240680217743,0.06002017855644226,0.0,,295.0,0.16700634360313416,295.0,,0.001646550139412284,3.3594675064086914,0.8319222927093506,277.0,0.007703456562012434,0.0010473805014044046,0.006656075827777386,0.0,,329.0,0.004372532479465008,329.0,,6.405623571481556e-05,0.20385898649692535,0.148871511220932,365.0,0.017281897366046906,0.010897782631218433,0.006384114734828472,358.0,0.013889077119529247,0.0,,-358.0,0.0004846886149607599,,0.0,0.0,309.0,0.3494137227535248,0.2578688859939575,0.09154483675956726,290.0,0.3033140301704407,332.0,0.3034902811050415,42.0,0.002426299499347806,0.0019966713152825832,14.259416580200195,3.1710548400878906,False
1504311211PO,0,2020,1,Fungicide,False,175,True,130.0,0.5820992588996887,-0.01797671616077423,0.6000759601593018,101.0,0.2747364640235901,156.0,0.28148090839385986,55.0,0.010598717257380486,0.011562244035303593,26.281879425048828,27.288576126098633,129.0,0.6858898997306824,0.1255885362625122,0.5603013634681702,100.0,0.40657880902290344,156.0,0.39858269691467285,56.0,0.009631416760385036,0.0106410076841712,33.04827880859375,25.889732360839844,128.0,0.4757039248943329,-0.062618188560009,0.5383220911026001,100.0,0.20247170329093933,154.0,0.2138993740081787,54.0,0.009758293628692627,0.010069405660033226,20.64852523803711,24.092525482177734,136.0,0.044919684529304504,0.0007735404069535434,0.04414614289999008,96.0,0.022625675424933434,160.0,0.023512618616223335,64.0,0.0005573502276092768,0.000891961099114269,2.375974655151367,2.3256945610046387,141.0,0.5412163138389587,0.05959615856409073,0.4816201627254486,114.0,0.3003602623939514,162.0,0.3008458614349365,48.0,0.008920594118535519,0.0114462124183774,22.07574462890625,19.155532836914062,True
1504311212PO,0,2020,1,Other,False,145,True,294.0,0.07697464525699615,0.047834862023591995,0.02913978323340416,283.0,0.07638110220432281,305.0,0.07609861344099045,22.0,5.39584580110386e-05,7.96392560005188e-05,1.7256629467010498,0.6493785381317139,322.0,0.26709988713264465,0.1915733814239502,0.07552650570869446,283.0,0.24406228959560394,0.0,,-283.0,0.000590707641094923,,0.0,0.0,325.0,0.021408965811133385,0.007500363513827324,0.01390860229730606,1.0,0.009394698776304722,0.0,,-1.0,3.708107033162378e-05,,0.0,0.0,363.0,0.00515992846339941,0.0039045754820108414,0.0012553529813885689,1.0,0.005005333106964827,0.0,,-1.0,4.270590068244928e-07,,0.0,0.0,307.0,0.38535335659980774,0.28726375102996826,0.09808960556983948,289.0,0.33823689818382263,0.0,,-289.0,0.0026175810489803553,,0.0,0.0,False
1504311212PO,1,2021,0,No,False,241,True,123.0,0.7930794954299927,-0.0021987613290548325,0.7952782511711121,93.0,0.39672762155532837,152.0,0.39675191044807434,59.0,0.013211729004979134,0.013666468672454357,38.9076042175293,39.03953170776367,120.0,0.8451727032661438,0.16245761513710022,0.6827150583267212,90.0,0.49579331278800964,152.0,0.5003907680511475,62.0,0.01164597924798727,0.010774435475468636,45.368560791015625,35.133731842041016,119.0,0.6450313925743103,-0.04262794926762581,0.6876593232154846,91.0,0.30716681480407715,149.0,0.3018152117729187,58.0,0.012066592462360859,0.011440539732575417,30.611412048339844,33.126461029052734,125.0,0.04575269669294357,0.00016893388237804174,0.04558376222848892,85.0,0.023211464285850525,158.0,0.023455429822206497,73.0,0.0005635308334603906,0.0006756747607141733,2.863785743713379,2.8512847423553467,131.0,0.6941591501235962,0.11968903243541718,0.5744701027870178,103.0,0.41368162631988525,157.0,0.40028420090675354,54.0,0.01001705415546894,0.011302882805466652,32.368186950683594,25.785289764404297,True
1504311216PO,0,2020,0,No,False,29,True,120.0,0.5802887082099915,0.542755126953125,0.037533581256866455,111.0,0.5620377063751221,0.0,,-111.0,0.0020278890151530504,,0.0,0.0,120.0,0.6707144975662231,0.6435259580612183,0.027188539505004883,112.0,0.6562682390213013,0.0,,-112.0,0.0018057823181152344,,0.0,0.0,120.0,0.42838677763938904,0.40653467178344727,0.021852105855941772,109.0,0.41771435737609863,0.0,,-109.0,0.0009702200186438859,,0.0,0.0,95.0,0.013745304197072983,0.012405737303197384,0.001339566893875599,92.0,0.013733837753534317,107.0,0.013023735024034977,15.0,3.822147846221924e-06,6.013076563249342e-05,0.2101207971572876,0.017831861972808838,120.0,0.8989475965499878,0.8007993102073669,0.09814828634262085,112.0,0.84903883934021,0.0,,-112.0,0.006238594651222229,,0.0,0.0,False
150449844AC,0,2020,1,Herbicide,False,366,True,95.0,0.7540653347969055,0.07085108011960983,0.6832142472267151,60.0,0.4194374680519104,119.0,0.41624870896339417,59.0,0.009560796432197094,0.014075692743062973,37.88490295410156,33.63383865356445,92.0,0.7960357666015625,0.23747281730175018,0.5585629343986511,53.0,0.518367350101471,119.0,0.5166090726852417,66.0,0.007119703106582165,0.010349136777222157,46.62825012207031,30.717571258544922,91.0,0.6159709095954895,-0.0004347017966210842,0.6164056062698364,56.0,0.3039035499095917,117.0,0.3066196143627167,61.0,0.008916210383176804,0.01189812645316124,31.213224411010742,31.240175247192383,91.0,0.05159538984298706,0.0036649140529334545,0.04793047532439232,58.0,0.027970952913165092,118.0,0.027503827586770058,60.0,0.0007158920052461326,0.0008922800770960748,2.6436586380004883,2.4200987815856934,100.0,0.5506898760795593,0.03954988345503807,0.511139988899231,66.0,0.2961095869541168,293.0,0.2944795787334442,227.0,0.007487655617296696,0.0013275145320221782,81.84661865234375,72.8292465209961,True
1504498DUFFOWP,0,2020,1,Mixed,False,29,True,1.0,0.07067032903432846,0.06776481866836548,0.002905510365962982,0.0,,338.0,0.0665033608675003,338.0,,1.2364890608296264e-05,0.06858684122562408,0.000822022557258606,1.0,0.2717265784740448,0.2545127272605896,0.0172138512134552,0.0,,0.0,,0.0,,,0.0,0.0,1.0,0.02642655372619629,0.020024405792355537,0.006402147933840752,0.0,,0.0,,0.0,,,0.0,0.0,1.0,0.022451456636190414,0.011834627948701382,0.010616828687489033,0.0,,0.0,,0.0,,,0.0,0.0,1.0,0.670284628868103,0.46901214122772217,0.20127248764038086,0.0,,0.0,,0.0,,,0.0,0.0,False
1504498DUFFWP,0,2020,0,No,False,61,False,306.0,0.08240783959627151,0.06728415936231613,0.015123680233955383,0.0,,337.0,0.07470366358757019,337.0,,0.00024852179922163486,2.564361572265625,0.4112684726715088,1.0,0.2839387059211731,0.27184075117111206,0.012097954750061035,0.0,,335.0,0.27747100591659546,335.0,,1.936437183758244e-05,8.310821533203125,0.15559864044189453,330.0,0.021084459498524666,0.013267148286104202,0.007817311212420464,314.0,0.017184831202030182,350.0,0.017242375761270523,36.0,0.00024372676853090525,0.0001921041839523241,0.7218127250671387,0.2309282422065735,365.0,0.014151973649859428,0.009054824709892273,0.0050971489399671555,354.0,0.011580424383282661,0.0,,-354.0,0.0002337772020837292,,0.0,0.0,1.0,0.5169064402580261,0.39812201261520386,0.11878442764282227,0.0,,0.0,,0.0,,,0.0,0.0,False
1504498DUFFWP,1,2021,1,Fungicide,False,365,False,95.0,0.6565091609954834,0.059602800756692886,0.5969063639640808,62.0,0.35821178555488586,125.0,0.3607056438922882,63.0,0.009039314463734627,0.009860116988420486,34.97121810913086,31.156639099121094,92.0,0.7718799710273743,0.25460314750671387,0.5172768235206604,59.0,0.5166824460029602,123.0,0.510930597782135,64.0,0.007733258418738842,0.008417721837759018,43.963600158691406,27.41439437866211,365.0,0.6007078289985657,0.29300180077552795,0.3077060282230377,333.0,0.4433632493019104,0.0,,-333.0,0.004917018115520477,,0.0,0.0,94.0,0.05212057754397392,0.007838848978281021,0.0442817285656929,61.0,0.030036387965083122,124.0,0.029894335195422173,63.0,0.0006692178430967033,0.0007408747333101928,2.8358726501464844,2.334186315536499,105.0,0.8124586343765259,0.4508455991744995,0.36161303520202637,63.0,0.6344320178031921,126.0,0.6320727467536926,63.0,0.004238728899508715,0.00858980417251587,47.36325454711914,18.50913429260254,True
1504498DUFFWP,2,2022,0,No,False,59,False,35.0,0.7908937335014343,0.7233192920684814,0.06757444143295288,16.0,0.7576521635055542,59.0,0.784297525882721,43.0,0.001749556278809905,0.0002748419938143343,34.11479187011719,2.650402069091797,59.0,0.9371022582054138,0.8552653789520264,0.08183687925338745,16.0,0.8939061760902405,0.0,,-16.0,0.0010045600356534123,,0.0,0.0,33.0,0.7631658911705017,0.6852948665618896,0.07787102460861206,15.0,0.7219941020011902,49.0,0.7605559825897217,34.0,0.002287321723997593,0.00016311928629875183,26.451801300048828,2.466480255126953,1.0,0.011053018271923065,0.007762967608869076,0.0032900506630539894,0.0,,6.0,0.009411679580807686,6.0,,0.00032826774986460805,0.05583773925900459,0.013141419738531113,1.0,0.7369344234466553,0.6806910037994385,0.0562434196472168,0.0,,9.0,0.7086828947067261,9.0,,0.00353144109249115,6.134899139404297,0.3490257263183594,False
1504498ORAN80P,0,2020,1,Mixed,False,366,True,93.0,0.667239785194397,0.07211538404226303,0.5951244235038757,58.0,0.3744126260280609,118.0,0.37720629572868347,60.0,0.008366490714251995,0.011601340025663376,34.155452728271484,29.75641441345215,89.0,0.7452921271324158,0.24009402096271515,0.5051981210708618,50.0,0.4968450665473938,120.0,0.4906947910785675,70.0,0.006370437331497669,0.008212816901504993,46.67786407470703,29.631189346313477,88.0,0.5182561874389648,0.0139538012444973,0.5043023824691772,53.0,0.26113584637641907,116.0,0.2606527507305145,63.0,0.007346295285969973,0.009200123138725758,27.252079010009766,26.35903549194336,87.0,0.039419155567884445,0.005799481179565191,0.033619675785303116,56.0,0.022936364635825157,118.0,0.02301686443388462,62.0,0.0005317029426805675,0.0005291061825118959,2.1307265758514404,1.7653592824935913,99.0,0.5734573602676392,0.046521615236997604,0.5269357562065125,56.0,0.3086550831794739,248.0,0.3101155459880829,192.0,0.0061581926420331,0.001767394714988768,83.39335632324219,74.41468811035156,True
1504498ORANG80P,0,2020,0,No,False,61,False,334.0,0.08843658864498138,0.07574055343866348,0.012696035206317902,312.0,0.0819624736905098,353.0,0.08193887025117874,41.0,0.00029427793924696743,0.000341985170962289,3.611412525177002,0.4303092956542969,337.0,0.3086930215358734,0.2720041871070862,0.03668883442878723,322.0,0.2907055914402008,356.0,0.3014373779296875,34.0,0.0011991619830951095,0.00038187598693184555,10.630529403686523,1.1103830337524414,335.0,0.02534308284521103,0.014552715234458447,0.010790367610752583,317.0,0.020151585340499878,355.0,0.01981007307767868,38.0,0.00028841651510447264,0.00027665047673508525,0.9122567176818848,0.34470081329345703,365.0,0.006581024266779423,0.005319324322044849,0.0012616999447345734,353.0,0.0059435926377773285,0.0,,-353.0,5.311930362950079e-05,,0.0,0.0,327.0,0.2821487784385681,0.1259692907333374,0.1561794877052307,306.0,0.24421405792236328,348.0,0.2037864774465561,42.0,0.0018064152682200074,0.003731538075953722,11.059314727783203,5.705619812011719,False
1504498ORANG80P,1,2021,1,Fungicide,False,365,False,99.0,0.7959861755371094,0.06574873626232147,0.7302374243736267,60.0,0.42868152260780334,132.0,0.4257999658584595,72.0,0.009418068453669548,0.011217763647437096,48.598114013671875,43.79845428466797,94.0,0.8474773168563843,0.25889718532562256,0.5885801315307617,57.0,0.5480400919914246,130.0,0.5609617829322815,73.0,0.008092897944152355,0.007958765141665936,55.256439208984375,36.098045349121094,94.0,0.6445560455322266,-2.8343405574560165e-05,0.6445844173431396,57.0,0.3180982172489166,129.0,0.3263094127178192,72.0,0.008823184296488762,0.00909276120364666,38.80108642578125,38.80315399169922,103.0,0.05841813609004021,0.0039537213742733,0.05446441471576691,62.0,0.03157703951001167,133.0,0.030681176111102104,71.0,0.000654660863801837,0.000924565305467695,3.4904730319976807,3.2058050632476807,116.0,0.7473058104515076,0.09491932392120361,0.652386486530304,78.0,0.4226619303226471,147.0,0.41981634497642517,69.0,0.008543260395526886,0.010564176365733147,42.2995719909668,35.65522003173828,True
1504498ORANG80P,2,2022,0,No,False,59,False,59.0,0.39233213663101196,0.23433008790016174,0.15800204873085022,51.0,0.3146199584007263,0.0,,-51.0,0.009714022278785706,,0.0,0.0,59.0,0.5867310166358948,0.41756847500801086,0.1691625416278839,47.0,0.5039207339286804,0.0,,-47.0,0.006900856737047434,,0.0,0.0,59.0,0.3347816467285156,0.17032581567764282,0.1644558310508728,50.0,0.24957410991191864,0.0,,-50.0,0.009467503987252712,,0.0,0.0,59.0,0.03549078479409218,0.019836891442537308,0.01565389335155487,51.0,0.027226204052567482,0.0,,-51.0,0.001033072592690587,,0.0,0.0,59.0,0.1171056479215622,0.09163807332515717,0.02546757459640503,27.0,0.1049419417977333,0.0,,-27.0,0.00038011581636965275,,0.0,0.0,False
1504498SDSP,0,2019,0,No,False,61,False,327.0,0.09185157716274261,0.08526425063610077,0.006587326526641846,313.0,0.08863282203674316,339.0,0.08836490660905838,26.0,0.00022991107834968716,0.0002905558794736862,2.4433369636535645,0.14120244979858398,354.0,0.3649582266807556,0.29314878582954407,0.07180944085121155,340.0,0.33037397265434265,365.0,0.34988388419151306,25.0,0.0024703037925064564,0.0013703947188332677,9.054824829101562,1.5795297622680664,336.0,0.03080531768500805,0.014902251772582531,0.015903066843748093,319.0,0.02309250831604004,355.0,0.023064948618412018,36.0,0.00045369466533884406,0.00040738785173743963,1.030480146408081,0.47909682989120483,359.0,0.007140479050576687,0.00445194635540247,0.0026885326951742172,344.0,0.005794229917228222,365.0,0.0068104881793260574,21.0,8.974994125310332e-05,5.499847975443117e-05,0.14468103647232056,0.04896419495344162,305.0,0.3388475179672241,0.22518645226955414,0.11366106569766998,0.0,,320.0,0.28276222944259644,320.0,,0.0037390191573649645,4.777226448059082,1.2868366241455078,False
1504498SDSP,1,2020,1,Herbicide,False,427,False,101.0,0.766265332698822,0.07450050115585327,0.6917648315429688,63.0,0.4137173593044281,131.0,0.42639654874801636,68.0,0.009277578443288803,0.011328959837555885,44.386253356933594,39.24571990966797,97.0,0.7960984110832214,0.26050207018852234,0.5355963706970215,57.0,0.5272470712661743,130.0,0.5257188677787781,73.0,0.006721283309161663,0.008193319663405418,51.892539978027344,32.615386962890625,96.0,0.5995432138442993,0.0033493333030492067,0.5961939096450806,60.0,0.3071924149990082,128.0,0.3022442162036896,68.0,0.008120855316519737,0.009290593676269054,34.130523681640625,33.899417877197266,97.0,0.05290728434920311,0.002790257800370455,0.05011702701449394,62.0,0.02747792750597,131.0,0.027356812730431557,69.0,0.0007265530293807387,0.0007514844764955342,3.1055192947387695,2.91020131111145,115.0,0.6763281226158142,0.06935054808855057,0.6069775819778442,82.0,0.3767321705818176,213.0,0.3732244670391083,131.0,0.009078665636479855,0.0030928943306207657,51.405242919921875,42.25096893310547,True
1504498SDSP,2,2021,1,Fungicide,False,424,False,99.0,0.8066756725311279,0.07277213037014008,0.7339035272598267,62.0,0.4390420615673065,125.0,0.44836127758026123,63.0,0.009936043992638588,0.013781323097646236,42.69701385498047,38.03959655761719,96.0,0.841328501701355,0.24212273955345154,0.599205732345581,60.0,0.561781108379364,125.0,0.5445038676261902,65.0,0.007765205577015877,0.010235331952571869,48.37939453125,32.3992919921875,95.0,0.6311491131782532,0.004027635790407658,0.6271214485168457,60.0,0.3261107802391052,123.0,0.321842759847641,63.0,0.008715380914509296,0.011046655476093292,32.95323944091797,32.69546890258789,96.0,0.05496795475482941,0.0033042447175830603,0.05166371166706085,60.0,0.029362672939896584,124.0,0.028506534174084663,64.0,0.0007112578023225069,0.000945050735026598,2.938995122909546,2.72421932220459,111.0,0.7234100103378296,0.08271438628435135,0.6406956315040588,75.0,0.4072318971157074,139.0,0.4024812579154968,64.0,0.008782725781202316,0.011461741290986538,37.94834518432617,32.5719108581543,True
1504498SDSP,3,2022,0,No,False,59,False,59.0,0.4298211932182312,0.263823539018631,0.16599765419960022,51.0,0.3451130986213684,0.0,,-51.0,0.010588511824607849,,0.0,0.0,59.0,0.6048566699028015,0.43704283237457275,0.16781383752822876,49.0,0.5213578343391418,0.0,,-49.0,0.008349883370101452,,0.0,0.0,59.0,0.34562382102012634,0.18516764044761658,0.16045618057250977,51.0,0.2641521990299225,0.0,,-51.0,0.010183952748775482,,0.0,0.0,59.0,0.03556269034743309,0.019535386934876442,0.016027303412556648,52.0,0.027591202408075333,0.0,,-52.0,0.0011387839913368225,,0.0,0.0,59.0,0.12049826234579086,0.09999629855155945,0.020501963794231415,44.0,0.11021110415458679,0.0,,-44.0,0.0006858105189166963,,0.0,0.0,False
1504512STOCKWP,0,2020,1,Mixed,False,310,True,143.0,0.8493527173995972,0.06768558919429779,0.7816671133041382,113.0,0.4580628275871277,181.0,0.4638224244117737,68.0,0.013042996637523174,0.010145533829927444,49.45648193359375,44.78617477416992,142.0,0.8210701942443848,0.23934578895568848,0.5817244052886963,112.0,0.521524965763092,185.0,0.5290655493736267,73.0,0.009984840638935566,0.006790805608034134,53.23590087890625,35.524314880371094,141.0,0.6533103585243225,0.003145800670608878,0.6501645445823669,112.0,0.3292232155799866,180.0,0.3308411240577698,68.0,0.011175418272614479,0.008268442004919052,37.27716064453125,37.06010055541992,154.0,0.06495881080627441,0.00215450138784945,0.06280431151390076,106.0,0.03296765685081482,192.0,0.03330929949879646,86.0,0.0006664823740720749,0.0008328818948939443,4.712583541870117,4.525141716003418,170.0,0.9184578061103821,0.3039994239807129,0.6144583821296692,85.0,0.6106243133544922,197.0,0.6033929586410522,112.0,0.003621570533141494,0.011669068597257137,85.88518524169922,51.53325271606445,True
15045481H,0,2020,0,No,False,1,True,,,,,,,,,,,,,,,,,,,,,,,,,,,,,,,,,,,,,,,,,,,,,,,,,,,,,,,,,,,,,,,,,,False
15045481H,1,2021,1,Other,False,259,True,131.0,0.7167409658432007,0.05108002573251724,0.6656609177589417,108.0,0.3937836289405823,153.0,0.38396140933036804,45.0,0.01404162310063839,0.015126343816518784,27.193649291992188,24.84396743774414,130.0,0.7946138978004456,0.20893293619155884,0.5856809616088867,104.0,0.4956790506839752,154.0,0.5083615183830261,50.0,0.011497493833303452,0.011927182786166668,34.84966278076172,24.19408416748047,129.0,0.5902518033981323,-0.005774200428277254,0.5960260033607483,105.0,0.29099714756011963,151.0,0.30143097043037415,46.0,0.012468944303691387,0.013128220103681087,22.50309181213379,22.774478912353516,129.0,0.03751262277364731,0.0033433912321925163,0.03416923061013222,103.0,0.020887503400444984,153.0,0.019943339750170708,50.0,0.0006394276861101389,0.0007320534787140787,1.581342101097107,1.4108291864395142,138.0,0.5767987370491028,0.17125548422336578,0.4055432677268982,116.0,0.373579740524292,160.0,0.3677269220352173,44.0,0.009237227030098438,0.009503263980150223,22.3689022064209,14.662405967712402,True
15045481P,0,2021,0,No,False,219,True,1.0,0.09597166627645493,0.07257042080163956,0.02340124547481537,0.0,,93.0,0.08416072279214859,93.0,,0.00012837981921620667,13.517536163330078,2.5231170654296875,1.0,0.37106987833976746,0.2808539867401123,0.09021589159965515,0.0,,91.0,0.29415959119796753,91.0,,0.0008545587188564241,41.834190368652344,-0.15348052978515625,1.0,0.029248850420117378,0.00930100679397583,0.019947843626141548,0.0,,77.0,0.019325993955135345,77.0,,0.00013056390162091702,2.821939468383789,1.5616530179977417,28.0,0.01743576116859913,0.0044279457069933414,0.013007815927267075,1.0,0.0044233547523617744,73.0,0.007321181241422892,72.0,0.00048194098053500056,0.00022476844605989754,1.160766363143921,0.5784914493560791,28.0,0.5445049405097961,0.37013596296310425,0.1743689775466919,1.0,0.4151146113872528,78.0,0.45787501335144043,77.0,0.004792234394699335,0.0017325985245406628,63.453025817871094,12.929466247558594,False
15045484P,0,2019,0,No,False,61,False,305.0,0.8563466668128967,0.448539137840271,0.40780752897262573,0.0,,325.0,0.6540510654449463,325.0,,0.010114779695868492,15.710345268249512,6.515293121337891,305.0,0.8594008088111877,0.5486675500869751,0.31073325872421265,0.0,,325.0,0.7002841234207153,325.0,,0.00795583426952362,16.162912368774414,4.915227890014648,305.0,0.6749747395515442,0.34250983595848083,0.33246490359306335,0.0,,325.0,0.5125790238380432,325.0,,0.008119786158204079,12.367307662963867,5.345856189727783,305.0,0.029543502256274223,0.02380211651325226,0.005741385743021965,0.0,,333.0,0.026618745177984238,333.0,,0.00010445561201777309,0.8165453672409058,0.1381850242614746,305.0,0.8915939331054688,0.6438553929328918,0.2477385401725769,0.0,,323.0,0.765259325504303,323.0,,0.007018589414656162,15.386709213256836,3.475383758544922,True
15045484P,1,2020,1,Herbicide,False,366,False,97.0,0.4901960492134094,0.020001355558633804,0.4701946973800659,70.0,0.2535206973552704,118.0,0.2616552710533142,48.0,0.008765753358602524,0.01088289450854063,19.604217529296875,18.6241512298584,95.0,0.6571369767189026,0.1797054409980774,0.4774315357208252,68.0,0.42364171147346497,119.0,0.4183240532875061,51.0,0.008647972717881203,0.009950538165867329,29.50843620300293,20.163753509521484,94.0,0.4683198034763336,-0.026174373924732208,0.49449416995048523,68.0,0.22022315859794617,116.0,0.2188786417245865,48.0,0.009542178362607956,0.01133823487907648,18.281782150268555,19.564327239990234,92.0,0.044705767184495926,0.006082641892135143,0.03862312436103821,62.0,0.025718046352267265,116.0,0.025679735466837883,54.0,0.0006329240277409554,0.0007927513215690851,2.0918939113616943,1.7573485374450684,95.0,0.642606794834137,0.2818514406681061,0.3607553541660309,17.0,0.4616580307483673,131.0,0.4601175785064697,114.0,0.002319855848327279,0.005069145001471043,64.35132598876953,31.93840789794922,True
15045484P,2,2021,0,No,False,59,False,6.0,0.05337465554475784,0.05016413703560829,0.0032105185091495514,1.0,0.05304350331425667,18.0,0.051835402846336365,17.0,6.623044464504346e-05,0.00012827105820178986,0.9263327121734619,0.04846036434173584,18.0,0.22413159906864166,0.1827550083398819,0.041376590728759766,2.0,0.20364539325237274,34.0,0.2035127580165863,32.0,0.0012803878635168076,0.00128867756575346,7.1404900550842285,1.109574794769287,8.0,0.011572382412850857,0.007061767391860485,0.004510615020990372,1.0,0.011265615932643414,30.0,0.00920437928289175,29.0,4.382378392620012e-05,0.00010763650789158419,0.3229150176048279,0.11459288001060486,31.0,0.01203516498208046,0.007248793728649616,0.004786371253430843,17.0,0.009705513715744019,46.0,0.009509226307272911,29.0,0.00016640366811770946,0.00016839591262396425,0.3310614824295044,0.11359766125679016,2.0,0.3071741461753845,0.17946289479732513,0.1277112513780594,1.0,0.3070368468761444,18.0,0.2416975200176239,17.0,0.0001372992992401123,0.004092289134860039,4.986272811889648,1.8456721305847168,False
1504548F21,0,2021,1,Herbicide,False,166,True,1.0,0.1298379749059677,0.08999112993478775,0.03984684497117996,0.0,,8.0,0.11105208098888397,8.0,,0.002683699131011963,0.8979383111000061,0.22300487756729126,1.0,0.3532598316669464,0.28050467371940613,0.07275515794754028,0.0,,8.0,0.31746506690979004,8.0,,0.005113537888973951,2.5046610832214355,0.4008760452270508,1.0,0.12524667382240295,0.05629836767911911,0.06894830614328384,0.0,,7.0,0.08992672711610794,7.0,,0.005886657629162073,0.689861536026001,0.32392215728759766,22.0,0.010066384449601173,0.00678498949855566,0.003281394951045513,1.0,0.008661252446472645,38.0,0.00847894698381424,37.0,6.69110449962318e-05,9.921484161168337e-05,0.354695200920105,0.10025808215141296,1.0,0.333273321390152,0.28646278381347656,0.046810537576675415,0.0,,147.0,0.30986514687538147,147.0,,0.00016032996063586324,40.97074508666992,-0.9960517883300781,False
1504548PM1,0,2020,1,Herbicide,False,273,True,312.0,0.7318211197853088,0.06864702701568604,0.6631740927696228,281.0,0.3944830298423767,0.0,,-281.0,0.010881873778998852,,0.0,0.0,312.0,0.7554450035095215,0.2631463408470154,0.4922986626625061,282.0,0.5064593553543091,0.0,,-282.0,0.008299521170556545,,0.0,0.0,309.0,0.5657222867012024,0.010884842835366726,0.5548374652862549,279.0,0.2824503779411316,0.0,,-279.0,0.009442397393286228,,0.0,0.0,305.0,0.0335564985871315,0.003710042918100953,0.02984645590186119,273.0,0.018765199929475784,0.0,,-273.0,0.0004622280830517411,,0.0,0.0,331.0,0.5875526070594788,0.11487047374248505,0.4726821184158325,165.0,0.3519735038280487,0.0,,-165.0,0.0014191512018442154,,0.0,0.0,True
1504548PM1,1,2021,0,No,False,225,True,91.0,0.11087773740291595,0.07609957456588745,0.0347781628370285,63.0,0.09372889995574951,109.0,0.09372686594724655,46.0,0.0006124585052020848,0.0009528261725790799,4.883018970489502,1.3063390254974365,2.0,0.33040183782577515,0.2784213423728943,0.05198049545288086,1.0,0.3294425308704376,108.0,0.26939696073532104,107.0,0.0009593069553375244,0.0005755177116952837,44.21947479248047,-2.137683868408203,86.0,0.0350903756916523,0.006339099258184433,0.028751276433467865,1.0,0.02081834338605404,104.0,0.02126334048807621,103.0,0.00016790625522844493,0.0007681685965508223,3.983816385269165,2.9537127017974854,27.0,0.00794223602861166,0.004044875502586365,0.0038973605260252953,1.0,0.005790541414171457,100.0,0.004271558485925198,99.0,8.275748405139893e-05,5.0283255404792726e-05,0.7705144882202148,0.12940168380737305,125.0,0.41637587547302246,0.17187753319740295,0.2444983422756195,71.0,0.2953765392303467,157.0,0.29699841141700745,86.0,0.0022407283540815115,0.003730545751750469,32.24433898925781,17.29099464416504,False
1504548PM3,0,2021,1,Fungicide,False,200,True,330.0,0.24686165153980255,0.06297914683818817,0.18388250470161438,298.0,0.1568441390991211,352.0,0.15773434937000275,54.0,0.0028130472637712955,0.0040512410923838615,11.774648666381836,8.310794830322266,331.0,0.39715829491615295,0.15267567336559296,0.24448262155056,283.0,0.27581220865249634,351.0,0.2745877206325531,68.0,0.0025280434638261795,0.006128528621047735,24.41214370727539,13.877522468566895,324.0,0.1937347650527954,-0.0006193898152559996,0.19435416162014008,288.0,0.09497080743312836,352.0,0.09638197720050812,64.0,0.002743443241342902,0.0034768853802233934,10.420768737792969,10.461029052734375,365.0,0.03873796388506889,0.02086079679429531,0.017877167090773582,354.0,0.029727328568696976,0.0,,-354.0,0.0008191486704163253,,0.0,0.0,166.0,0.38358834385871887,0.26199576258659363,0.12159258127212524,0.0,,236.0,0.32243067026138306,236.0,,0.0008736810414120555,25.408733367919922,6.938030242919922,False
1504548PPF,0,2021,1,Mixed,False,135,True,312.0,0.5608341097831726,0.018689889460802078,0.542144238948822,272.0,0.2913786768913269,342.0,0.29366785287857056,70.0,0.006736385636031628,0.008905542083084583,32.95855712890625,31.631574630737305,304.0,0.6731936931610107,0.1727314293384552,0.5004622936248779,271.0,0.4267103374004364,344.0,0.41937804222106934,73.0,0.007469192612916231,0.006345391273498535,43.8082389831543,31.026113510131836,302.0,0.48644742369651794,-0.03276704624295235,0.5192144513130188,270.0,0.23227137327194214,339.0,0.22509407997131348,69.0,0.007943001575767994,0.007063603959977627,27.83088493347168,30.12457847595215,304.0,0.03917044773697853,0.015344389714300632,0.023826058954000473,280.0,0.027169903740286827,334.0,0.027095980942249298,54.0,0.000500022666528821,0.0004024822264909744,1.8795874118804932,1.0356459617614746,305.0,0.4716145396232605,0.24431726336479187,0.22729727625846863,277.0,0.357570081949234,352.0,0.35904985666275024,75.0,0.004073016345500946,0.0023949933238327503,33.51726150512695,14.949150085449219,True
1504548PZ,0,2020,1,Herbicide,False,183,True,141.0,0.5236890912055969,0.052657485008239746,0.4710316061973572,114.0,0.28378111124038696,165.0,0.28648218512535095,51.0,0.008885480463504791,0.009883620776236057,22.40159797668457,19.663408279418945,139.0,0.6481567025184631,0.21201682090759277,0.43613988161087036,113.0,0.43395575881004333,166.0,0.4254055321216583,53.0,0.008238498121500015,0.008250043727457523,30.396089553833008,18.947181701660156,139.0,0.421139657497406,-0.006296956446021795,0.42743661999702454,113.0,0.20930607616901398,163.0,0.20668119192123413,50.0,0.008147445507347584,0.008935769088566303,17.295013427734375,17.61615753173828,141.0,0.035073548555374146,0.00228504347614944,0.03278850391507149,109.0,0.018486008048057556,168.0,0.018567204475402832,59.0,0.0005183606408536434,0.0006113460985943675,1.7153557538986206,1.578253149986267,157.0,0.4496004581451416,0.21580606698989868,0.23379439115524292,134.0,0.33416548371315,209.0,0.3346394896507263,75.0,0.00501891179010272,0.0022107879631221294,29.72831153869629,13.434953689575195,True
1504548RP,0,2020,0,No,False,183,True,146.0,0.27682027220726013,0.059538282454013824,0.2172819972038269,115.0,0.1698560267686844,170.0,0.17037847638130188,55.0,0.0034504595678299665,0.004435074981302023,13.15013599395752,9.81599235534668,145.0,0.42536553740501404,0.22156676650047302,0.20379877090454102,114.0,0.32127895951271057,172.0,0.3239049017429352,58.0,0.0033576316200196743,0.0037578013725578785,22.727705001831055,9.655265808105469,144.0,0.22549845278263092,-0.0021535952109843493,0.22765204310417175,114.0,0.11361749470233917,167.0,0.10863176733255386,53.0,0.003729365300387144,0.005081160459667444,9.803893089294434,9.920186996459961,143.0,0.02187599427998066,0.0031680436804890633,0.01870794966816902,108.0,0.012599730864167213,170.0,0.012753150425851345,62.0,0.0002650360984262079,0.0003378831024747342,1.1454440355300903,0.9458572864532471,27.0,0.47278472781181335,0.3068769574165344,0.16590777039527893,0.0,,201.0,0.3905542492866516,201.0,,0.00047258895938284695,55.07313537597656,1.5231132507324219,True
1504548SP1,0,2020,1,Fungicide,False,299,True,122.0,0.51402348279953,0.02001204341650009,0.49401143193244934,95.0,0.26444926857948303,148.0,0.26721131801605225,53.0,0.009243489243090153,0.009492775425314903,22.494415283203125,21.41376495361328,121.0,0.6410367488861084,0.18449056148529053,0.45654618740081787,94.0,0.4148561954498291,149.0,0.41113725304603577,55.0,0.008377057500183582,0.008210696280002594,30.869401931762695,20.53792953491211,119.0,0.4217061400413513,-0.024515876546502113,0.4462220072746277,93.0,0.2044641226530075,145.0,0.19821572303771973,52.0,0.008355461992323399,0.00859578512609005,17.779678344726562,19.07901954650879,117.0,0.03874878212809563,0.012056059204041958,0.026692721992731094,86.0,0.025364520028233528,142.0,0.02500082366168499,56.0,0.00043175037717446685,0.0005499183316715062,1.893662691116333,1.2064672708511353,133.0,0.7309888005256653,0.46545976400375366,0.2655290365219116,97.0,0.5979148745536804,156.0,0.6012976765632629,59.0,0.0036964979954063892,0.005638744682073593,40.3049430847168,12.377355575561523,True
1504548SP2,0,2020,1,Herbicide,False,299,True,113.0,0.5296903848648071,0.0579412542283535,0.47174912691116333,87.0,0.2968476414680481,136.0,0.3007061779499054,49.0,0.008955489844083786,0.009955835528671741,21.964466094970703,19.06740379333496,113.0,0.6472135782241821,0.16762539744377136,0.47958818078041077,79.0,0.40475302934646606,140.0,0.4024454355239868,61.0,0.007131192833185196,0.009065486490726471,33.80046844482422,23.407691955566406,111.0,0.4431285858154297,0.005482809618115425,0.4376457631587982,83.0,0.22857750952243805,134.0,0.2312617003917694,51.0,0.007662538439035416,0.009211603552103043,18.687274932861328,18.40216827392578,107.0,0.0389111153781414,0.005334346555173397,0.03357676789164543,89.0,0.037557799369096756,138.0,0.021867377683520317,49.0,7.518422353314236e-05,0.000549798016436398,1.7440922260284424,1.4773749113082886,128.0,0.7154901623725891,0.4491552710533142,0.2663348913192749,68.0,0.618442952632904,362.0,0.5818795561790466,294.0,0.0016174535267055035,0.0005709854885935783,141.63909912109375,9.362869262695312,True
1504584ED137,0,2020,0,No,True,61,False,327.0,0.10358304530382156,0.09206370264291763,0.01151934266090393,306.0,0.09765411913394928,344.0,0.09784398972988129,38.0,0.0002823298273142427,0.00033759151119738817,3.901777505874634,0.35732483863830566,336.0,0.34016528725624084,0.3192150592803955,0.020950227975845337,321.0,0.32908710837364197,350.0,0.3377525508403778,29.0,0.0007385452627204359,0.0001723383174976334,10.126184463500977,0.5497322082519531,335.0,0.03434966877102852,0.02987469919025898,0.004474969580769539,320.0,0.03220491111278534,359.0,0.03206458315253258,39.0,0.0001429838448530063,9.521190077066422e-05,1.339226484298706,0.14423847198486328,365.0,0.006845180410891771,0.005314265843480825,0.001530914567410946,345.0,0.006107517518103123,0.0,,-345.0,3.688314609462395e-05,,0.0,0.0,351.0,0.5114392638206482,0.3980634808540344,0.11337578296661377,335.0,0.45685669779777527,364.0,0.5057147145271301,29.0,0.003411410376429558,0.00044034994789399207,14.988003730773926,3.0460987091064453,False
1504584ED137,1,2021,0,No,True,365,False,99.0,0.5655686855316162,0.07127124816179276,0.49429744482040405,68.0,0.32164421677589417,124.0,0.3174123764038086,56.0,0.007868531160056591,0.00992625206708908,26.943389892578125,22.88092803955078,95.0,0.6712960004806519,0.2566608786582947,0.4146351218223572,65.0,0.4629369080066681,122.0,0.4667784571647644,57.0,0.006945303175598383,0.007574724033474922,34.42424392700195,19.537912368774414,94.0,0.3871861696243286,0.007254231255501509,0.3799319267272949,64.0,0.20087695121765137,121.0,0.19294027984142303,57.0,0.006210307125002146,0.007194292265921831,18.355560302734375,17.934814453125,96.0,0.03565303608775139,0.0035655959509313107,0.03208744153380394,66.0,0.019915923476219177,125.0,0.01974891498684883,59.0,0.0005245704087428749,0.0005484179710038006,1.8035509586334229,1.5896152257919312,103.0,0.7738642692565918,0.3351677656173706,0.4386965036392212,49.0,0.555930495262146,131.0,0.5592230558395386,82.0,0.004035810474306345,0.007665757555514574,58.13080596923828,30.31188201904297,True
1504584ED137,2,2022,0,No,True,59,False,37.0,0.15944308042526245,0.09776632487773895,0.0616767555475235,20.0,0.12781000137329102,53.0,0.12844309210777283,33.0,0.0018607693491503596,0.0019374992698431015,5.0067548751831055,1.6826996803283691,59.0,0.3416435420513153,0.2795528173446655,0.06209072470664978,37.0,0.31042128801345825,0.0,,-37.0,0.0014191933441907167,,0.0,0.0,37.0,0.06677304953336716,0.021774927154183388,0.04499812424182892,21.0,0.04446806758642197,53.0,0.04402408003807068,32.0,0.0013940613716840744,0.00142181059345603,1.9137928485870361,1.1952202320098877,1.0,0.005284281447529793,0.004449249245226383,0.0008350322023034096,0.0,,6.0,0.004868561867624521,6.0,,8.314391743624583e-05,0.027854073792696,0.003383202478289604,59.0,0.2641955614089966,0.2156144380569458,0.04858112335205078,35.0,0.2407187670469284,0.0,,-35.0,0.000978199765086174,,0.0,0.0,False
1504584ED138A,0,2019,0,No,True,61,False,305.0,0.19224895536899567,0.13406851887702942,0.05818043649196625,0.0,,309.0,0.16586661338806152,309.0,,0.006595585495233536,0.7989508509635925,0.19564253091812134,305.0,0.37429866194725037,0.33832597732543945,0.03597268462181091,0.0,,308.0,0.3579302728176117,308.0,,0.005456129554659128,1.2772541046142578,0.09311318397521973,305.0,0.0970422625541687,0.05998576432466507,0.03705649822950363,0.0,,309.0,0.07757028937339783,309.0,,0.0048679932951927185,0.3878219723701477,0.11788603663444519,305.0,0.007474238984286785,0.006044003181159496,0.0014302358031272888,0.0,,308.0,0.006838079541921616,308.0,,0.0002120531426044181,0.02488512173295021,0.003731111064553261,305.0,0.4204513430595398,0.35666993260383606,0.06378141045570374,0.0,,310.0,0.38515785336494446,310.0,,0.0070586977526545525,2.205632209777832,0.24394750595092773,False
1504584ED138A,1,2020,0,No,True,366,False,280.0,0.3884041905403137,0.08766341209411621,0.3007407784461975,68.0,0.23711955547332764,299.0,0.2331952601671219,231.0,0.0007136067724786699,0.008168891072273254,40.09249496459961,19.75458335876465,281.0,0.4935508966445923,0.2827841639518738,0.2107667326927185,51.0,0.38790425658226013,302.0,0.38765960931777954,251.0,0.0004593332123477012,0.005042442120611668,84.8761215209961,13.614501953125,280.0,0.28027138113975525,0.02057410404086113,0.259697288274765,60.0,0.15110069513320923,299.0,0.14802882075309753,239.0,0.0005871394532732666,0.006960134953260422,22.00433349609375,17.066547393798828,89.0,0.027949532493948936,0.004313390236347914,0.023636141791939735,61.0,0.0159736517816782,283.0,0.016176946461200714,222.0,0.0004277100379113108,6.0683432820951566e-05,2.519392967224121,1.5575069189071655,107.0,0.7055386304855347,0.35741907358169556,0.3481195569038391,66.0,0.5302343368530273,291.0,0.5325508713722229,225.0,0.004275714512914419,0.0009401508723385632,101.29913330078125,20.522430419921875,True
1504584ED138A,2,2021,0,No,True,59,False,59.0,0.19002701342105865,0.1470669060945511,0.04296010732650757,54.0,0.1700836420059204,0.0,,-54.0,0.003988674376159906,,0.0,0.0,59.0,0.35949474573135376,0.34064000844955444,0.018854737281799316,55.0,0.3502470552921295,0.0,,-55.0,0.002311922609806061,,0.0,0.0,59.0,0.11594916880130768,0.08293618261814117,0.033012986183166504,54.0,0.10045100003480911,0.0,,-54.0,0.0030996338464319706,,0.0,0.0,59.0,0.009661326184868813,0.009204510599374771,0.00045681558549404144,56.0,0.009420722723007202,0.0,,-56.0,8.020115637918934e-05,,0.0,0.0,59.0,0.6132415533065796,0.5837594270706177,0.029482126235961914,52.0,0.5989850759506226,0.0,,-52.0,0.0020366397220641375,,0.0,0.0,False
1504584V145A,0,2019,0,No,True,61,False,305.0,0.09204961359500885,0.07718855142593384,0.014861062169075012,0.0,,319.0,0.08461238443851471,319.0,,0.0005312306457199156,1.282805323600769,0.16357135772705078,310.0,0.25485458970069885,0.22339347004890442,0.031461119651794434,305.0,0.2547532618045807,331.0,0.23986287415027618,26.0,2.0265579223632812e-05,0.000713891233317554,6.661186695098877,0.7412595748901367,305.0,0.027103232219815254,0.018449462950229645,0.00865376926958561,0.0,,319.0,0.02274087630212307,319.0,,0.00031159684294834733,0.36144211888313293,0.09392490983009338,332.0,0.007231378927826881,0.005750978831201792,0.0014804000966250896,321.0,0.006528742145746946,348.0,0.00648212805390358,27.0,6.387606845237315e-05,4.6828179620206356e-05,0.1936342418193817,0.0326068252325058,305.0,0.31916049122810364,0.2038610726594925,0.11529941856861115,0.0,,325.0,0.26007208228111267,325.0,,0.0029544204007834196,5.939725875854492,1.7605738639831543,False
1504584V145A,1,2020,0,No,True,427,False,281.0,0.6519594788551331,0.035086389631032944,0.6168730854988098,76.0,0.3404386043548584,302.0,0.35350459814071655,226.0,0.0015196140157058835,0.014212137088179588,68.5860824584961,60.6214714050293,108.0,0.7191329002380371,0.17129796743392944,0.5478349328041077,73.0,0.4458385407924652,143.0,0.4502938985824585,70.0,0.007808410096913576,0.007681114133447409,44.57514953613281,32.412994384765625,106.0,0.4973519444465637,-0.0179842971265316,0.5153362154960632,73.0,0.2344670593738556,302.0,0.23696397244930267,229.0,0.007966208271682262,0.0013285099994391203,45.992889404296875,50.12928009033203,118.0,0.048069898039102554,0.002548005897551775,0.04552189260721207,77.0,0.025186045095324516,148.0,0.025285592302680016,71.0,0.0005581427831202745,0.0007594768540002406,2.89046573638916,2.7070093154907227,131.0,0.5604203343391418,0.0721663385629654,0.48825401067733765,102.0,0.3139062523841858,227.0,0.3162027597427368,125.0,0.008500485680997372,0.002543932991102338,48.18000030517578,39.08704376220703,True
1504584V145A,2,2021,0,No,True,424,False,116.0,0.6598061323165894,0.04595425724983215,0.6138519048690796,86.0,0.35998791456222534,142.0,0.35879239439964294,56.0,0.009993940591812134,0.011577451601624489,31.1793212890625,28.55992889404297,115.0,0.7487246990203857,0.17019250988960266,0.5785322189331055,83.0,0.46270397305488586,297.0,0.4650070369243622,214.0,0.008938147686421871,0.0015588882379233837,88.29985046386719,51.708465576171875,114.0,0.5244265198707581,-0.0102077042683959,0.5346342325210571,83.0,0.25080060958862305,141.0,0.25429216027259827,58.0,0.00882664229720831,0.010004975832998753,24.89479637145996,25.497051239013672,119.0,0.03982340544462204,0.0025946504902094603,0.03722875565290451,83.0,0.021338019520044327,300.0,0.02112419530749321,217.0,0.0005134829552844167,0.00010331055091228336,3.861421585083008,3.295787811279297,128.0,0.6198391914367676,0.06813757121562958,0.5517016053199768,95.0,0.3376322388648987,158.0,0.3472680151462555,63.0,0.00855172611773014,0.009085705503821373,32.83528518676758,28.47447967529297,True
1504584V145A,3,2022,0,No,True,59,False,59.0,0.08082928508520126,0.07272791862487793,0.008101366460323334,46.0,0.0767538771033287,0.0,,-46.0,0.0003134929283987731,,0.0,0.0,28.0,0.24989105761051178,0.21316497027873993,0.03672608733177185,13.0,0.23097175359725952,59.0,0.23454931378364563,46.0,0.0012612869031727314,0.0004948949790559709,11.245019912719727,1.3328485488891602,59.0,0.02480260096490383,0.017076879739761353,0.007725721225142479,52.0,0.02072824351489544,0.0,,-52.0,0.0005820510559715331,,0.0,0.0,59.0,0.0177202969789505,0.01060917042195797,0.007111126556992531,53.0,0.014178923331201077,0.0,,-53.0,0.0005902289412915707,,0.0,0.0,32.0,0.12520988285541534,0.09111541509628296,0.034094467759132385,16.0,0.10845927894115448,52.0,0.10808952897787094,36.0,0.001046912744641304,0.0008560176938772202,4.391088485717773,1.0198183059692383,False
1504584V146A,0,2020,0,No,True,61,False,326.0,0.07094506919384003,0.061707958579063416,0.009237110614776611,306.0,0.06896758824586868,341.0,0.06601263582706451,35.0,9.887405030895025e-05,0.00032882890081964433,2.4750165939331055,0.28438401222229004,331.0,0.23305201530456543,0.21904230117797852,0.014009714126586914,306.0,0.22717870771884918,342.0,0.22649043798446655,36.0,0.0002349323040107265,0.0005965070449747145,8.404170989990234,0.40912723541259766,338.0,0.016813170164823532,0.01385059766471386,0.0029625725001096725,323.0,0.015261897817254066,353.0,0.015375032089650631,30.0,0.00010341815504943952,9.587586828274652e-05,0.502939760684967,0.07357123494148254,1.0,0.005508848465979099,0.004670445807278156,0.000838402658700943,0.0,,306.0,0.004968767985701561,306.0,,1.7707557162793819e-06,0.00523880822584033,0.0005683624185621738,322.0,0.20744433999061584,0.08744832873344421,0.11999601125717163,306.0,0.2030254304409027,343.0,0.14633794128894806,37.0,0.0002761818468570709,0.002909828443080187,7.278038024902344,3.998725652694702,False
1504584V146A,1,2021,0,No,True,365,False,110.0,0.6683701872825623,0.03755592927336693,0.630814254283905,80.0,0.3599705100059509,137.0,0.34473106265068054,57.0,0.010279988870024681,0.011986634694039822,31.916425704956055,29.738182067871094,108.0,0.7478829622268677,0.16767549514770508,0.5802074670791626,77.0,0.46417880058288574,137.0,0.4583987891674042,60.0,0.009151747450232506,0.009982212446630001,39.19825744628906,28.97005271911621,107.0,0.5231578946113586,-0.012168891727924347,0.5353267788887024,77.0,0.2548433542251587,135.0,0.2513398826122284,58.0,0.00894381757825613,0.00970778614282608,24.91462516784668,25.63258934020996,111.0,0.04580368846654892,0.0029199975542724133,0.04288369044661522,82.0,0.024169376119971275,138.0,0.024653036147356033,56.0,0.0007460107444785535,0.0007833574782125652,2.160151481628418,1.9937115907669067,120.0,0.6017621755599976,0.1303238570690155,0.47143831849098206,94.0,0.3685075342655182,146.0,0.3691774010658264,52.0,0.00897133257240057,0.008945568464696407,27.058223724365234,20.151058197021484,True
1504584V146A,2,2022,0,No,True,59,False,28.0,0.12882228195667267,0.06914989650249481,0.059672385454177856,11.0,0.09872695058584213,45.0,0.09788959473371506,34.0,0.0017703135963529348,0.0018195698503404856,4.085298538208008,1.6650519371032715,39.0,0.2359708696603775,0.19416216015815735,0.041808709502220154,23.0,0.21609880030155182,59.0,0.21989750862121582,36.0,0.0012420043349266052,0.0008036680519580841,8.367887496948242,1.280968189239502,28.0,0.04579149931669235,0.010314157232642174,0.03547734022140503,12.0,0.02861151471734047,44.0,0.02869165875017643,32.0,0.0010737490374594927,0.0010687400354072452,1.2868088483810425,0.946441650390625,59.0,0.004582624416798353,0.00391125725582242,0.0006713671609759331,53.0,0.004225240088999271,0.0,,-53.0,5.95640558458399e-05,,0.0,0.0,35.0,0.2835523784160614,0.2033374011516571,0.0802149772644043,18.0,0.2417004108428955,53.0,0.2430853545665741,35.0,0.0024618804454803467,0.0022481679916381836,9.647293090820312,2.327146530151367,False
1504584W133,0,2020,0,No,True,154,True,98.0,0.4947032034397125,0.012114094570279121,0.48258909583091736,68.0,0.2570265233516693,128.0,0.2530881464481354,60.0,0.00792255625128746,0.008053835481405258,24.601417541503906,23.862457275390625,97.0,0.6235267519950867,0.15559294819831848,0.4679338037967682,66.0,0.393798291683197,130.0,0.386430948972702,64.0,0.0074105956591665745,0.007184721529483795,34.77777862548828,24.66423797607422,96.0,0.39690932631492615,-0.03779090195894241,0.43470022082328796,65.0,0.17510515451431274,125.0,0.1807408481836319,60.0,0.0071549732238054276,0.0074540856294333935,19.065963745117188,21.37120819091797,102.0,0.04038870707154274,0.0008660954772494733,0.03952261060476303,67.0,0.020794130861759186,132.0,0.020154250785708427,65.0,0.000559845007956028,0.0006744818529114127,2.2009408473968506,2.1437785625457764,123.0,0.4220556914806366,0.19876806437969208,0.22328762710094452,98.0,0.31168797612190247,154.0,0.33018702268600464,56.0,0.004414708819240332,0.0029635054524987936,21.626066207885742,10.395670890808105,True
15046771KPP22,0,2021,1,Other,False,45,True,321.0,0.052769072353839874,0.047618038952350616,0.005151033401489258,0.0,,329.0,0.050319425761699677,329.0,,0.0003062058240175247,0.4376140832901001,0.032860755920410156,321.0,0.2143634706735611,0.18277963995933533,0.03158383071422577,0.0,,330.0,0.19793467223644257,330.0,,0.0018254220485687256,1.9543848037719727,0.21797823905944824,321.0,0.0075867134146392345,0.0032088523730635643,0.00437786104157567,0.0,,327.0,0.005492530297487974,327.0,,0.00034903050982393324,0.04198327660560608,0.021125735715031624,365.0,0.014085531234741211,0.008636100217700005,0.005449431017041206,356.0,0.011414351873099804,0.0,,-356.0,0.000296797719784081,,0.0,0.0,321.0,0.27879178524017334,0.2566583454608917,0.022133439779281616,0.0,,338.0,0.267593115568161,338.0,,0.000658745295368135,4.781557083129883,0.2900362014770508,False
15046771PS20,0,2020,1,Fungicide,False,330,True,115.0,0.7326073050498962,0.03593476116657257,0.6966725587844849,85.0,0.3829077184200287,147.0,0.38254332542419434,62.0,0.011656653136014938,0.010939499363303185,38.003841400146484,35.739952087402344,112.0,0.7622959613800049,0.17267292737960815,0.5896230340003967,79.0,0.4689382314682007,149.0,0.46473339200019836,70.0,0.008889628574252129,0.00804223120212555,46.54855728149414,34.288780212402344,111.0,0.5647547841072083,-0.006184431724250317,0.5709392428398132,80.0,0.27845314145088196,144.0,0.27588072419166565,64.0,0.009235536679625511,0.008753759786486626,29.7565860748291,30.1585750579834,124.0,0.04605919122695923,0.004005217459052801,0.04205397516489029,77.0,0.02541532926261425,154.0,0.024426989257335663,77.0,0.00043923110933974385,0.0007210734183900058,2.995025634765625,2.6826186180114746,132.0,0.655784010887146,0.1760396957397461,0.4797443151473999,101.0,0.4104330539703369,157.0,0.42213746905326843,56.0,0.007914546877145767,0.009345862083137035,32.17100143432617,22.136737823486328,True
15046771PS21,0,2020,0,No,False,61,False,306.0,0.05593656748533249,0.04988797381520271,0.006048593670129776,0.0,,317.0,0.05283040553331375,317.0,,0.00028237837250344455,0.6492233872413635,0.050567686557769775,364.0,0.22780881822109222,0.2135029286146164,0.01430588960647583,344.0,0.22034689784049988,0.0,,-344.0,0.0003730960306711495,,0.0,0.0,1.0,0.010323897935450077,0.008030077442526817,0.0022938204929232597,0.0,,306.0,0.007048623636364937,306.0,,1.0738604032667354e-05,0.008686261251568794,0.0006561838090419769,335.0,0.009101307019591331,0.005098043940961361,0.0040032630786299706,306.0,0.008579117245972157,352.0,0.007114006206393242,46.0,1.800654354155995e-05,0.00011690004612319171,0.4009605944156647,0.16390153765678406,306.0,0.4492968022823334,0.2876874506473541,0.16160935163497925,0.0,,344.0,0.36904895305633545,344.0,,0.0021117855794727802,16.265230178833008,5.045419692993164,False
15046771PS21,1,2021,1,Fungicide,False,365,False,116.0,0.7253718376159668,0.036174386739730835,0.6891974210739136,87.0,0.37250471115112305,144.0,0.37411603331565857,57.0,0.012167831882834435,0.012544849887490273,34.45713424682617,32.3590202331543,113.0,0.7836838960647583,0.16315752267837524,0.6205263733863831,84.0,0.47210752964019775,146.0,0.466396301984787,62.0,0.010744012892246246,0.009614775888621807,42.0358772277832,31.756954193115234,112.0,0.5815377235412598,-0.009426919743418694,0.5909646153450012,84.0,0.27947548031806946,140.0,0.29113301634788513,56.0,0.010787936858832836,0.010371596552431583,26.88670539855957,27.424039840698242,120.0,0.04249805957078934,0.005224292166531086,0.037273768335580826,83.0,0.02367345243692398,147.0,0.023994965478777885,64.0,0.0005087731406092644,0.0006852998048998415,2.286437511444092,1.946858525276184,128.0,0.7861253023147583,0.273026704788208,0.5130985975265503,85.0,0.528114914894104,154.0,0.5309920907020569,69.0,0.006000241730362177,0.009812816046178341,47.17485809326172,28.06298828125,True
15046771PS21,2,2022,0,No,False,59,False,59.0,0.06961313635110855,0.05845959112048149,0.01115354523062706,49.0,0.06383822113275528,0.0,,-49.0,0.0005774915334768593,,0.0,0.0,26.0,0.2198597937822342,0.19489476084709167,0.024965032935142517,11.0,0.20778793096542358,47.0,0.20750992000102997,36.0,0.0008047908777371049,0.0005880892276763916,7.959835529327393,0.7487292289733887,15.0,0.015631509944796562,0.013675212860107422,0.0019562970846891403,6.0,0.014611439779400826,33.0,0.014651181176304817,27.0,0.00011334112787153572,5.446271097753197e-05,0.42572441697120667,0.04281845688819885,1.0,0.018223300576210022,0.011894856579601765,0.006328443996608257,0.0,,9.0,0.015220155008137226,9.0,,0.0003753931960090995,0.14254865050315857,0.04144236445426941,59.0,0.2759194076061249,0.2621142864227295,0.013805121183395386,47.0,0.2686907947063446,0.0,,-47.0,0.0006023843889124691,,0.0,0.0,False
15046772PS21,0,2020,0,No,False,61,False,349.0,0.07222235947847366,0.06781300902366638,0.0044093504548072815,325.0,0.06999954581260681,360.0,0.07013840973377228,35.0,9.261723607778549e-05,0.0001894499728223309,2.561302423477173,0.12003397941589355,306.0,0.2336289882659912,0.22544342279434204,0.00818556547164917,0.0,,314.0,0.22954776883125305,314.0,,0.0005101524293422699,2.0817711353302,0.0527803897857666,1.0,0.012253918685019016,0.011360038071870804,0.0008938806131482124,0.0,,306.0,0.011701948009431362,306.0,,1.8097399561156635e-06,0.01197793334722519,0.0006178952753543854,1.0,0.0036656439770013094,0.0032635091338306665,0.00040213484317064285,0.0,,306.0,0.002920984523370862,306.0,,2.4415064672211884e-06,0.0032933142501860857,2.980511635541916e-05,330.0,0.30511510372161865,0.2841297388076782,0.02098536491394043,306.0,0.29544174671173096,354.0,0.29411107301712036,48.0,0.00040305653237737715,0.00045850127935409546,14.629915237426758,0.8496227264404297,False
15046772PS21,1,2021,1,Fungicide,False,365,False,124.0,0.8501114845275879,0.03662188723683357,0.8134896159172058,94.0,0.43767160177230835,154.0,0.4464220702648163,60.0,0.013747995719313622,0.013456313870847225,42.89693832397461,40.663002014160156,121.0,0.8388161659240723,0.16659249365329742,0.672223687171936,90.0,0.5085292458534241,157.0,0.5064747929573059,67.0,0.010654416866600513,0.009231705218553543,49.06732940673828,37.73904037475586,121.0,0.6628595590591431,-0.007505842484533787,0.6703653931617737,91.0,0.3256581723690033,152.0,0.3263779282569885,61.0,0.011240046471357346,0.010854246094822884,33.631656646728516,34.09701919555664,132.0,0.04596547409892082,0.0038076473865658045,0.04215782508254051,92.0,0.025036567822098732,166.0,0.024699382483959198,74.0,0.0005232226685620844,0.0006254732725210488,2.840237617492676,2.554664134979248,151.0,0.7600497007369995,0.24753892421722412,0.5125107765197754,53.0,0.5026074051856995,198.0,0.5016487836837769,145.0,0.002626962261274457,0.0054978919215500355,91.39901733398438,55.258331298828125,True
15046772PS21,2,2022,0,No,False,59,False,59.0,0.07025706768035889,0.05696071684360504,0.013296350836753845,34.0,0.06359569728374481,0.0,,-34.0,0.0002664548228494823,,0.0,0.0,35.0,0.23912371695041656,0.18433639407157898,0.054787322878837585,20.0,0.21176938712596893,56.0,0.21129433810710907,36.0,0.0018236220348626375,0.0013252084609121084,8.44633960723877,1.6258931159973145,33.0,0.019230816513299942,0.011841436848044395,0.007389379665255547,17.0,0.015476875938475132,59.0,0.016046836972236633,42.0,0.00023462128592655063,0.0001224607549374923,0.7533896565437317,0.2501285672187805,59.0,0.010513409972190857,0.007621259894222021,0.002892150077968836,54.0,0.009102762676775455,0.0,,-54.0,0.0002821294474415481,,0.0,0.0,59.0,0.47748318314552307,0.34997954964637756,0.1275036334991455,38.0,0.4154268205165863,0.0,,-38.0,0.0029550648760050535,,0.0,0.0,False
15050597S3SP,0,2020,0,No,True,61,False,313.0,0.35505032539367676,0.2952442765235901,0.05980604887008667,306.0,0.353780597448349,333.0,0.32587599754333496,27.0,0.00018138971063308418,0.0014587163459509611,9.540426254272461,1.421208381652832,320.0,0.5496189594268799,0.5054247975349426,0.044194161891937256,306.0,0.5392055511474609,349.0,0.5277032852172852,43.0,0.000743814860470593,0.0007557129138149321,23.54311752319336,1.5571403503417969,306.0,0.2869820296764374,0.24015945196151733,0.046822577714920044,0.0,,332.0,0.26412785053253174,332.0,,0.000879006867762655,7.537333965301514,1.0530290603637695,306.0,0.021329907700419426,0.013346369378268719,0.007983538322150707,0.0,,319.0,0.017223527655005455,319.0,,0.00031587539706379175,0.2659488022327423,0.0790996253490448,306.0,0.560044527053833,0.3879891335964203,0.17205539345741272,0.0,,333.0,0.47449469566345215,333.0,,0.0031685123685747385,14.501526832580566,3.637831687927246,False
15050597S3SP,1,2021,0,No,True,365,False,134.0,0.6892369985580444,0.07695458084344864,0.612282395362854,30.0,0.3821091651916504,155.0,0.39412325620651245,125.0,0.002953152172267437,0.014053035527467728,47.901920318603516,38.20564270019531,132.0,0.7100680470466614,0.23858851194381714,0.47147953510284424,110.0,0.4755343794822693,155.0,0.47716832160949707,45.0,0.010660621337592602,0.010126074776053429,28.631391525268555,17.65631866455078,131.0,0.5003725290298462,0.009682463482022285,0.49069005250930786,110.0,0.2549911439418793,153.0,0.2627032399177551,43.0,0.011684827506542206,0.010803149081766605,18.044160842895508,17.618131637573242,136.0,0.03790293633937836,0.004701739177107811,0.0332011952996254,110.0,0.021200621500611305,162.0,0.021103233098983765,52.0,0.000642396742478013,0.0006461424054577947,1.6845648288726807,1.4353725910186768,137.0,0.562557578086853,0.1795101761817932,0.3830474019050598,115.0,0.3739628195762634,160.0,0.366854727268219,45.0,0.008572489023208618,0.008508819155395031,22.698158264160156,14.440690040588379,True
15050597S3SP,2,2022,0,No,True,59,False,31.0,0.08808206766843796,0.08219528943300247,0.005886778235435486,3.0,0.08514800667762756,44.0,0.08494448661804199,41.0,0.00010478789045009762,0.00024135239073075354,3.647162675857544,0.1949605941772461,27.0,0.3212814927101135,0.2446100413799286,0.07667145133018494,9.0,0.28268033266067505,47.0,0.28285473585128784,38.0,0.002144508995115757,0.0019213377963751554,11.979801177978516,2.4400100708007812,19.0,0.023211872205138206,0.015994694083929062,0.007217178121209145,1.0,0.01950765959918499,40.0,0.01952446438372135,39.0,0.0002057895908365026,0.00017559084517415613,0.8681927919387817,0.23640233278274536,1.0,0.007410114165395498,0.0050253113731741905,0.0023848027922213078,0.0,,9.0,0.006243268493562937,9.0,,0.0001458557089790702,0.05797916650772095,0.01526401937007904,31.0,0.30540740489959717,0.2508139908313751,0.054593414068222046,10.0,0.27830269932746887,48.0,0.2786555588245392,38.0,0.001290700281970203,0.0015736380591988564,11.519021987915039,1.7372760772705078,False
15050597SEFP,0,2020,0,No,True,366,True,286.0,0.3743973672389984,0.07407863438129425,0.30031871795654297,264.0,0.22229091823101044,306.0,0.22101294994354248,42.0,0.006913929712027311,0.007669220678508282,13.401204109191895,10.21582317352295,287.0,0.49179261922836304,0.25028195977211,0.24151065945625305,266.0,0.3730604946613312,308.0,0.3695223927497864,42.0,0.005653910804539919,0.005822391714900732,19.023534774780273,8.2614107131958,284.0,0.2663421034812927,0.01047075167298317,0.25587135553359985,263.0,0.1408189982175827,303.0,0.14075101912021637,40.0,0.00597729068249464,0.006610056851059198,8.8475923538208,8.418291091918945,284.0,0.034641727805137634,0.0045505366288125515,0.030091190710663795,261.0,0.01964407041668892,305.0,0.01962781883776188,44.0,0.0006520720780827105,0.0007149480516090989,1.287975549697876,1.0832014083862305,288.0,0.6340920329093933,0.25394630432128906,0.38014572858810425,258.0,0.4478823244571686,318.0,0.4438101053237915,60.0,0.006206990219652653,0.006342730950564146,34.210166931152344,18.71944236755371,True
15050597SEP,0,2020,0,No,True,366,True,286.0,0.3743973672389984,0.07407863438129425,0.30031871795654297,264.0,0.22229091823101044,306.0,0.22101294994354248,42.0,0.006913929712027311,0.007669220678508282,13.401204109191895,10.21582317352295,287.0,0.49179261922836304,0.25028195977211,0.24151065945625305,266.0,0.3730604946613312,308.0,0.3695223927497864,42.0,0.005653910804539919,0.005822391714900732,19.023534774780273,8.2614107131958,284.0,0.2663421034812927,0.01047075167298317,0.25587135553359985,263.0,0.1408189982175827,303.0,0.14075101912021637,40.0,0.00597729068249464,0.006610056851059198,8.8475923538208,8.418291091918945,284.0,0.034641727805137634,0.0045505366288125515,0.030091190710663795,261.0,0.01964407041668892,305.0,0.01962781883776188,44.0,0.0006520720780827105,0.0007149480516090989,1.287975549697876,1.0832014083862305,288.0,0.6340920329093933,0.25394630432128906,0.38014572858810425,258.0,0.4478823244571686,318.0,0.4438101053237915,60.0,0.006206990219652653,0.006342730950564146,34.210166931152344,18.71944236755371,True
15050597STD1FP,0,2021,0,No,True,168,True,290.0,0.5428643226623535,0.05279925838112831,0.4900650680065155,264.0,0.3025997281074524,316.0,0.29137057065963745,52.0,0.009240945801138878,0.009672836400568485,23.77883529663086,20.9804744720459,291.0,0.6335009336471558,0.1468173712491989,0.48668354749679565,262.0,0.3896581828594208,320.0,0.392984002828598,58.0,0.008408370427787304,0.008293687365949154,31.651412963867188,22.989187240600586,289.0,0.407907098531723,-0.002804711926728487,0.4107118248939514,263.0,0.20447960495948792,315.0,0.203530952334404,52.0,0.007824134081602097,0.007860621437430382,17.498516082763672,17.647165298461914,290.0,0.0397803969681263,0.00496625667437911,0.03481414169073105,255.0,0.0219927579164505,318.0,0.02184462361037731,63.0,0.0005082182469777763,0.0006405633175745606,2.1384944915771484,1.820654034614563,290.0,0.6636235117912292,0.27405327558517456,0.3895702362060547,257.0,0.468446284532547,327.0,0.46682286262512207,70.0,0.005914461333304644,0.005318936426192522,42.520652770996094,23.062870025634766,True
15050597SWSP,0,2020,0,No,True,189,True,92.0,0.5385288000106812,0.06459955871105194,0.473929226398468,69.0,0.30271127820014954,115.0,0.2992696762084961,46.0,0.01025293581187725,0.010402570478618145,21.151521682739258,18.11534309387207,91.0,0.6032312512397766,0.246049702167511,0.3571815490722656,68.0,0.4239387512207031,114.0,0.42631658911705017,46.0,0.007795325946062803,0.007691941689699888,25.253000259399414,13.688664436340332,90.0,0.39651891589164734,-0.000392715388443321,0.39691162109375,68.0,0.1966979056596756,113.0,0.1928272396326065,45.0,0.009082772769033909,0.008856159634888172,14.764371871948242,14.78243637084961,88.0,0.03523682802915573,0.003989348188042641,0.03124747984111309,64.0,0.019916171208024025,114.0,0.01911795325577259,50.0,0.0006383606814779341,0.0006199566996656358,1.5057258605957031,1.3022691011428833,94.0,0.674856424331665,0.24403804540634155,0.4308183789253235,67.0,0.46006906032562256,123.0,0.4554763734340668,56.0,0.007955087348818779,0.00756482919678092,33.90497589111328,19.994808197021484,True
15050597SWSP,1,2021,0,No,True,385,True,134.0,0.6264520883560181,0.0666106790304184,0.5598413944244385,110.0,0.34268617630004883,156.0,0.3492621183395386,46.0,0.011823579668998718,0.012599543668329716,24.498579025268555,21.367877960205078,295.0,0.6725413799285889,0.2845305800437927,0.38801079988479614,266.0,0.48074474930763245,317.0,0.4850369691848755,51.0,0.006613676901906729,0.00852292776107788,31.13235855102539,16.336767196655273,131.0,0.4396319091320038,-0.001689953962340951,0.44132184982299805,109.0,0.21991857886314392,154.0,0.2195267230272293,45.0,0.009986969642341137,0.00956979114562273,16.40363311767578,16.48137092590332,135.0,0.03463532775640488,0.004513382911682129,0.030121944844722748,108.0,0.020006848499178886,305.0,0.019370844587683678,197.0,0.0005417955107986927,8.979107951745391e-05,3.2228012084960938,2.3291513919830322,24.0,0.7798749804496765,0.3662542700767517,0.4136207103729248,1.0,0.4125577509403229,165.0,0.5681692361831665,164.0,0.015970313921570778,0.0015014591626822948,129.9428253173828,48.084991455078125,True
1505059AGR7FP,0,2021,0,No,False,131,True,235.0,0.12417775392532349,0.07639072835445404,0.047787025570869446,0.0,,243.0,0.10134907811880112,243.0,,0.002853584475815296,0.9519776105880737,0.3026564121246338,235.0,0.3045637905597687,0.1871260106563568,0.11743777990341187,0.0,,247.0,0.2438843548297882,247.0,,0.005056619644165039,3.406675338745117,1.0676002502441406,235.0,0.035105448216199875,0.011503206565976143,0.023602241650223732,0.0,,247.0,0.023087911307811737,247.0,,0.0010014614090323448,0.35836800932884216,0.21457792818546295,235.0,0.009944084100425243,0.006425275467336178,0.0035188086330890656,0.0,,251.0,0.00822343397885561,251.0,,0.00010754063259810209,0.15154820680618286,0.04553116112947464,235.0,0.549043595790863,0.4132023751735687,0.1358412206172943,0.0,,244.0,0.4829389154911041,244.0,,0.007344964426010847,4.887711524963379,0.9622888565063477,False
1505059AGRO1SP,0,2020,1,Herbicide,False,157,True,89.0,0.6461338996887207,0.04912498593330383,0.5970089435577393,64.0,0.3518131971359253,112.0,0.34711912274360657,48.0,0.011772828176617622,0.013000642880797386,26.222572326660156,23.815448760986328,87.0,0.6841307878494263,0.213327094912529,0.4708036780357361,62.0,0.4442208707332611,112.0,0.44432035088539124,50.0,0.00959639623761177,0.009592417627573013,30.326793670654297,19.447113037109375,85.0,0.4931255578994751,-0.007573150563985109,0.5006986856460571,62.0,0.24762633442878723,109.0,0.23683620989322662,47.0,0.010673879645764828,0.010678723454475403,19.161752700805664,19.525264739990234,88.0,0.03972803056240082,0.006620691157877445,0.03310734033584595,60.0,0.023320162668824196,113.0,0.022750087082386017,53.0,0.0005859952652826905,0.0006791177438572049,1.8150990009307861,1.457581639289856,98.0,0.4595526158809662,0.12015620619058609,0.3393964171409607,71.0,0.2854776084423065,121.0,0.28887999057769775,50.0,0.006447222549468279,0.00742054870352149,20.077537536621094,13.949570655822754,True
1505059AGRO1SP,1,2021,1,Fungicide,False,267,True,86.0,0.5300859808921814,0.04603026062250137,0.4840557277202606,63.0,0.28644973039627075,106.0,0.28965047001838684,43.0,0.01059288065880537,0.012021775357425213,19.09851837158203,17.07318687438965,86.0,0.6478632092475891,0.17713192105293274,0.47073128819465637,63.0,0.41845986247062683,108.0,0.4145122170448303,45.0,0.009974058717489243,0.010606863535940647,25.594547271728516,17.44647979736328,84.0,0.42916586995124817,-0.015406034886837006,0.44457191228866577,62.0,0.20949210226535797,103.0,0.21361874043941498,41.0,0.009985171258449554,0.011344585567712784,14.433996200561523,15.081049919128418,84.0,0.033215951174497604,0.005030257627367973,0.02818569354712963,60.0,0.01917109452188015,105.0,0.019384542480111122,45.0,0.0005852023605257273,0.0006586384843103588,1.283653736114502,1.0522618293762207,92.0,0.37767839431762695,0.1451735496520996,0.23250484466552734,72.0,0.26000353693962097,114.0,0.26139724254608154,42.0,0.005883743055164814,0.005285507068037987,14.235244750976562,7.992782115936279,True
1505059AGRO2FP,0,2020,1,Mixed,False,224,True,289.0,0.34091266989707947,0.06101193279027939,0.2799007296562195,266.0,0.2005440890789032,305.0,0.25711315870285034,39.0,0.006102981977164745,0.00523746944963932,11.795974731445312,9.355497360229492,292.0,0.47887343168258667,0.1979105919599533,0.28096282482147217,269.0,0.33802250027656555,305.0,0.43206050992012024,36.0,0.006123953498899937,0.0036009938921779394,16.150646209716797,8.827954292297363,287.0,0.2706184685230255,0.0025586809497326612,0.26805979013442993,264.0,0.13907769322395325,305.0,0.15226469933986664,41.0,0.005719163920730352,0.006575209554284811,9.309797286987305,9.202332496643066,285.0,0.027079332619905472,0.0029996184166520834,0.024079713970422745,262.0,0.015003493055701256,305.0,0.016905643045902252,43.0,0.000525036477483809,0.0005086844903416932,0.997566819190979,0.865583598613739,299.0,0.39321157336235046,0.12938369810581207,0.2638278603553772,276.0,0.2642383873462677,305.0,0.3838992416858673,29.0,0.0056075300090014935,0.0015520552406087518,10.600530624389648,6.719019889831543,True
1505059AGRO2FP,1,2021,0,No,False,395,True,280.0,0.4673021137714386,0.0463825948536396,0.4209195077419281,260.0,0.2575227618217468,299.0,0.2522943615913391,39.0,0.010488967411220074,0.01131619792431593,15.296772003173828,13.441468238830566,282.0,0.6016889810562134,0.1824786216020584,0.41921037435531616,261.0,0.3884570896625519,302.0,0.38991090655326843,41.0,0.010153899900615215,0.010588903911411762,21.745189666748047,14.081087112426758,281.0,0.42308923602104187,-0.01815275475382805,0.441241979598999,260.0,0.20234711468219757,301.0,0.20541301369667053,41.0,0.010511529631912708,0.010883810929954052,14.148515701293945,14.910931587219238,279.0,0.033818744122982025,0.0010292716324329376,0.03278947249054909,253.0,0.01706821098923683,305.0,0.01737176813185215,52.0,0.000644251296762377,0.0006325760041363537,1.4493063688278198,1.3947550058364868,179.0,0.4831068217754364,0.12962479889392853,0.3534820079803467,72.0,0.30567818880081177,304.0,0.3073278069496155,232.0,0.0016582115786150098,0.0014062321279197931,81.46995544433594,51.26737594604492,True
1505059AGRO3PS,0,2021,0,No,False,30,True,336.0,0.041922688484191895,0.03880469501018524,0.003117993474006653,0.0,,350.0,0.04038087651133537,350.0,,0.00011012942559318617,0.599582314491272,0.03691422939300537,336.0,0.16648046672344208,0.11689507961273193,0.049585387110710144,0.0,,346.0,0.141095370054245,346.0,,0.0025385096669197083,1.6132619380950928,0.3858635425567627,336.0,-0.0011664539342746139,-0.004181723576039076,0.00301526952534914,0.0,,346.0,-0.002593863755464554,346.0,,0.0001427409879397601,-0.019943945109844208,0.023964151740074158,365.0,0.04853491485118866,0.022333398461341858,0.026201516389846802,358.0,0.034432779997587204,0.0,,-358.0,0.002014590660110116,,0.0,0.0,336.0,0.2789096236228943,0.19031094014644623,0.08859868347644806,0.0,,345.0,0.23221218585968018,345.0,,0.005188604351133108,2.418846607208252,0.6108927726745605,False
1505059AGRO3SP,0,2020,1,Herbicide,False,157,True,91.0,0.6356809139251709,0.045021068304777145,0.5906598567962646,67.0,0.3464492857456207,114.0,0.34252747893333435,47.0,0.01205131784081459,0.012745801359415054,25.243127822875977,23.082117080688477,89.0,0.6727175116539001,0.20312604308128357,0.4695914685726166,65.0,0.4379095733165741,114.0,0.43660402297973633,49.0,0.009783663786947727,0.009444539435207844,29.187097549438477,19.03079605102539,88.0,0.47413742542266846,-0.011174272745847702,0.48531168699264526,64.0,0.2263893038034439,112.0,0.22404657304286957,48.0,0.010322838090360165,0.010420451872050762,18.65807342529297,19.205612182617188,89.0,0.03603396564722061,0.004218716640025377,0.03181524947285652,58.0,0.020331770181655884,114.0,0.02022220939397812,56.0,0.0005065224249847233,0.000632470240816474,1.7230079174041748,1.4825410842895508,99.0,0.3818318545818329,0.10502409189939499,0.2768077552318573,74.0,0.24362830817699432,119.0,0.24474714696407318,45.0,0.0055281417444348335,0.00685423519462347,15.181589126586914,10.350481033325195,True
1505059AGRO4SP,0,2020,1,Herbicide,False,174,True,106.0,0.6060821413993835,0.07594780623912811,0.5301343202590942,86.0,0.3350042998790741,126.0,0.3389647305011749,40.0,0.013553892262279987,0.013355870731174946,20.57904815673828,17.465187072753906,106.0,0.6591148972511292,0.22752965986728668,0.43158525228500366,85.0,0.43870866298675537,126.0,0.4464883506298065,41.0,0.010495535098016262,0.010631327517330647,24.171598434448242,14.615352630615234,105.0,0.4551585912704468,0.0033961907029151917,0.4517624080181122,84.0,0.22291292250156403,124.0,0.22486254572868347,40.0,0.011059317737817764,0.012120844796299934,14.996766090393066,14.857522010803223,107.0,0.03407987207174301,0.0029224236495792866,0.031157448887825012,84.0,0.018249180167913437,126.0,0.018725192174315453,42.0,0.0006882909801788628,0.0008081410196609795,1.202202320098877,1.0765380859375,112.0,0.4410732090473175,0.1323629766702652,0.3087102174758911,91.0,0.2862434983253479,131.0,0.2874488830566406,40.0,0.0073728435672819614,0.008085491135716438,15.671107292175293,10.24422550201416,True
1505059AGRO4SP,1,2021,1,Fungicide,False,267,True,94.0,0.5467596650123596,0.05384630709886551,0.4929133653640747,72.0,0.29514870047569275,115.0,0.3021971583366394,43.0,0.01143686193972826,0.01164583396166563,19.838945388793945,17.469707489013672,94.0,0.6510113477706909,0.20181876420974731,0.4491925835609436,72.0,0.43145817518234253,116.0,0.43299755454063416,44.0,0.009979689493775368,0.009909718297421932,25.48920440673828,16.407360076904297,93.0,0.43178290128707886,-0.010987105779349804,0.44277000427246094,71.0,0.20439164340496063,113.0,0.2096995860338211,42.0,0.010335966013371944,0.011104165576398373,14.838323593139648,15.310769081115723,96.0,0.030716344714164734,0.0030590081587433815,0.027657337486743927,72.0,0.016521276906132698,118.0,0.016484184190630913,46.0,0.0005914611392654479,0.000646916392724961,1.1899813413619995,1.0462079048156738,208.0,0.45507919788360596,0.2570897936820984,0.19798940420150757,153.0,0.35444918274879456,0.0,,-153.0,0.001829636632464826,,0.0,0.0,True
1505059AGRO5NP,0,2019,0,No,False,61,False,365.0,0.7761685252189636,0.6898899078369141,0.08627861738204956,340.0,0.7329450249671936,0.0,,-340.0,0.0017289400566369295,,0.0,0.0,365.0,0.8201195597648621,0.7676780223846436,0.052441537380218506,335.0,0.79304039478302,0.0,,-335.0,0.0009026388288475573,,0.0,0.0,354.0,0.6429372429847717,0.5826911926269531,0.060246050357818604,332.0,0.6121426820755005,365.0,0.6377440094947815,33.0,0.0013997528003528714,0.0004721121222246438,21.276325225830078,1.7561702728271484,365.0,0.025043843314051628,0.02215459942817688,0.0028892438858747482,353.0,0.023532962426543236,0.0,,-353.0,0.00012590673577506095,,0.0,0.0,305.0,0.8164291977882385,0.7806839346885681,0.03574526309967041,0.0,,309.0,0.7984715700149536,309.0,,0.004489406943321228,3.628852128982544,0.11577439308166504,False
1505059AGRO5NP,1,2020,1,Herbicide,False,366,False,1.0,0.7761621475219727,0.04467969760298729,0.7314824461936951,0.0,,135.0,0.40815645456314087,135.0,,0.0027463112492114305,52.949886322021484,46.918128967285156,19.0,0.8307968378067017,0.1891149878501892,0.6416818499565125,1.0,0.8203732371330261,54.0,0.5090705752372742,53.0,0.0005790889263153076,0.009192178957164288,40.94029235839844,30.72808265686035,1.0,0.636982798576355,-0.005882276687771082,0.6428650617599487,0.0,,133.0,0.3151543438434601,133.0,,0.0024380944669246674,38.00496292114258,38.78730392456055,131.0,0.02939196676015854,0.003853152273222804,0.025538815185427666,105.0,0.016757037490606308,152.0,0.01658041775226593,47.0,0.00048595882253721356,0.00061007373733446,1.1637213230133057,0.9787700176239014,10.0,0.792748212814331,0.1787036955356598,0.6140445470809937,1.0,0.787756621837616,344.0,0.4869192838668823,343.0,0.0005546212196350098,0.0009156554588116705,165.6729736328125,104.19891357421875,True
1505059AGRO5NP,2,2021,0,No,False,59,False,59.0,0.08403963595628738,0.07199692726135254,0.012042708694934845,54.0,0.07818809896707535,0.0,,-54.0,0.0011703073978424072,,0.0,0.0,24.0,0.22110389173030853,0.20042097568511963,0.020682916045188904,11.0,0.21049290895462036,40.0,0.2105986475944519,29.0,0.0008162294398061931,0.0006565777584910393,6.508630752563477,0.4960012435913086,59.0,0.028253773227334023,0.01942400261759758,0.008829770609736443,54.0,0.023906148970127106,0.0,,-54.0,0.0008695248397998512,,0.0,0.0,24.0,0.009263168089091778,0.004503388423472643,0.004759779665619135,9.0,0.006958510261029005,42.0,0.0068977344781160355,33.0,0.00015364385035354644,0.00013141297677066177,0.2835553288459778,0.1304401308298111,1.0,0.261872261762619,0.16621708869934082,0.0956551730632782,0.0,,8.0,0.21200470626354218,8.0,,0.007123936433345079,1.7634451389312744,0.5168169736862183,False
1505059AGRO5SP,0,2020,1,Herbicide,False,387,True,41.0,0.6838623881340027,0.04269547015428543,0.6411669254302979,0.0,,140.0,0.3653867542743683,140.0,,0.0032169255428016186,25.301841735839844,20.989599227905273,41.0,0.7837834358215332,0.22338269650936127,0.5604007244110107,0.0,,136.0,0.5031806230545044,136.0,,0.00295371375977993,37.69043731689453,16.02231788635254,41.0,0.48876726627349854,-0.0012570437975227833,0.49002429842948914,0.0,,140.0,0.2421557754278183,140.0,,0.0024910252541303635,16.67129898071289,16.798259735107422,125.0,0.029620442539453506,0.0036329361610114574,0.02598750591278076,96.0,0.016369162127375603,150.0,0.01620066910982132,54.0,0.00045694070286117494,0.0005367909325286746,1.345061182975769,1.1452497243881226,41.0,0.8190392255783081,0.17840290069580078,0.6406363248825073,0.0,,56.0,0.4971212148666382,56.0,,0.02146119996905327,10.502732276916504,7.469882965087891,True
1505059AGRO5SP,1,2021,1,Fungicide,False,217,True,88.0,0.5508720278739929,0.041895970702171326,0.5089760422706604,65.0,0.30114611983299255,109.0,0.3043520152568817,44.0,0.010857648216187954,0.011739048175513744,20.425918579101562,18.540599822998047,88.0,0.6785861253738403,0.16998597979545593,0.508600115776062,63.0,0.4230206608772278,112.0,0.420153945684433,49.0,0.010222618468105793,0.01076800748705864,28.844905853271484,20.345605850219727,86.0,0.45544227957725525,-0.011879147961735725,0.4673214256763458,64.0,0.22751817107200623,107.0,0.21977749466896057,43.0,0.01036018691956997,0.011222132481634617,16.07725715637207,16.599939346313477,84.0,0.029980598017573357,0.0033724105451256037,0.026608187705278397,60.0,0.01809915155172348,108.0,0.01642085611820221,48.0,0.0004950602888129652,0.0005649892264045775,1.234804630279541,1.069556474685669,158.0,0.41885992884635925,0.24458885192871094,0.17427107691764832,89.0,0.33155766129493713,0.0,,-89.0,0.0012652502628043294,,0.0,0.0,True
1505059AGRO6SP,0,2021,0,No,False,158,True,88.0,0.500108540058136,0.0489501953125,0.451158344745636,66.0,0.2732720673084259,108.0,0.27828529477119446,42.0,0.010310748592019081,0.011091162450611591,17.693870544433594,15.589012145996094,88.0,0.6319246888160706,0.19636017084121704,0.4355645179748535,66.0,0.41322433948516846,110.0,0.4119902551174164,44.0,0.009940925054252148,0.009997019544243813,24.520973205566406,15.684765815734863,86.0,0.4113622307777405,-0.011179608292877674,0.4225418269634247,65.0,0.1999187022447586,106.0,0.19239991903305054,41.0,0.010068739764392376,0.010948115959763527,13.739118576049805,14.208662033081055,87.0,0.027553383260965347,0.0024249725975096226,0.025128411129117012,64.0,0.015331603586673737,107.0,0.015385323204100132,43.0,0.000531381752807647,0.0006084030028432608,1.0057027339935303,0.8990039229393005,1.0,0.5110876560211182,0.37333548069000244,0.13775217533111572,0.0,,8.0,0.438183069229126,8.0,,0.010414941236376762,3.5413079261779785,0.7412917613983154,True
1505059AGRO7P,0,2020,0,No,False,189,True,1.0,0.09284806996583939,0.061200324445962906,0.03164774551987648,0.0,,13.0,0.07754940539598465,13.0,,0.0012748887529596686,1.061537265777588,0.2965332269668579,42.0,0.2400924265384674,0.16024765372276306,0.07984477281570435,3.0,0.1997072696685791,67.0,0.2000918835401535,64.0,0.0010355168487876654,0.001600021729245782,14.541969299316406,4.125871658325195,1.0,0.021105820313096046,0.001418503001332283,0.019687317311763763,0.0,,18.0,0.011364693753421307,18.0,,0.0005730074481107295,0.27938759326934814,0.2545637786388397,58.0,0.005351988133043051,0.0031840677838772535,0.0021679203491657972,8.0,0.004258482716977596,79.0,0.004299693275243044,71.0,2.187010795751121e-05,5.0109279982279986e-05,0.34372520446777344,0.11447232961654663,116.0,0.4924674928188324,0.21604296565055847,0.2764245271682739,90.0,0.35244643688201904,152.0,0.3557760715484619,62.0,0.00538542540743947,0.003796983975917101,27.197757720947266,13.58704948425293,False
1505059BOCKSP,0,2020,1,Herbicide,False,204,True,129.0,0.51841139793396,0.07100255787372589,0.44740885496139526,7.0,0.2896435260772705,150.0,0.29127755761146545,143.0,0.0018751465249806643,0.010815897025167942,36.09646987915039,25.872102737426758,130.0,0.600871741771698,0.2520032525062561,0.3488684892654419,111.0,0.42917460203170776,151.0,0.4267711639404297,40.0,0.00903669185936451,0.008290504105389118,21.841053009033203,11.508920669555664,128.0,0.37881457805633545,-0.0024014743976294994,0.38121604919433594,109.0,0.19415095448493958,148.0,0.18382394313812256,39.0,0.009719138033688068,0.009749531745910645,12.172505378723145,12.268564224243164,133.0,0.034180909395217896,0.005220263265073299,0.02896064519882202,111.0,0.020120905712246895,152.0,0.020069416612386703,41.0,0.0006390910712070763,0.0007427101372741163,1.2073725461959839,0.988121509552002,142.0,0.7212142944335938,0.3196899890899658,0.40152430534362793,111.0,0.5255379676818848,185.0,0.5243299603462219,74.0,0.006312139797955751,0.004578705411404371,48.44694519042969,24.470195770263672,True
1505059BOCKSP,1,2021,1,Herbicide,False,187,True,120.0,0.702143669128418,0.050392359495162964,0.6517512798309326,96.0,0.3856334090232849,143.0,0.36654335260391235,47.0,0.013187927193939686,0.014591318555176258,27.733169555664062,25.3143367767334,119.0,0.7533568739891052,0.24422135949134827,0.5091354846954346,95.0,0.49627143144607544,143.0,0.4990185797214508,48.0,0.010711893439292908,0.010597429238259792,32.16886901855469,20.202022552490234,118.0,0.5421181321144104,-0.014227643609046936,0.5563457608222961,94.0,0.25585630536079407,140.0,0.2670336067676544,46.0,0.011927575804293156,0.012503841891884804,20.48111915588379,21.149818420410156,130.0,0.03912494331598282,0.0022180413361638784,0.036906901746988297,97.0,0.020550275221467018,154.0,0.020222006365656853,57.0,0.0005628687213174999,0.0007876223535276949,1.8607361316680908,1.7320897579193115,139.0,0.7964590191841125,0.2962111234664917,0.5002478957176208,98.0,0.5434030294418335,162.0,0.553743302822113,64.0,0.006172097288072109,0.01055285707116127,45.02748107910156,25.773757934570312,True
1505059BRIMHLSP,0,2021,1,Herbicide,False,140,True,133.0,0.6635889410972595,0.04494263231754303,0.6186463236808777,105.0,0.351336807012558,158.0,0.3540002107620239,53.0,0.01115186233073473,0.012383549474179745,29.427587509155273,27.00068473815918,132.0,0.7234010696411133,0.1976313591003418,0.5257697105407715,102.0,0.4607432782649994,161.0,0.45795539021492004,59.0,0.008755260147154331,0.009153299033641815,37.33219909667969,25.47431755065918,131.0,0.5180144906044006,-0.015626931563019753,0.5336413979530334,103.0,0.24675408005714417,155.0,0.252188503742218,52.0,0.009687871672213078,0.011076082475483418,22.06032943725586,22.88855743408203,131.0,0.033131521195173264,0.001284247962757945,0.0318472720682621,101.0,0.017576169222593307,161.0,0.01740555465221405,60.0,0.0005185117479413748,0.0005241988692432642,1.691097617149353,1.6127585172653198,139.0,0.6228538751602173,0.1336156129837036,0.48923826217651367,101.0,0.38143083453178406,168.0,0.3783662021160126,67.0,0.006353238131850958,0.008430609479546547,37.095428466796875,28.009567260742188,True
1505059BRIMSP,0,2020,1,Herbicide,False,189,True,100.0,0.6625572443008423,0.07259660959243774,0.5899606347084045,75.0,0.37099000811576843,122.0,0.37424540519714355,47.0,0.011662689037621021,0.013105083256959915,26.46843719482422,22.98379898071289,98.0,0.7152121067047119,0.24567490816116333,0.4695371985435486,72.0,0.4771736264228821,123.0,0.47900232672691345,51.0,0.009155326522886753,0.009448391385376453,32.464656829833984,19.68956184387207,97.0,0.5273025035858154,0.004697950556874275,0.5226045250892639,73.0,0.2713090777397156,120.0,0.2586990296840668,47.0,0.010666392743587494,0.01167841162532568,20.539552688598633,20.314050674438477,98.0,0.036101628094911575,0.00379485497251153,0.032306771725416183,68.0,0.019834505394101143,125.0,0.02041991427540779,57.0,0.0005422374233603477,0.0005808041896671057,1.778946876525879,1.5588452816009521,109.0,0.4898242652416229,0.1342482566833496,0.3555760085582733,82.0,0.3078267276287079,132.0,0.3116458058357239,50.0,0.006740649696439505,0.0077468897216022015,21.508331298828125,14.661670684814453,True
1505059CATANSSP,0,2021,1,Fungicide,False,146,True,94.0,0.3733421862125397,0.06723521649837494,0.3061069846153259,73.0,0.2242407202720642,117.0,0.21575120091438293,44.0,0.007100069895386696,0.006851782090961933,14.120532989501953,11.094947814941406,93.0,0.5404488444328308,0.282320111989975,0.25812873244285583,72.0,0.4146784543991089,114.0,0.41441625356674194,42.0,0.0059890663251280785,0.006001552101224661,21.129886627197266,8.990121841430664,92.0,0.2837705910205841,0.006962929852306843,0.27680766582489014,71.0,0.1499977856874466,112.0,0.1503271609544754,41.0,0.006370133720338345,0.006672171410173178,9.754609107971191,9.462165832519531,94.0,0.02873961627483368,0.007355518639087677,0.021384097635746002,69.0,0.017988823354244232,115.0,0.017973098903894424,46.0,0.00043003170867450535,0.0005126913310959935,1.1611783504486084,0.815468966960907,100.0,0.6348949670791626,0.3177444040775299,0.3171505630016327,73.0,0.48093029856681824,132.0,0.47593989968299866,59.0,0.005702394992113113,0.004967345856130123,34.211761474609375,15.147096633911133,True
1505059CATASSP,0,2021,0,No,False,118,True,94.0,0.37336161732673645,0.05221589654684067,0.3211457133293152,72.0,0.21241392195224762,117.0,0.21581090986728668,45.0,0.007315804250538349,0.006850030738860369,14.323934555053711,11.922002792358398,93.0,0.5412288308143616,0.27245354652404785,0.2687752842903137,71.0,0.4041752517223358,115.0,0.40568238496780396,44.0,0.006229707971215248,0.00616120221093297,21.950218200683594,9.68980884552002,92.0,0.2837502658367157,-0.008634207770228386,0.29238447546958923,70.0,0.13882772624492645,113.0,0.14047478139400482,43.0,0.00658738799393177,0.006822641938924789,10.020574569702148,10.400479316711426,95.0,0.028583744540810585,0.009003369137644768,0.019580375403165817,71.0,0.019059903919696808,114.0,0.018800271674990654,43.0,0.00039682668284513056,0.0005149196367710829,1.0984094142913818,0.7022611498832703,100.0,0.6347880959510803,0.3166600167751312,0.3181280791759491,74.0,0.4792567491531372,132.0,0.4761047065258026,58.0,0.005981974769383669,0.0049588559195399284,33.617759704589844,14.934818267822266,True
1505059CATNFP,0,2020,1,Mixed,False,427,True,285.0,0.4304702877998352,0.07365313917398453,0.3568171560764313,264.0,0.2565445303916931,305.0,0.26499876379966736,41.0,0.00828217901289463,0.008273576386272907,15.321052551269531,12.227621078491211,285.0,0.5799152255058289,0.24227595329284668,0.3376392722129822,265.0,0.41031256318092346,305.0,0.45061546564102173,40.0,0.0084801334887743,0.0064649879932403564,21.411136627197266,11.477822303771973,283.0,0.36467084288597107,0.006341834552586079,0.35832899808883667,262.0,0.18164749443531036,303.0,0.18066620826721191,41.0,0.00871539767831564,0.009200232103466988,12.307538986206055,12.041181564331055,283.0,0.0373813658952713,0.003062744624912739,0.03431862220168114,262.0,0.020396104082465172,303.0,0.020466383546590805,41.0,0.0008088219910860062,0.0008457491057924926,1.2939022779464722,1.165266990661621,292.0,0.6920087337493896,0.30463165044784546,0.3873770833015442,262.0,0.5027954578399658,305.0,0.6400939226150513,43.0,0.006307109259068966,0.003993446938693523,28.291088104248047,14.88729476928711,True
1505059CATNFP,1,2021,0,No,False,131,True,306.0,0.4018864631652832,0.05801691859960556,0.34386953711509705,280.0,0.23059605062007904,328.0,0.23224277794361115,48.0,0.006588093005120754,0.007711076643317938,16.503211975097656,13.660383224487305,303.0,0.5271761417388916,0.1725839525461197,0.3545922040939331,277.0,0.3521362543106079,327.0,0.3536991775035858,50.0,0.006732303183525801,0.007228206843137741,23.512794494628906,14.71101188659668,303.0,0.31713566184043884,-0.0006949007511138916,0.31783056259155273,279.0,0.16235190629959106,326.0,0.15977424383163452,47.0,0.006449323147535324,0.006841800641268492,12.398141860961914,12.431497573852539,301.0,0.03593526408076286,0.0065082889050245285,0.029426975175738335,276.0,0.021479148417711258,325.0,0.02140248380601406,49.0,0.0005782446241937578,0.0006055324920453131,1.515869140625,1.1904547214508057,313.0,0.7097077369689941,0.3515617251396179,0.3581460118293762,271.0,0.5268829464912415,343.0,0.5265656113624573,72.0,0.004352970980107784,0.0061047375202178955,47.66615295410156,22.002147674560547,True
1505059CATTANI,0,2020,0,No,False,366,True,285.0,0.43039050698280334,0.07911108434200287,0.35127943754196167,264.0,0.25684306025505066,305.0,0.25953853130340576,41.0,0.008264164440333843,0.008542599156498909,15.281152725219727,11.958486557006836,285.0,0.5806632041931152,0.2328091859817505,0.34785401821136475,265.0,0.41070929169654846,309.0,0.4093279540538788,44.0,0.008497695438563824,0.007138968911021948,23.083505630493164,12.607091903686523,283.0,0.36454492807388306,0.005786409601569176,0.35875850915908813,262.0,0.18175683915615082,302.0,0.19158175587654114,40.0,0.00870419479906559,0.009103325195610523,12.11073112487793,11.873488426208496,283.0,0.037397049367427826,0.0027829944156110287,0.03461405634880066,262.0,0.020410025492310524,303.0,0.0202310923486948,41.0,0.0008089059265330434,0.0008582978625781834,1.2927688360214233,1.1758830547332764,290.0,0.6856090426445007,0.31552061438560486,0.3700884282588959,262.0,0.5039750337600708,316.0,0.49953022599220276,54.0,0.0064869290217757225,0.007156877778470516,34.124900817871094,16.77126693725586,True
1505059CHARLSP,0,2020,1,Herbicide,False,290,True,110.0,0.5769537091255188,0.08082964271306992,0.4961240589618683,85.0,0.3243659436702728,131.0,0.3323342502117157,46.0,0.010103510692715645,0.01164854597300291,22.619646072387695,18.82065200805664,108.0,0.6756118535995483,0.24112817645072937,0.43448367714881897,83.0,0.4618580937385559,131.0,0.45673227310180664,48.0,0.008550150319933891,0.009516503661870956,29.04547882080078,17.23019790649414,108.0,0.4603117108345032,0.0035536549985408783,0.456758052110672,83.0,0.23564179241657257,129.0,0.22986353933811188,46.0,0.00898679718375206,0.01097372267395258,17.539451599121094,17.37242889404297,109.0,0.03777754679322243,0.00448842067271471,0.03328912705183029,76.0,0.020970221608877182,131.0,0.02112921141088009,55.0,0.000509312900248915,0.0007567424909211695,1.7546546459197998,1.503303050994873,116.0,0.4452544152736664,0.13078586757183075,0.3144685626029968,92.0,0.2852845788002014,136.0,0.28648459911346436,44.0,0.006665410008281469,0.007938491180539131,17.23859977722168,11.353235244750977,True
1505059COLINFP,0,2021,0,No,True,131,True,306.0,0.621389627456665,0.06627672165632248,0.555112898349762,280.0,0.35023465752601624,328.0,0.3503020703792572,48.0,0.010429037734866142,0.012322161346673965,25.30929183959961,22.06173324584961,305.0,0.7133514881134033,0.26687556505203247,0.44647592306137085,280.0,0.49149462580680847,329.0,0.48592445254325867,49.0,0.008874274790287018,0.009476126171648502,31.364185333251953,18.02040672302246,304.0,0.5181195735931396,-0.007103833835572004,0.525223433971405,277.0,0.25012823939323425,327.0,0.25559937953948975,50.0,0.009925604797899723,0.011413921602070332,21.197528839111328,21.559823989868164,302.0,0.040525514632463455,0.011705823242664337,0.028819691389799118,274.0,0.026138372719287872,324.0,0.02661353535950184,50.0,0.000513826496899128,0.0006323626730591059,1.7916958332061768,1.1946988105773926,310.0,0.4931465983390808,0.11144597828388214,0.38170063495635986,280.0,0.3041391968727112,339.0,0.3032730221748352,59.0,0.006300246808677912,0.0065473648719489574,25.356128692626953,18.669368743896484,True
1505059COLLINFP,0,2019,0,No,True,61,False,305.0,0.18947039544582367,0.13912442326545715,0.050345972180366516,0.0,,310.0,0.16354870796203613,310.0,,0.005184337496757507,0.964036226272583,0.19885188341140747,305.0,0.3631889224052429,0.3178919553756714,0.04529696702957153,0.0,,310.0,0.33919745683670044,310.0,,0.004798293113708496,1.925289273262024,0.17688357830047607,305.0,0.07437153905630112,0.04857119917869568,0.025800339877605438,0.0,,309.0,0.0622079111635685,309.0,,0.003040906973183155,0.3041978180408478,0.08562742173671722,305.0,0.011352392844855785,0.010075291618704796,0.0012771012261509895,0.0,,308.0,0.010703249834477901,308.0,,0.00021638099860865623,0.03843384236097336,0.0031703226268291473,305.0,0.500853955745697,0.3435850143432617,0.1572689414024353,0.0,,311.0,0.4236849248409271,311.0,,0.012861505150794983,2.985093116760254,0.7517905235290527,False
1505059COLLINFP,1,2020,0,No,True,366,False,280.0,0.5409451723098755,0.07669176161289215,0.46425342559814453,259.0,0.3112961947917938,301.0,0.309016615152359,42.0,0.010935666039586067,0.011044217273592949,19.39341926574707,16.095672607421875,281.0,0.6415399312973022,0.22743260860443115,0.4141073226928711,261.0,0.4392034113407135,303.0,0.4324057400226593,42.0,0.010116825811564922,0.009506099857389927,24.15001678466797,14.370414733886719,280.0,0.4256971478462219,0.003921390511095524,0.421775758266449,258.0,0.21472789347171783,300.0,0.21458175778388977,42.0,0.009589511901140213,0.010555769316852093,14.778186798095703,14.609566688537598,282.0,0.03655921667814255,0.0022228837478905916,0.034336332231760025,256.0,0.0190522950142622,304.0,0.01882988214492798,48.0,0.0006733431364409626,0.0008058788371272385,1.4588614702224731,1.3499401807785034,289.0,0.5453460812568665,0.11260512471199036,0.4327409565448761,63.0,0.3289735019207001,314.0,0.3265267312526703,251.0,0.0009574007708579302,0.008752774447202682,79.41935729980469,51.042869567871094,True
1505059COLLINFP,2,2021,0,No,True,59,False,59.0,0.1010880097746849,0.09283486008644104,0.008253149688243866,55.0,0.0974138155579567,0.0,,-55.0,0.0009185485541820526,,0.0,0.0,59.0,0.29194456338882446,0.2671132981777191,0.024831265211105347,55.0,0.28073811531066895,0.0,,-55.0,0.0028016120195388794,,0.0,0.0,1.0,0.02288854867219925,0.017825696617364883,0.005062852054834366,0.0,,9.0,0.020427299663424492,9.0,,0.0003076561260968447,0.18365620076656342,0.032137781381607056,28.0,0.005395775660872459,0.002335838507860899,0.0030599371530115604,10.0,0.003911718726158142,43.0,0.003874940797686577,33.0,8.244760829256848e-05,0.00010138899233425036,0.16236251592636108,0.08294400572776794,59.0,0.2571490406990051,0.18646471202373505,0.07068432867527008,27.0,0.2227220982313156,0.0,,-27.0,0.0010758419521152973,,0.0,0.0,False
1505059COTWODPS,0,2021,0,No,True,365,True,144.0,0.7644573450088501,0.06727258861064911,0.6971847414970398,119.0,0.4208333194255829,168.0,0.4084092676639557,49.0,0.013744961470365524,0.014835336245596409,31.64024543762207,28.276615142822266,144.0,0.8071618676185608,0.23948684334754944,0.567674994468689,116.0,0.5219563841819763,170.0,0.5178134441375732,54.0,0.010185910388827324,0.011128785088658333,38.49226379394531,25.32048797607422,143.0,0.6080456972122192,-0.006750012747943401,0.6147956848144531,118.0,0.3051165044307709,166.0,0.3005506694316864,48.0,0.012117167934775352,0.013369348831474781,24.25564956665039,24.586400985717773,145.0,0.03763182833790779,0.00301153352484107,0.03462029621005058,114.0,0.01988944411277771,169.0,0.020556055009365082,55.0,0.0005723349750041962,0.0007114905747584999,1.7613699436187744,1.592724084854126,153.0,0.536712646484375,0.12128549069166183,0.41542714834213257,124.0,0.3259076178073883,271.0,0.32978883385658264,147.0,0.007269138935953379,0.001753591583110392,50.22172546386719,32.2714729309082,True
1505059COTWODSP,0,2021,0,No,False,365,True,144.0,0.7644573450088501,0.06727258861064911,0.6971847414970398,119.0,0.4208333194255829,168.0,0.4084092676639557,49.0,0.013744961470365524,0.014835336245596409,31.64024543762207,28.276615142822266,144.0,0.8071618676185608,0.23948684334754944,0.567674994468689,116.0,0.5219563841819763,170.0,0.5178134441375732,54.0,0.010185910388827324,0.011128785088658333,38.49226379394531,25.32048797607422,143.0,0.6080456972122192,-0.006750012747943401,0.6147956848144531,118.0,0.3051165044307709,166.0,0.3005506694316864,48.0,0.012117167934775352,0.013369348831474781,24.25564956665039,24.586400985717773,145.0,0.03763182833790779,0.00301153352484107,0.03462029621005058,114.0,0.01988944411277771,169.0,0.020556055009365082,55.0,0.0005723349750041962,0.0007114905747584999,1.7613699436187744,1.592724084854126,153.0,0.536712646484375,0.12128549069166183,0.41542714834213257,124.0,0.3259076178073883,271.0,0.32978883385658264,147.0,0.007269138935953379,0.001753591583110392,50.22172546386719,32.2714729309082,True
1505059COULTRSP,0,2021,1,Herbicide,False,338,True,111.0,0.6556800603866577,0.0489172637462616,0.6067627668380737,89.0,0.3536761999130249,132.0,0.3607102930545807,43.0,0.01372744794934988,0.014046179130673409,23.707609176635742,21.55525016784668,111.0,0.721989631652832,0.19465821981430054,0.5273314118385315,88.0,0.46298113465309143,135.0,0.4619271457195282,47.0,0.01126123871654272,0.010835937224328518,29.74711799621582,20.403522491455078,109.0,0.5005280375480652,-0.003761161118745804,0.5042892098426819,88.0,0.25061148405075073,129.0,0.2531926929950714,41.0,0.01190078817307949,0.012366767041385174,16.993408203125,17.151376724243164,111.0,0.034231748431921005,0.004457064904272556,0.029774684458971024,88.0,0.01972005143761635,134.0,0.0196158979088068,46.0,0.0006309433374553919,0.0006354717770591378,1.3465590476989746,1.1370769739151,121.0,0.7158993482589722,0.30666545033454895,0.4092338979244232,88.0,0.5100377798080444,149.0,0.508874773979187,61.0,0.00623822957277298,0.007393734995275736,39.55089569091797,20.53763771057129,True
1505059COULTSP,0,2020,1,Herbicide,False,126,True,123.0,0.648087739944458,0.030348068103194237,0.6177396774291992,98.0,0.332601934671402,145.0,0.3370514512062073,47.0,0.01261943206191063,0.014138013124465942,25.1400089263916,23.68330192565918,122.0,0.6996649503707886,0.21665874123573303,0.48300620913505554,96.0,0.45319414138793945,145.0,0.46328219771385193,49.0,0.009479646570980549,0.01027751062065363,30.28394317626953,19.451007843017578,120.0,0.49792975187301636,-0.033746905624866486,0.5316766500473022,96.0,0.23646530508995056,142.0,0.23723290860652924,46.0,0.01089435163885355,0.01184985600411892,18.691200256347656,20.277305603027344,120.0,0.044840991497039795,0.008229140192270279,0.036611851304769516,91.0,0.026259087026119232,144.0,0.026728371158242226,53.0,0.0006407553446479142,0.000754692533519119,2.045194149017334,1.600820541381836,134.0,0.7504530549049377,0.3242563009262085,0.42619675397872925,95.0,0.5361369848251343,159.0,0.5373114943504333,64.0,0.005495283752679825,0.008525662124156952,43.1932258605957,22.116565704345703,True
1505059DELISSP,0,2021,1,Herbicide,False,158,True,108.0,0.7908849120140076,-0.015511570498347282,0.806396484375,80.0,0.37911781668663025,133.0,0.39364057779312134,53.0,0.014705968089401722,0.01588977314531803,34.48987579345703,35.32749938964844,106.0,0.8103337287902832,0.15483662486076355,0.6554970741271973,79.0,0.48157304525375366,134.0,0.4788283109664917,55.0,0.01217632181942463,0.011839479207992554,38.396514892578125,29.725662231445312,104.0,0.608001708984375,-0.055447548627853394,0.6634492874145508,78.0,0.2679569125175476,130.0,0.26738932728767395,52.0,0.013078645803034306,0.013100476004183292,25.40325164794922,28.34197235107422,116.0,0.034596990793943405,0.0005247619701549411,0.03407222777605057,79.0,0.01766197942197323,140.0,0.017996275797486305,61.0,0.00045770301949232817,0.0006916964775882661,1.7507429122924805,1.7182077169418335,116.0,0.6972542405128479,0.1524839699268341,0.5447702407836914,86.0,0.4204948842525482,140.0,0.42823782563209534,54.0,0.009225311689078808,0.011209017597138882,32.68260955810547,24.295991897583008,True
1505059ENGLE,0,2020,0,No,False,366,True,302.0,0.46591222286224365,0.02459177002310753,0.4413204491138458,279.0,0.2442525178194046,326.0,0.23926028609275818,47.0,0.00963737815618515,0.009443830698728561,18.116840362548828,16.93643569946289,304.0,0.593032956123352,0.047116056084632874,0.5459169149398804,276.0,0.31809720396995544,336.0,0.3226518929004669,60.0,0.009819134138524532,0.00844940822571516,29.22039031982422,26.346311569213867,301.0,0.3760857582092285,-0.021372981369495392,0.3974587321281433,278.0,0.17288702726364136,323.0,0.18093399703502655,45.0,0.008834727108478546,0.008870534598827362,13.768964767456055,14.752121925354004,298.0,0.035486724227666855,0.003398447297513485,0.032088275998830795,271.0,0.019732734188437462,326.0,0.019304437562823296,55.0,0.0005834811017848551,0.0005779388011433184,1.656395673751831,1.4660825729370117,317.0,0.4584141969680786,0.1267390251159668,0.3316751718521118,84.0,0.2928394377231598,343.0,0.2894355356693268,259.0,0.0007106213015504181,0.006499179173260927,85.7101058959961,52.75796127319336,True
1505059ENGLEFP,0,2020,1,Mixed,False,427,True,307.0,0.5171067714691162,0.062106601893901825,0.4550001621246338,283.0,0.29122254252433777,0.0,,-283.0,0.009411842562258244,,0.0,0.0,308.0,0.6342145800590515,0.17150920629501343,0.4627053737640381,283.0,0.4006965756416321,0.0,,-283.0,0.009340720251202583,,0.0,0.0,307.0,0.41664308309555054,-0.01045540813356638,0.42709848284721375,281.0,0.20190206170082092,0.0,,-281.0,0.008259270340204239,,0.0,0.0,302.0,0.03546493127942085,0.00358952721580863,0.031875405460596085,271.0,0.0194337647408247,305.0,0.03537547588348389,34.0,0.0005171343800611794,2.9818465918651782e-05,1.0634093284606934,0.9377758502960205,321.0,0.5127124786376953,0.14703088998794556,0.36568158864974976,289.0,0.32978424429893494,0.0,,-289.0,0.005716507323086262,,0.0,0.0,True
1505059ENGLEFP,1,2021,0,No,False,168,True,292.0,0.6084702610969543,0.0619480237364769,0.5465222597122192,268.0,0.3263319432735443,314.0,0.34094539284706116,46.0,0.011755763553082943,0.012160221114754677,23.7086238861084,20.79706573486328,292.0,0.6789038181304932,0.1731688231229782,0.5057349801063538,268.0,0.4314788579940796,316.0,0.4212174713611603,48.0,0.010309373028576374,0.01073693111538887,28.547801971435547,20.062530517578125,290.0,0.4891739785671234,-0.0062426314689219,0.4954166114330292,267.0,0.24115930497646332,313.0,0.2454259842634201,46.0,0.010783246718347073,0.010597738437354565,18.652299880981445,18.945703506469727,296.0,0.044157084077596664,0.0027323858812451363,0.0414246991276741,267.0,0.02388937585055828,321.0,0.022901033982634544,54.0,0.0006988864624872804,0.0008502419805154204,2.0054097175598145,1.855128526687622,309.0,0.7977592349052429,0.3923923969268799,0.40536683797836304,277.0,0.5939505696296692,330.0,0.5923122763633728,53.0,0.006369020789861679,0.009783188812434673,38.54579544067383,17.356605529785156,True
1505059F50SP,0,2020,1,Herbicide,False,364,True,118.0,0.6665130257606506,0.03233668580651283,0.6341763138771057,94.0,0.3451481759548187,140.0,0.3557645082473755,46.0,0.013390202075242996,0.014124932698905468,25.55001449584961,24.030189514160156,117.0,0.6775139570236206,0.18347500264644623,0.4940389394760132,92.0,0.4344240128993988,142.0,0.43223312497138977,50.0,0.009723598137497902,0.00981123372912407,29.727806091308594,20.370582580566406,115.0,0.4646313488483429,-0.02386944182217121,0.48850080370903015,92.0,0.22272583842277527,137.0,0.22427092492580414,45.0,0.010517630726099014,0.010925473645329475,17.12215805053711,18.220151901245117,118.0,0.03898925706744194,0.005352906417101622,0.03363635018467903,89.0,0.02183237299323082,140.0,0.02223912626504898,51.0,0.0005916166701354086,0.0007613695925101638,1.690528154373169,1.4121770858764648,126.0,0.5800259709358215,0.11067204177379608,0.46935391426086426,100.0,0.3402315676212311,147.0,0.34921541810035706,47.0,0.009222861379384995,0.01099097914993763,23.47846221923828,18.16620445251465,True
1505059F50SP,1,2021,1,Fungicide,False,217,True,101.0,0.5912138819694519,0.04643559083342552,0.5447782874107361,77.0,0.31272092461586,124.0,0.3230830430984497,47.0,0.01160387322306633,0.011657862924039364,23.283905029296875,21.054996490478516,100.0,0.6830298900604248,0.2044130265712738,0.478616863489151,76.0,0.4407776892185211,125.0,0.44651615619659424,49.0,0.010093841701745987,0.009460549801588058,29.48689842224121,19.266246795654297,99.0,0.44732019305229187,-0.012625888921320438,0.4599460959434509,76.0,0.21509221196174622,121.0,0.2116321623325348,45.0,0.010096868500113487,0.010713092051446438,16.417037963867188,16.99782943725586,102.0,0.037693463265895844,0.005114766303449869,0.03257869556546211,76.0,0.021090257912874222,125.0,0.021074289456009865,49.0,0.0006385848391801119,0.0007225727895274758,1.5620824098587036,1.3063440322875977,106.0,0.43078818917274475,0.15741746127605438,0.27337074279785156,85.0,0.29495397210121155,129.0,0.29226773977279663,44.0,0.006468296051025391,0.0060226283967494965,17.02130889892578,9.937522888183594,True
1505059FOPPFP,0,2020,1,Mixed,False,224,True,284.0,0.5480644106864929,0.048788197338581085,0.49927622079849243,263.0,0.29254868626594543,305.0,0.2978200614452362,42.0,0.012167415581643581,0.011916397139430046,19.315778732299805,17.217885971069336,285.0,0.6141478419303894,0.1814914494752884,0.4326564073562622,264.0,0.40104347467422485,305.0,0.44864827394485474,41.0,0.010147826746106148,0.008274978026747704,22.737762451171875,15.115121841430664,282.0,0.4223136305809021,-0.007623668760061264,0.42993730306625366,262.0,0.21195629239082336,302.0,0.2130793333053589,40.0,0.010517867282032967,0.010461715050041676,14.001723289489746,14.31429386138916,281.0,0.04100973904132843,0.0023734504356980324,0.03863628953695297,260.0,0.02107919566333294,301.0,0.021905304864048958,41.0,0.0009490734664723277,0.0009552217088639736,1.4041838645935059,1.3044989109039307,294.0,0.6976325511932373,0.3377178907394409,0.3599146604537964,262.0,0.5190773010253906,305.0,0.6629154682159424,43.0,0.005579851567745209,0.003156098537147045,28.78167152404785,13.92208480834961,True
1505059FOPPFP,1,2021,0,No,False,414,True,103.0,0.15151728689670563,0.044256988912820816,0.10726030170917511,78.0,0.0973435640335083,125.0,0.09963314235210419,47.0,0.0021669489797204733,0.002358370227739215,6.247633934020996,4.123298645019531,108.0,0.2644844949245453,0.1389302760362625,0.12555421888828278,81.0,0.20098596811294556,272.0,0.201755553483963,191.0,0.0023517971858382225,0.000382493541110307,39.59230041503906,12.917684555053711,100.0,0.06570815294981003,-0.00893103051930666,0.07463918626308441,75.0,0.02870025299489498,121.0,0.027834443375468254,46.0,0.0014803159283474088,0.0018035098910331726,2.382354259490967,2.802112579345703,106.0,0.008396903052926064,0.0027316708583384752,0.005665232427418232,84.0,0.0055070361122488976,132.0,0.005607448983937502,48.0,0.0001313575921813026,0.00010728669440140948,0.3577536940574646,0.22390182316303253,101.0,0.6818963289260864,0.2960871458053589,0.38580918312072754,62.0,0.572195827960968,127.0,0.4827320873737335,65.0,0.0028128332924097776,0.007660163100808859,40.78500747680664,21.243255615234375,False
1505059FUG10SP,0,2020,1,Herbicide,False,189,True,134.0,0.7580349445343018,0.04251325502991676,0.7155216932296753,110.0,0.393421471118927,158.0,0.4094385504722595,48.0,0.015192228369414806,0.014524850063025951,30.536684036254883,28.453535079956055,133.0,0.7409877777099609,0.22483643889427185,0.5161513090133667,109.0,0.47411060333251953,160.0,0.4802408814430237,51.0,0.011119882576167583,0.009657292626798153,33.33539581298828,21.64389991760254,132.0,0.5317431092262268,-0.024142185226082802,0.5558853149414062,108.0,0.24966666102409363,156.0,0.24501268565654755,48.0,0.011753185652196407,0.011947100050747395,20.799959182739258,21.982925415039062,137.0,0.04178344085812569,0.0015837871469557285,0.040199652314186096,104.0,0.02182898484170437,162.0,0.021034076809883118,58.0,0.0006046805065125227,0.0008299745386466384,2.008671760559082,1.9152283668518066,140.0,0.6876800060272217,0.22345243394374847,0.464227557182312,117.0,0.45075854659080505,162.0,0.45629703998565674,45.0,0.010300933383405209,0.010517407208681107,27.559600830078125,17.28078842163086,True
1505059FUG11SP,0,2020,1,Herbicide,False,189,True,127.0,0.6541499495506287,0.07116322964429855,0.5829867124557495,106.0,0.35477766394615173,147.0,0.3666518032550812,41.0,0.014255823567509651,0.01437490712851286,22.662063598632812,19.673208236694336,126.0,0.6936996579170227,0.2264297604560852,0.4672698974609375,105.0,0.4534871280193329,149.0,0.45300450921058655,44.0,0.01143869198858738,0.010465006344020367,26.97671127319336,16.787372589111328,125.0,0.4702639579772949,-0.0009880398865789175,0.4712519943714142,105.0,0.234792098402977,145.0,0.22904489934444427,40.0,0.011773592792451382,0.012060953304171562,15.486685752868652,15.52719497680664,133.0,0.041923537850379944,0.002603297121822834,0.039320241659879684,105.0,0.022584764286875725,155.0,0.022587871178984642,50.0,0.0006906705093570054,0.0008788939449004829,1.7556579113006592,1.622889757156372,139.0,0.6143519282341003,0.22548910975456238,0.38886281847953796,118.0,0.4230085015296936,158.0,0.41348060965538025,40.0,0.00911159161478281,0.010572174564003944,21.995986938476562,12.750932693481445,True
1505059FUG12FP,0,2021,0,No,False,168,True,301.0,0.7196464538574219,0.04716429114341736,0.6724821329116821,276.0,0.3898938298225403,326.0,0.3795012831687927,50.0,0.013190104626119137,0.013605806976556778,30.287412643432617,27.882034301757812,301.0,0.7550261616706848,0.19993633031845093,0.5550898313522339,276.0,0.4853695333003998,327.0,0.48245346546173096,51.0,0.010786265134811401,0.01048356480896473,34.04075241088867,23.644062042236328,300.0,0.5571675896644592,-0.009428232908248901,0.5665957927703857,274.0,0.27549949288368225,324.0,0.2732463479042053,50.0,0.010833388194441795,0.011830051429569721,23.034025192260742,23.51486587524414,305.0,0.03738290071487427,0.009532051160931587,0.02785084955394268,277.0,0.023538392037153244,330.0,0.02307642251253128,53.0,0.0004944467218592763,0.0005722591304220259,1.7401870489120483,1.2254563570022583,316.0,0.6234748959541321,0.1873740255832672,0.43610087037086487,285.0,0.40052956342697144,339.0,0.3998797833919525,54.0,0.007191785145550966,0.009721526876091957,29.522140502929688,19.216569900512695,True
1505059FUG12SP,0,2020,1,Herbicide,False,227,True,126.0,0.6633577942848206,0.07498203217983246,0.5883757472038269,106.0,0.36827802658081055,147.0,0.3714645504951477,41.0,0.01475398801267147,0.013899678364396095,23.0656795501709,19.916433334350586,126.0,0.6942754983901978,0.21892672777175903,0.4753487706184387,105.0,0.4609025716781616,149.0,0.4556097388267517,44.0,0.011112996377050877,0.010376771911978722,27.1079158782959,17.256214141845703,124.0,0.470083624124527,-0.005477835424244404,0.4755614697933197,104.0,0.23147433996200562,145.0,0.2240380346775055,41.0,0.011930463835597038,0.011716457083821297,15.798083305358887,16.028152465820312,130.0,0.044848453253507614,0.006665287539362907,0.038183167576789856,104.0,0.026122378185391426,150.0,0.02609407529234886,46.0,0.0007202336564660072,0.0009377188980579376,1.774277925491333,1.4610093832015991,137.0,0.6452242732048035,0.19314323365688324,0.45208102464675903,114.0,0.4166826009750366,156.0,0.4161357879638672,42.0,0.009936594404280186,0.01205728854984045,23.94614601135254,15.640987396240234,True
1505059FUG13FP,0,2021,0,No,False,168,True,304.0,0.613952100276947,0.04734129458665848,0.5666108131408691,276.0,0.33067381381988525,325.0,0.33965596556663513,49.0,0.010117081925272942,0.013061720877885818,25.33622169494629,22.96915626525879,300.0,0.6964239478111267,0.20116665959358215,0.49525728821754456,276.0,0.45426657795906067,323.0,0.4526608884334564,47.0,0.010089890100061893,0.010598394088447094,29.093599319458008,19.43760108947754,301.0,0.5233922600746155,-0.009775078855454922,0.5331673622131348,274.0,0.2506079375743866,323.0,0.26425495743751526,49.0,0.010103123262524605,0.011778968386352062,21.180015563964844,21.66876983642578,304.0,0.04104030504822731,0.007551337126642466,0.03348896652460098,277.0,0.024666815996170044,328.0,0.02399667724967003,51.0,0.0006064255139790475,0.0007101511582732201,1.8033174276351929,1.4106478691101074,316.0,0.605617105960846,0.18049994111061096,0.425117164850235,287.0,0.39426389336586,337.0,0.39638400077819824,50.0,0.007288041990250349,0.00996348075568676,26.699024200439453,17.493528366088867,True
1505059FUG13SP,0,2020,1,Herbicide,False,227,True,126.0,0.6551520824432373,0.06582661718130112,0.589325487613678,105.0,0.3536807894706726,146.0,0.3672952353954315,41.0,0.014355775900185108,0.014392842538654804,22.693378448486328,19.928661346435547,126.0,0.6758998036384583,0.20178455114364624,0.474115252494812,105.0,0.44506463408470154,149.0,0.44059687852859497,44.0,0.010992150753736496,0.010230561718344688,26.29222297668457,17.211917877197266,124.0,0.46076270937919617,-0.009694532491266727,0.4704572558403015,104.0,0.23285606503486633,144.0,0.2230253666639328,40.0,0.011395332403481007,0.011886866763234138,15.194284439086914,15.591760635375977,129.0,0.045574869960546494,0.00558838527649641,0.03998648375272751,105.0,0.025446034967899323,150.0,0.0254417285323143,45.0,0.0008387014386244118,0.0009587210370227695,1.7510011196136475,1.4939353466033936,136.0,0.6693342328071594,0.16228251159191132,0.5070517063140869,113.0,0.4095415771007538,156.0,0.4227137863636017,43.0,0.011295332573354244,0.012331021949648857,25.182964324951172,18.04253387451172,True
1505059FUG14PS,0,2021,0,No,False,158,True,112.0,0.660158634185791,0.07025735080242157,0.5899012684822083,88.0,0.3635697066783905,133.0,0.3640068769454956,45.0,0.012357871979475021,0.01410246454179287,25.102596282958984,21.870758056640625,111.0,0.762570321559906,0.22589176893234253,0.5366785526275635,86.0,0.4942614436149597,134.0,0.4943709075450897,48.0,0.010732355527579784,0.011660844087600708,32.352325439453125,21.283628463745117,110.0,0.5289695262908936,-0.002319147577509284,0.5312886834144592,86.0,0.26385217905044556,131.0,0.2617320418357849,45.0,0.011046555824577808,0.012725594453513622,19.643178939819336,19.749858856201172,110.0,0.034402694553136826,0.0051852683536708355,0.029217425733804703,78.0,0.019545895978808403,133.0,0.020121833309531212,55.0,0.0004642749554477632,0.0006209069979377091,1.6054409742355347,1.3150659799575806,121.0,0.6843758225440979,0.3279382288455963,0.3564375936985016,85.0,0.5071954727172852,142.0,0.5092362761497498,57.0,0.004921676591038704,0.008339978754520416,35.62642288208008,16.606006622314453,True
1505059FUG14PS,1,2021,0,No,False,30,True,336.0,0.06105167046189308,0.05337666720151901,0.007675003260374069,0.0,,337.0,0.05782433971762657,337.0,,0.00322733074426651,0.08835017681121826,0.008285179734230042,365.0,0.21000365912914276,0.19805249571800232,0.011951163411140442,362.0,0.20384430885314941,0.0,,-362.0,0.0020531166810542345,,0.0,0.0,365.0,0.013237200677394867,-0.001185877714306116,0.014423077926039696,360.0,0.00606621615588665,0.0,,-360.0,0.001434196950867772,,0.0,0.0,365.0,0.021853778511285782,0.014533376321196556,0.007320402190089226,358.0,0.01800384931266308,0.0,,-358.0,0.0005499898688867688,,0.0,0.0,336.0,0.3672213852405548,0.3159869611263275,0.051234424114227295,0.0,,343.0,0.34267616271972656,343.0,,0.0035064604599028826,2.650188684463501,0.2802865505218506,False
1505059FUG14SP,0,2020,1,Herbicide,False,364,True,127.0,0.5730288624763489,0.06242399662733078,0.5106048583984375,107.0,0.30966687202453613,147.0,0.31503501534461975,40.0,0.013168099336326122,0.012899692170321941,19.252925872802734,16.69354248046875,127.0,0.6280249953269958,0.18541553616523743,0.4426094591617584,106.0,0.4028095006942749,149.0,0.404693603515625,43.0,0.010724547319114208,0.010151427239179611,23.692575454711914,15.534292221069336,126.0,0.4056883454322815,-0.0018818369135260582,0.4075701832771301,107.0,0.20858384668827057,144.0,0.20793026685714722,37.0,0.010373921133577824,0.01098656002432108,12.486547470092773,12.558056831359863,127.0,0.04251225292682648,0.0039323740638792515,0.038579877465963364,103.0,0.023153938353061676,148.0,0.02310970425605774,45.0,0.0008065964211709797,0.0009239309001713991,1.6077189445495605,1.4268298149108887,133.0,0.7087445259094238,0.25858190655708313,0.4501626193523407,110.0,0.4878353178501129,165.0,0.4812314212322235,55.0,0.009604748338460922,0.00710978452116251,34.5568962097168,20.076309204101562,True
1505059FUG14SP,1,2021,1,Herbicide,False,217,True,112.0,0.6601120233535767,0.06653787195682526,0.5935741662979126,88.0,0.3636242151260376,133.0,0.36400502920150757,45.0,0.012353658676147461,0.014100332744419575,25.101184844970703,22.040443420410156,111.0,0.7625767588615417,0.2109706997871399,0.5516060590744019,85.0,0.47982609272003174,134.0,0.49430713057518005,49.0,0.010875025764107704,0.011663896963000298,32.84953308105469,22.30099868774414,110.0,0.5290002822875977,-0.0036820806562900543,0.5326823592185974,86.0,0.26395753026008606,131.0,0.26172739267349243,45.0,0.011043448001146317,0.012727280147373676,19.645349502563477,19.814725875854492,110.0,0.034421950578689575,0.005513102747499943,0.028908848762512207,79.0,0.02007487788796425,133.0,0.02011973410844803,54.0,0.00046280879178084433,0.0006218355265446007,1.587052822113037,1.2838321924209595,121.0,0.6844339370727539,0.32433390617370605,0.36010003089904785,85.0,0.507389485836029,142.0,0.5092119574546814,57.0,0.0049179014749825,0.008343903347849846,35.639495849609375,16.828128814697266,True
1505059FUG14SP,2,2021,0,No,False,30,True,336.0,0.06105339527130127,0.05337778478860855,0.0076756104826927185,0.0,,337.0,0.05782593414187431,337.0,,0.003227461129426956,0.08835263550281525,0.008285954594612122,365.0,0.21000394225120544,0.19805476069450378,0.01194918155670166,362.0,0.20384536683559418,0.0,,-362.0,0.0020528584718704224,,0.0,0.0,365.0,0.013237522915005684,-0.0011858628131449223,0.014423385262489319,360.0,0.0060665188357234,0.0,,-360.0,0.0014342007925733924,,0.0,0.0,365.0,0.0218539796769619,0.014533234760165215,0.007320744916796684,358.0,0.018004003912210464,0.0,,-358.0,0.0005499965627677739,,0.0,0.0,336.0,0.3672143220901489,0.3159848153591156,0.051229506731033325,0.0,,343.0,0.3426738381385803,343.0,,0.003505783388391137,2.650156259536743,0.2802703380584717,False
1505059FUG1FP,0,2021,0,No,False,168,True,297.0,0.4952414035797119,0.06222538277506828,0.4330160319805145,271.0,0.27957770228385925,319.0,0.27340179681777954,48.0,0.008294757455587387,0.010083618573844433,20.43294906616211,17.3839054107666,297.0,0.5879424214363098,0.20377996563911438,0.38416245579719543,271.0,0.3932478129863739,318.0,0.3993944823741913,47.0,0.007488253992050886,0.008978473022580147,24.99921989440918,15.217782020568848,294.0,0.4118184447288513,-0.0005738227628171444,0.412392258644104,269.0,0.20013275742530823,317.0,0.2041170597076416,48.0,0.00846742745488882,0.009030494838953018,16.487363815307617,16.51548194885254,296.0,0.047003719955682755,0.005435605999082327,0.04156811535358429,270.0,0.0256658885627985,319.0,0.02665749005973339,49.0,0.0008206858183257282,0.0008846186683513224,1.9583349227905273,1.6865546703338623,307.0,0.5490992665290833,0.20160941779613495,0.3474898338317871,285.0,0.3805241584777832,330.0,0.37613120675086975,45.0,0.0076625049114227295,0.007520350627601147,22.142000198364258,12.86796760559082,True
1505059FUG1SP,0,2020,1,Herbicide,False,227,True,123.0,0.6308868527412415,0.054407741874456406,0.5764791369438171,101.0,0.3381592631340027,143.0,0.34885263442993164,42.0,0.01330579910427332,0.014101711101830006,22.297096252441406,19.957563400268555,122.0,0.66433185338974,0.20599833130836487,0.4583335220813751,100.0,0.4354276955127716,145.0,0.4341834783554077,45.0,0.010404734872281551,0.010006451047956944,26.417253494262695,16.941329956054688,121.0,0.4481204152107239,-0.005183123983442783,0.4533035457134247,100.0,0.22480106353759766,141.0,0.2208954095840454,41.0,0.010634254664182663,0.011361250653862953,15.150113105773926,15.367804527282715,123.0,0.044002287089824677,0.004233746789395809,0.03976853936910629,100.0,0.02429617941379547,144.0,0.024501241743564606,44.0,0.000856787315569818,0.0009286212152801454,1.6478934288024902,1.4573748111724854,132.0,0.6039825677871704,0.1689469814300537,0.4350355863571167,110.0,0.3828122019767761,151.0,0.39301079511642456,41.0,0.010053198784589767,0.011103777214884758,21.83732032775879,14.741546630859375,True
1505059FUG2FP,0,2020,1,Mixed,False,427,True,278.0,0.5930917859077454,0.07088297605514526,0.5222088098526001,256.0,0.3379528224468231,304.0,0.3325776159763336,48.0,0.011597225442528725,0.010019775480031967,24.182537078857422,20.709270477294922,280.0,0.6320995092391968,0.19321763515472412,0.43888187408447266,255.0,0.40659233927726746,305.0,0.48938384652137756,50.0,0.009020286612212658,0.005708626471459866,28.818723678588867,18.964624404907227,275.0,0.45451781153678894,-0.000371408648788929,0.4548892080783844,254.0,0.2299252599477768,300.0,0.23088663816452026,46.0,0.01069488376379013,0.008945247158408165,17.358591079711914,17.376047134399414,279.0,0.043039895594120026,0.0034198223147541285,0.03962007164955139,254.0,0.02329133078455925,305.0,0.024278748780488968,51.0,0.0007899425690993667,0.0007215825608000159,1.8480846881866455,1.670253872871399,297.0,0.7205998301506042,0.28799596428871155,0.4326038658618927,244.0,0.5014564990997314,305.0,0.6995934844017029,61.0,0.004134779796004295,0.002625793218612671,40.61468505859375,22.758934020996094,True
1505059FUG2FP,1,2021,0,No,False,168,True,277.0,0.5728651285171509,0.0607941672205925,0.5120709538459778,256.0,0.3106316924095154,297.0,0.32466059923171997,41.0,0.012487306259572506,0.01241022627800703,19.84541130065918,17.292057037353516,282.0,0.6475204229354858,0.20442253351211548,0.44309788942337036,258.0,0.4238623082637787,305.0,0.43040311336517334,47.0,0.00931908842176199,0.009439882822334766,26.945919036865234,17.133636474609375,280.0,0.4482877850532532,0.0002936418168246746,0.4479941427707672,257.0,0.2259426712989807,301.0,0.22165396809577942,44.0,0.009667178615927696,0.010792086832225323,16.298908233642578,16.285694122314453,288.0,0.04658918455243111,0.005450319964438677,0.04113886505365372,257.0,0.025599155575037003,310.0,0.025533873587846756,53.0,0.0006770977051928639,0.0009570596157573164,2.091207981109619,1.7968907356262207,288.0,0.5627654790878296,0.20085953176021576,0.36190593242645264,267.0,0.38371390104293823,309.0,0.3820273280143738,42.0,0.008526265621185303,0.008606578223407269,21.27214813232422,12.635189056396484,True
1505059FUG3FP,0,2021,0,No,False,168,True,280.0,0.525352418422699,0.0640185996890068,0.4613338112831116,259.0,0.2883017361164093,300.0,0.294922798871994,41.0,0.011288127861917019,0.011521480977535248,18.21491241455078,15.526130676269531,281.0,0.590622067451477,0.20033900439739227,0.3902830481529236,259.0,0.391698956489563,304.0,0.3901224434375763,45.0,0.009041959419846535,0.008717374876141548,23.48450469970703,14.268911361694336,279.0,0.3932415544986725,0.0005892766639590263,0.3926522731781006,258.0,0.20261260867118835,299.0,0.1949622929096222,41.0,0.009077568538486958,0.00991396326571703,13.331827163696289,13.307077407836914,283.0,0.04065144062042236,0.0031830910593271255,0.03746835142374039,255.0,0.02201216295361519,307.0,0.021289382129907608,52.0,0.0006656884797848761,0.0008067524177022278,1.768043041229248,1.599339246749878,287.0,0.7609035968780518,0.26155421137809753,0.4993493854999542,252.0,0.5134320855140686,316.0,0.5066108703613281,64.0,0.007070614490658045,0.008768714964389801,43.49198913574219,26.490964889526367,True
1505059FUG6SP,0,2020,1,Herbicide,False,189,True,131.0,0.8126648664474487,0.053982287645339966,0.7586826086044312,107.0,0.4310482442378998,156.0,0.43854066729545593,49.0,0.015900691971182823,0.014964967966079712,33.48015594482422,30.781042098999023,132.0,0.7944186329841614,0.226759672164917,0.5676589608192444,106.0,0.5066618323326111,159.0,0.5057953596115112,53.0,0.011067569255828857,0.010689751245081425,36.95018768310547,24.70516586303711,130.0,0.6031108498573303,-0.025028562173247337,0.6281394362449646,105.0,0.28600195050239563,154.0,0.2920050621032715,49.0,0.012684356421232224,0.01296274084597826,24.23151969909668,25.482948303222656,135.0,0.04434787109494209,0.005706392228603363,0.03864147886633873,105.0,0.024555491283535957,159.0,0.02489105612039566,54.0,0.0006597460014745593,0.0008107006433419883,2.047637939453125,1.7337863445281982,146.0,0.6832595467567444,0.17853040993213654,0.504729151725769,117.0,0.4266640245914459,170.0,0.4358076751232147,53.0,0.008848121389746666,0.010310494340956211,31.582889556884766,21.94224739074707,True
1505059FUG7SP,0,2020,1,Herbicide,False,189,True,132.0,0.7785464525222778,0.045274220407009125,0.7332722544670105,107.0,0.4154447913169861,156.0,0.4156597852706909,49.0,0.0145240668207407,0.015120278112590313,32.085723876953125,29.82201385498047,131.0,0.7781842350959778,0.21332141757011414,0.564862847328186,106.0,0.49649348855018616,157.0,0.4994443953037262,51.0,0.011267629452049732,0.010720763355493546,34.956329345703125,23.863615036010742,130.0,0.5831120610237122,-0.02748619019985199,0.6105982661247253,105.0,0.27575841546058655,154.0,0.2772243320941925,49.0,0.012294146232306957,0.012745321728289127,23.3868350982666,24.761144638061523,134.0,0.04439988732337952,0.0054677571170032024,0.03893212974071503,106.0,0.024685248732566833,158.0,0.024863682687282562,52.0,0.0007040942437015474,0.0008140085265040398,1.9725902080535889,1.6827991008758545,144.0,0.6544845104217529,0.16707578301429749,0.48740872740745544,117.0,0.41475406289100647,167.0,0.4153293967247009,50.0,0.008878905326128006,0.010398047976195812,28.664527893066406,20.14366340637207,True
1505059FUG8SP,0,2020,1,Herbicide,False,427,True,316.0,0.7386769652366638,0.06663772463798523,0.672039270401001,260.0,0.3996082544326782,0.0,,-260.0,0.006054798606783152,,0.0,0.0,321.0,0.7577747702598572,0.2175946831703186,0.5401800870895386,260.0,0.4863150715827942,0.0,,-260.0,0.0044501591473817825,,0.0,0.0,315.0,0.5589401721954346,0.005109603051096201,0.5538305640220642,258.0,0.28052061796188354,0.0,,-258.0,0.004884553607553244,,0.0,0.0,123.0,0.041200123727321625,0.005253852345049381,0.03594627231359482,102.0,0.02342684380710125,144.0,0.022742774337530136,42.0,0.0008463466656394303,0.000878921418916434,1.4738986492156982,1.2479829788208008,340.0,0.7632560729980469,0.22917333245277405,0.5340827703475952,123.0,0.4986967146396637,0.0,,-123.0,0.0012191676069051027,,0.0,0.0,True
1505059FUG8SP,1,2021,0,No,False,367,True,112.0,0.6432489156723022,0.06352891027927399,0.5797200202941895,89.0,0.34557947516441345,135.0,0.3460896611213684,46.0,0.012942149303853512,0.012919967994093895,24.867538452148438,21.88167953491211,111.0,0.7187812924385071,0.2133936583995819,0.5053876638412476,87.0,0.4681536555290222,137.0,0.46027523279190063,50.0,0.010442818515002728,0.009942540898919106,31.698074340820312,20.814998626708984,111.0,0.4958129823207855,-0.00465701799839735,0.500469982624054,87.0,0.24323736131191254,133.0,0.2414139211177826,46.0,0.010523985140025616,0.01156359352171421,18.80492401123047,19.0238037109375,114.0,0.035181742161512375,0.0048193116672337055,0.030362430959939957,77.0,0.019965000450611115,139.0,0.019912825897336006,62.0,0.00041126328869722784,0.0006107566296122968,1.8402678966522217,1.5366512537002563,260.0,0.7221835851669312,0.017828991636633873,0.7043545842170715,161.0,0.36884185671806335,289.0,0.3651859760284424,128.0,0.003569108434021473,0.012310262769460678,80.7330551147461,78.43311309814453,True
1505059FUG9SP,0,2020,1,Herbicide,False,189,True,124.0,0.6940279006958008,0.07317274063825607,0.6208551526069641,104.0,0.3846563994884491,144.0,0.38369035720825195,40.0,0.015468575060367584,0.015516877174377441,23.497953414916992,20.49787139892578,124.0,0.70839524269104,0.24345681071281433,0.4649384319782257,104.0,0.4837021231651306,145.0,0.48021456599235535,41.0,0.011234655976295471,0.010865746065974236,26.046512603759766,15.82132625579834,123.0,0.4963388442993164,0.0008127653272822499,0.4955260753631592,103.0,0.2525860071182251,142.0,0.2497134506702423,39.0,0.01218764204531908,0.012980284169316292,16.05962371826172,16.02711296081543,125.0,0.04307231679558754,0.003103411290794611,0.03996890410780907,102.0,0.02263542450964451,146.0,0.023019645363092422,44.0,0.0008885605493560433,0.0009548891102895141,1.590062141418457,1.450408697128296,132.0,0.6386908888816833,0.20518064498901367,0.4335102438926697,111.0,0.4152033030986786,153.0,0.415649950504303,42.0,0.010642265900969505,0.010620997287333012,23.79296112060547,14.970192909240723,True
1505059FUGIT2FP,0,2020,0,No,False,366,True,277.0,0.5908322930335999,0.03431776911020279,0.5565145015716553,255.0,0.3181435465812683,302.0,0.3119276463985443,47.0,0.01239494327455759,0.011156185530126095,23.346200942993164,21.69894790649414,279.0,0.6321486234664917,0.05164255201816559,0.5805060863494873,251.0,0.34782448410987854,317.0,0.3403974175453186,66.0,0.01015443354845047,0.007677663117647171,34.45977020263672,30.999719619750977,275.0,0.453505277633667,-0.010851824656128883,0.4643571078777313,254.0,0.2293032705783844,298.0,0.2264484316110611,44.0,0.010676286183297634,0.00987203698605299,16.607255935668945,17.09558868408203,278.0,0.0430544838309288,0.0027831231709569693,0.04027136042714119,78.0,0.022910848259925842,301.0,0.022547338157892227,223.0,0.0001007181781460531,0.0008916150545701385,3.1051464080810547,2.48172664642334,289.0,0.6866934895515442,0.3198370039463043,0.36685648560523987,244.0,0.5021098256111145,315.0,0.503004252910614,71.0,0.004101859405636787,0.007064970675855875,45.243186950683594,22.214923858642578,True
1505059FUGIT3FP,0,2019,0,No,False,61,False,305.0,0.3899895250797272,0.24534985423088074,0.14463967084884644,0.0,,323.0,0.3170643150806427,323.0,,0.004051400348544121,6.567021369934082,2.0280494689941406,305.0,0.5526338219642639,0.42626506090164185,0.12636876106262207,0.0,,326.0,0.48794025182724,326.0,,0.003080646274611354,11.240652084350586,2.0759525299072266,305.0,0.28977930545806885,0.15781307220458984,0.131966233253479,0.0,,326.0,0.22387079894542694,326.0,,0.003138500265777111,5.599968910217285,2.2069878578186035,305.0,0.025395644828677177,0.01608162559568882,0.009314019232988358,0.0,,332.0,0.020818891003727913,332.0,,0.00016950939607340842,0.652511715888977,0.21026700735092163,305.0,0.6118274331092834,0.4101789593696594,0.20164847373962402,0.0,,320.0,0.5103150606155396,320.0,,0.006767491344362497,8.664989471435547,2.307215690612793,False
1505059FUGIT3FP,1,2020,1,Mixed,False,366,False,296.0,0.5304580926895142,0.05684710294008255,0.4736109972000122,277.0,0.3006768822669983,316.0,0.3008247911930084,39.0,0.012093747965991497,0.011481665074825287,17.62133026123047,15.34744644165039,298.0,0.6093809008598328,0.19391284883022308,0.4154680371284485,278.0,0.40692344307899475,319.0,0.39970746636390686,41.0,0.0101228728890419,0.009984449483454227,22.188152313232422,14.04381275177002,295.0,0.40378478169441223,0.001355198910459876,0.40242958068847656,276.0,0.20604008436203003,314.0,0.20823027193546295,38.0,0.010407615453004837,0.010292342863976955,12.75754165649414,12.704689025878906,295.0,0.04349368438124657,0.0035498994402587414,0.03994378447532654,272.0,0.02392285130918026,319.0,0.02328808419406414,47.0,0.0008509057806804776,0.0008419000077992678,1.72074556350708,1.5503504276275635,307.0,0.5811468362808228,0.14808781445026398,0.43305903673171997,126.0,0.3641987442970276,329.0,0.36594313383102417,203.0,0.0011986081954091787,0.009781986474990845,60.43833923339844,30.228424072265625,True
1505059FUGIT3FP,2,2021,0,No,False,59,False,29.0,0.09103332459926605,0.06815103441476822,0.022882290184497833,13.0,0.07967735081911087,52.0,0.07934855669736862,39.0,0.0007097483612596989,0.0005080333794467151,3.464839458465576,0.7387981414794922,28.0,0.29369837045669556,0.24231195449829102,0.05138641595840454,12.0,0.2668616771697998,48.0,0.26756423711776733,36.0,0.0016772933304309845,0.0013067066902294755,10.480026245117188,1.5144834518432617,41.0,0.025131961330771446,0.017837172374129295,0.007294788956642151,17.0,0.02154639922082424,59.0,0.024542180821299553,42.0,0.00014939841639716178,3.276558345532976e-05,1.0369329452514648,0.2788531184196472,59.0,0.006142229773104191,0.005006073974072933,0.0011361557990312576,50.0,0.005550418049097061,0.0,,-50.0,6.575685983989388e-05,,0.0,0.0,17.0,0.3195699453353882,0.17857137322425842,0.14099857211112976,1.0,0.26927006244659424,37.0,0.2472562938928604,36.0,0.0031437426805496216,0.003615682478994131,10.832500457763672,4.314645767211914,False
1505059FUGIT6SP,0,2021,1,Herbicide,False,281,True,121.0,0.6859344244003296,0.06005363166332245,0.625880777835846,100.0,0.3625279664993286,142.0,0.38121798634529114,42.0,0.01540030725300312,0.014510306529700756,24.23373031616211,21.651424407958984,121.0,0.7188146114349365,0.21762514114379883,0.5011894702911377,100.0,0.47493746876716614,144.0,0.46463003754615784,44.0,0.01161319762468338,0.011051503010094166,27.986637115478516,18.193506240844727,120.0,0.49762439727783203,-0.009685293771326542,0.5073096752166748,99.0,0.24356059730052948,140.0,0.23503649234771729,41.0,0.012098275125026703,0.013129395432770252,16.715803146362305,17.12258529663086,123.0,0.04360806941986084,0.004044382832944393,0.03956368565559387,100.0,0.024342691525816917,144.0,0.024335844442248344,44.0,0.0008376251207664609,0.000917724973987788,1.6268563270568848,1.4448590278625488,268.0,0.5750136971473694,0.09869280457496643,0.47632089257240295,180.0,0.33726510405540466,290.0,0.33752933144569397,110.0,0.0027016885578632355,0.0107947438955307,49.10647964477539,38.15157699584961,True
1505059FUGIT7SP,0,2021,1,Herbicide,False,338,True,121.0,0.6515886187553406,0.055906735360622406,0.59568190574646,100.0,0.3472534418106079,142.0,0.353345662355423,42.0,0.014492151327431202,0.014202045276761055,22.96144676208496,20.557456970214844,120.0,0.6928110122680664,0.19950728118419647,0.49330371618270874,99.0,0.4475925862789154,143.0,0.4500002861022949,44.0,0.01167706772685051,0.010556988418102264,26.908855438232422,17.931026458740234,119.0,0.47305524349212646,-0.010827507823705673,0.48388275504112244,99.0,0.23452487587928772,139.0,0.2330903708934784,40.0,0.011926518753170967,0.011998243629932404,15.624750137329102,16.06867790222168,122.0,0.04137229546904564,0.004048987757414579,0.03732330724596977,99.0,0.02297668717801571,144.0,0.022089529782533646,45.0,0.000799809058662504,0.0008764893282204866,1.5673469305038452,1.3810935020446777,272.0,0.742902398109436,0.15550677478313446,0.5873956084251404,240.0,0.44686877727508545,295.0,0.4554402828216553,55.0,0.009251050651073456,0.01249835267663002,34.8210334777832,26.112653732299805,True
1505059FUGIT8SP,0,2021,1,Herbicide,False,308,True,112.0,0.6431983113288879,0.06909583508968353,0.5741024613380432,90.0,0.3645591735839844,134.0,0.36477795243263245,44.0,0.012665415182709694,0.01265547052025795,24.173858642578125,21.064546585083008,111.0,0.7190309166908264,0.21377873420715332,0.5052521824836731,87.0,0.4673030376434326,137.0,0.460284024477005,50.0,0.0104886619374156,0.009951803833246231,31.700824737548828,20.79810905456543,111.0,0.49577993154525757,-0.004130047746002674,0.4999099671840668,87.0,0.24326954782009125,133.0,0.2414134293794632,46.0,0.010521265678107738,0.011562114581465721,18.803865432739258,18.99797821044922,114.0,0.03515869379043579,0.004122912883758545,0.031035780906677246,76.0,0.0197015218436718,139.0,0.019914330914616585,63.0,0.0004067676782142371,0.0006097744917497039,1.8602831363677979,1.596416711807251,260.0,0.7221835255622864,0.027132607996463776,0.6950508952140808,105.0,0.3732769787311554,289.0,0.3651859760284424,184.0,0.0022510099224746227,0.012310259975492954,103.46771240234375,98.44818115234375,True
1505059FUGIT9SP,0,2021,1,Fungicide,False,281,True,109.0,0.6251488924026489,0.06842096149921417,0.556727945804596,88.0,0.3427756726741791,129.0,0.34074780344963074,41.0,0.013446344062685966,0.014220054261386395,21.577503204345703,18.70382308959961,108.0,0.7054441571235657,0.22647520899772644,0.47896894812583923,87.0,0.4712551534175873,131.0,0.46675366163253784,44.0,0.011151857674121857,0.010377847589552402,27.522090911865234,17.330707550048828,107.0,0.4735167920589447,-0.0001497936900705099,0.47366657853126526,87.0,0.24363453686237335,126.0,0.23357416689395905,39.0,0.011494113132357597,0.012628559023141861,15.293082237243652,15.299074172973633,105.0,0.03120270185172558,0.0036792857572436333,0.02752341702580452,57.0,0.017492439597845078,130.0,0.017500631511211395,73.0,0.00028563046362251043,0.0005480828112922609,1.8922299146652222,1.6199626922607422,266.0,0.541555643081665,0.08618317544460297,0.4553724527359009,185.0,0.3156575858592987,295.0,0.30946943163871765,110.0,0.0027888650074601173,0.008002973161637783,51.877586364746094,42.31125259399414,True
1505059FUGT10SP,0,2021,1,Fungicide,False,281,True,140.0,0.778571367263794,0.06843584030866623,0.7101355195045471,112.0,0.4232378900051117,166.0,0.42327019572257996,54.0,0.01269048172980547,0.013665429316461086,35.52289581298828,31.75892448425293,137.0,0.7820463180541992,0.22790423035621643,0.5541421175003052,109.0,0.5022059082984924,167.0,0.509685218334198,58.0,0.009994300082325935,0.00907870288938284,40.18894577026367,26.742597579956055,136.0,0.5661926865577698,-0.0017434763722121716,0.5679361820220947,109.0,0.27721840143203735,163.0,0.2830369770526886,54.0,0.010702751576900482,0.010487248189747334,25.348997116088867,25.444889068603516,145.0,0.04686202108860016,0.0037332032807171345,0.04312881827354431,107.0,0.02497575245797634,172.0,0.025783218443393707,65.0,0.0005759544437751174,0.0007806963985785842,2.609377384185791,2.3629860877990723,150.0,0.6456779837608337,0.08700007200241089,0.5586779117584229,117.0,0.36665937304496765,291.0,0.3658604323863983,174.0,0.008455109782516956,0.001984521746635437,86.88687896728516,71.661865234375,True
1505059FUGT11SP,0,2021,1,Fungicide,False,281,True,107.0,0.5703279376029968,0.07665097713470459,0.49367696046829224,86.0,0.32976192235946655,128.0,0.3209703266620636,42.0,0.01145552471280098,0.011874171905219555,20.462339401245117,17.16634750366211,105.0,0.692213237285614,0.2328627109527588,0.4593505263328552,83.0,0.46077144145965576,129.0,0.4610019624233246,46.0,0.010520081967115402,0.009633802808821201,28.293977737426758,17.349430084228516,104.0,0.43662989139556885,0.0031393710523843765,0.433490514755249,83.0,0.2148197442293167,125.0,0.21582363545894623,42.0,0.010562388226389885,0.010514583438634872,15.110692024230957,14.975699424743652,107.0,0.033742405474185944,0.0034618605859577656,0.030280545353889465,67.0,0.018780875951051712,130.0,0.018183859065175056,63.0,0.0003740382380783558,0.0006764585268683732,1.7423301935195923,1.5207711458206177,179.0,0.5695808529853821,0.13171224296092987,0.437868595123291,146.0,0.35044384002685547,292.0,0.35662660002708435,146.0,0.006640515755861998,0.0018845509039238095,74.75203704833984,55.39033889770508,True
1505059FUGT12,0,2021,0,No,False,168,True,301.0,0.7196464538574219,0.04716429114341736,0.6724821329116821,276.0,0.3898938298225403,326.0,0.3795012831687927,50.0,0.013190104626119137,0.013605806976556778,30.287412643432617,27.882034301757812,301.0,0.7550261616706848,0.19993633031845093,0.5550898313522339,276.0,0.4853695333003998,327.0,0.48245346546173096,51.0,0.010786265134811401,0.01048356480896473,34.04075241088867,23.644062042236328,300.0,0.5571675896644592,-0.009428232908248901,0.5665957927703857,274.0,0.27549949288368225,324.0,0.2732463479042053,50.0,0.010833388194441795,0.011830051429569721,23.034025192260742,23.51486587524414,305.0,0.03738290071487427,0.009532051160931587,0.02785084955394268,277.0,0.023538392037153244,330.0,0.02307642251253128,53.0,0.0004944467218592763,0.0005722591304220259,1.7401870489120483,1.2254563570022583,316.0,0.6234748959541321,0.1873740255832672,0.43610087037086487,285.0,0.40052956342697144,339.0,0.3998797833919525,54.0,0.007191785145550966,0.009721526876091957,29.522140502929688,19.216569900512695,True
1505059FUGT13,0,2021,0,No,False,168,True,304.0,0.613952100276947,0.04734129458665848,0.5666108131408691,276.0,0.33067381381988525,325.0,0.33965596556663513,49.0,0.010117081925272942,0.013061720877885818,25.33622169494629,22.96915626525879,300.0,0.6964239478111267,0.20116665959358215,0.49525728821754456,276.0,0.45426657795906067,323.0,0.4526608884334564,47.0,0.010089890100061893,0.010598394088447094,29.093599319458008,19.43760108947754,301.0,0.5233922600746155,-0.009775078855454922,0.5331673622131348,274.0,0.2506079375743866,323.0,0.26425495743751526,49.0,0.010103123262524605,0.011778968386352062,21.180015563964844,21.66876983642578,304.0,0.04104030504822731,0.007551337126642466,0.03348896652460098,277.0,0.024666815996170044,328.0,0.02399667724967003,51.0,0.0006064255139790475,0.0007101511582732201,1.8033174276351929,1.4106478691101074,316.0,0.605617105960846,0.18049994111061096,0.425117164850235,287.0,0.39426389336586,337.0,0.39638400077819824,50.0,0.007288041990250349,0.00996348075568676,26.699024200439453,17.493528366088867,True
1505059GILLE,0,2020,0,No,True,42,True,22.0,0.10900312662124634,0.10237833857536316,0.006624788045883179,4.0,0.10573211312294006,35.0,0.10539542883634567,31.0,0.00018172297859564424,0.0002775152097456157,3.4468584060668945,0.17075157165527344,42.0,0.26908785104751587,0.2569139301776886,0.01217392086982727,37.0,0.2632715404033661,0.0,,-37.0,0.0011632621753960848,,0.0,0.0,42.0,0.025671448558568954,0.0243312306702137,0.0013402178883552551,34.0,0.024996915832161903,0.0,,-34.0,8.431659080088139e-05,,0.0,0.0,1.0,0.010372824035584927,0.008021392859518528,0.0023514311760663986,0.0,,18.0,0.009138839319348335,18.0,,7.258733967319131e-05,0.17237770557403564,0.03200334310531616,1.0,0.3205837905406952,0.313371479511261,0.007212311029434204,0.0,,5.0,0.3171299695968628,5.0,,0.0008634552359580994,1.4339725971221924,0.023800969123840332,False
1505059GILLE,1,2021,0,No,True,217,True,91.0,0.28985509276390076,0.07592284679412842,0.21393224596977234,65.0,0.18557505309581757,114.0,0.185092493891716,49.0,0.004010770935565233,0.004554895684123039,12.497836112976074,8.701693534851074,86.0,0.4470725357532501,0.2256292998790741,0.22144323587417603,61.0,0.3334183394908905,111.0,0.3392603099346161,50.0,0.00454616779461503,0.004312489181756973,20.644908905029297,9.137813568115234,88.0,0.20640796422958374,0.009342661127448082,0.1970653086900711,63.0,0.1076485738158226,110.0,0.1100299283862114,47.0,0.003950375597923994,0.004380819853395224,8.13032341003418,7.681875705718994,90.0,0.022027038037776947,0.00596404355019331,0.016062993556261063,65.0,0.013783742673695087,115.0,0.013821223750710487,50.0,0.00032973181805573404,0.00032823256333358586,0.9652256965637207,0.6610594391822815,95.0,0.5326962471008301,0.3408386707305908,0.19185757637023926,69.0,0.4353379011154175,118.0,0.4389113485813141,49.0,0.0037445516791194677,0.004077604506164789,24.794456481933594,7.752521514892578,True
1505059GILLW,0,2020,0,No,True,42,True,1.0,0.12374183535575867,0.10626077651977539,0.017481058835983276,0.0,,10.0,0.11522002518177032,10.0,,0.0009468678035773337,1.1333285570144653,0.12385118007659912,34.0,0.2922726571559906,0.2732425630092621,0.019030094146728516,20.0,0.283143550157547,42.0,0.2879962623119354,22.0,0.0006520790630020201,0.000534549355506897,6.515003204345703,0.36704587936401367,1.0,0.030707623809576035,0.02646597847342491,0.004241645336151123,0.0,,10.0,0.02856464311480522,10.0,,0.00023810897255316377,0.28105926513671875,0.02963244915008545,13.0,0.006934786681085825,0.00544421561062336,0.0014905710704624653,1.0,0.006657405756413937,24.0,0.006220153532922268,23.0,2.3115077055990696e-05,6.496664718724787e-05,0.15861386060714722,0.030674785375595093,42.0,0.3014005422592163,0.20439571142196655,0.09700483083724976,22.0,0.2507040500640869,0.0,,-22.0,0.0025348246563225985,,0.0,0.0,False
1505059GILLW,1,2021,0,No,True,217,True,94.0,0.49033135175704956,0.053874172270298004,0.43645718693733215,70.0,0.2741016745567322,117.0,0.2651219069957733,47.0,0.009009569883346558,0.009791715070605278,19.46817398071289,16.882213592529297,93.0,0.6004617810249329,0.19397279620170593,0.40648898482322693,69.0,0.3963560461997986,116.0,0.40137699246406555,47.0,0.008504405617713928,0.008655860088765621,25.09842300415039,15.787728309631348,93.0,0.35837018489837646,-0.0006987163797020912,0.359068900346756,70.0,0.1807907223701477,114.0,0.17705859243869781,44.0,0.007720846217125654,0.008633885532617569,13.029563903808594,13.061006546020508,97.0,0.03071744181215763,0.0033221039921045303,0.0273953378200531,64.0,0.01678077131509781,120.0,0.01680670864880085,56.0,0.00042232335545122623,0.0006048145005479455,1.451551079750061,1.2621911764144897,100.0,0.46577584743499756,0.159372478723526,0.30640336871147156,77.0,0.31072548031806946,121.0,0.30953583121299744,44.0,0.006741320248693228,0.007440000772476196,18.291637420654297,11.119876861572266,True
1505059GIN,0,2020,0,No,True,319,True,308.0,0.2839430570602417,0.0660465806722641,0.2178964763879776,285.0,0.1757427155971527,330.0,0.17298296093940735,45.0,0.004704362712800503,0.005043640732765198,11.12820053100586,8.090057373046875,307.0,0.4438476264476776,0.18775326013565063,0.256094366312027,286.0,0.31448209285736084,330.0,0.3157532215118408,44.0,0.006160263437777758,0.005569322034716606,17.741653442382812,9.292757034301758,306.0,0.22607861459255219,0.006008146796375513,0.2200704663991928,285.0,0.11862661689519882,327.0,0.11613620817661285,42.0,0.005116761662065983,0.005235352553427219,7.914032936096191,7.655682563781738,303.0,0.031990960240364075,0.0030725537799298763,0.02891840599477291,271.0,0.017362143844366074,325.0,0.01800687424838543,54.0,0.00045715051237493753,0.0006356402882374823,1.4416916370391846,1.2727011442184448,307.0,0.5909579396247864,0.33206188678741455,0.2588960528373718,277.0,0.46013084053993225,343.0,0.46073710918426514,66.0,0.004360903520137072,0.003617245238274336,36.127628326416016,13.87948226928711,True
1505059GIN,1,2021,0,No,True,59,True,21.0,0.10371360182762146,0.07609470933675766,0.0276188924908638,8.0,0.09058667719364166,36.0,0.08989547193050385,28.0,0.0010097634512931108,0.0009212086442857981,2.8566088676452637,0.6498622894287109,20.0,0.2641436755657196,0.2305593341588974,0.033584341406822205,7.0,0.24803298711776733,34.0,0.24671746790409088,27.0,0.0012392837088555098,0.0012447291519492865,7.2194414138793945,0.7637801170349121,15.0,0.04243313893675804,0.02218000777065754,0.020253131166100502,1.0,0.03250927850604057,30.0,0.03278839588165283,29.0,0.0007088471902534366,0.0006429828936234117,1.14533531665802,0.49102509021759033,24.0,0.008703039959073067,0.004431672859936953,0.004271367099136114,3.0,0.006616597063839436,39.0,0.006606594193726778,36.0,9.935442358255386e-05,0.00013976305490359664,0.2905445694923401,0.12657266855239868,3.0,0.4418359100818634,0.3426998555660248,0.09913605451583862,1.0,0.4414937496185303,28.0,0.39269155263900757,27.0,0.00017108023166656494,0.0019657742232084274,11.764137268066406,2.3398914337158203,False
1505059GINFP,0,2020,0,No,True,319,True,308.0,0.2839430570602417,0.0660465806722641,0.2178964763879776,285.0,0.1757427155971527,330.0,0.17298296093940735,45.0,0.004704362712800503,0.005043640732765198,11.12820053100586,8.090057373046875,307.0,0.4438476264476776,0.18775326013565063,0.256094366312027,286.0,0.31448209285736084,330.0,0.3157532215118408,44.0,0.006160263437777758,0.005569322034716606,17.741653442382812,9.292757034301758,306.0,0.22607861459255219,0.006008146796375513,0.2200704663991928,285.0,0.11862661689519882,327.0,0.11613620817661285,42.0,0.005116761662065983,0.005235352553427219,7.914032936096191,7.655682563781738,303.0,0.031990960240364075,0.0030725537799298763,0.02891840599477291,271.0,0.017362143844366074,325.0,0.01800687424838543,54.0,0.00045715051237493753,0.0006356402882374823,1.4416916370391846,1.2727011442184448,307.0,0.5909579396247864,0.33206188678741455,0.2588960528373718,277.0,0.46013084053993225,343.0,0.46073710918426514,66.0,0.004360903520137072,0.003617245238274336,36.127628326416016,13.87948226928711,True
1505059GINFP,1,2021,0,No,True,59,True,21.0,0.10371360182762146,0.07609470933675766,0.0276188924908638,8.0,0.09058667719364166,36.0,0.08989547193050385,28.0,0.0010097634512931108,0.0009212086442857981,2.8566088676452637,0.6498622894287109,20.0,0.2641436755657196,0.2305593341588974,0.033584341406822205,7.0,0.24803298711776733,34.0,0.24671746790409088,27.0,0.0012392837088555098,0.0012447291519492865,7.2194414138793945,0.7637801170349121,15.0,0.04243313893675804,0.02218000777065754,0.020253131166100502,1.0,0.03250927850604057,30.0,0.03278839588165283,29.0,0.0007088471902534366,0.0006429828936234117,1.14533531665802,0.49102509021759033,24.0,0.008703039959073067,0.004431672859936953,0.004271367099136114,3.0,0.006616597063839436,39.0,0.006606594193726778,36.0,9.935442358255386e-05,0.00013976305490359664,0.2905445694923401,0.12657266855239868,3.0,0.4418359100818634,0.3426998555660248,0.09913605451583862,1.0,0.4414937496185303,28.0,0.39269155263900757,27.0,0.00017108023166656494,0.0019657742232084274,11.764137268066406,2.3398914337158203,False
1505059GINSP,0,2021,0,No,True,297,True,146.0,0.5869041681289673,0.08315324783325195,0.5037509202957153,115.0,0.3295169472694397,171.0,0.3318006694316864,56.0,0.008302813395857811,0.010204140096902847,28.000972747802734,23.26123809814453,147.0,0.6560947299003601,0.18985480070114136,0.46623992919921875,112.0,0.4265716075897217,174.0,0.4222569465637207,62.0,0.006557803601026535,0.00866065826267004,35.93282699584961,23.971973419189453,146.0,0.43039342761039734,0.0041392589919269085,0.42625418305397034,113.0,0.21589672565460205,170.0,0.21293286979198456,57.0,0.00649990001693368,0.009060856886208057,20.36850929260254,20.128433227539062,144.0,0.03589610382914543,0.0032332518603652716,0.032662853598594666,108.0,0.019625522196292877,173.0,0.01955953612923622,65.0,0.00045196060091257095,0.0005633299006149173,2.0023393630981445,1.7889447212219238,152.0,0.8506521582603455,0.3287964463233948,0.5218557119369507,97.0,0.5952510237693787,187.0,0.5870049595832825,90.0,0.004643656779080629,0.007532777264714241,70.71852111816406,40.79804611206055,True
1505059HEATHFP,0,2021,0,No,True,168,True,300.0,0.6775035858154297,0.09903299063444138,0.5784705877304077,277.0,0.39649754762649536,323.0,0.38211870193481445,46.0,0.012217653915286064,0.012842820957303047,26.785797119140625,22.13124656677246,300.0,0.7163783311843872,0.2862849235534668,0.4300934076309204,279.0,0.502868115901947,321.0,0.49421942234039307,42.0,0.010167153552174568,0.010578995570540428,27.305253982543945,14.995002746582031,301.0,0.5404530763626099,0.01833050139248371,0.5221225619316101,276.0,0.27348682284355164,323.0,0.27675560116767883,47.0,0.010678649879992008,0.01198624912649393,21.151796340942383,20.27193260192871,301.0,0.03992391750216484,0.0055707418359816074,0.03435317426919937,274.0,0.0224001407623291,324.0,0.023186737671494484,50.0,0.0006490287487395108,0.0007277034455910325,1.698945164680481,1.41483736038208,310.0,0.5116477012634277,0.11201153695583344,0.3996361494064331,280.0,0.31640753149986267,343.0,0.3079163432121277,63.0,0.006508005782961845,0.006173677742481232,28.22613525390625,21.057395935058594,True
1505059HERNDFP,0,2021,0,No,True,168,True,297.0,0.4418452978134155,0.05405164510011673,0.3877936601638794,272.0,0.24747246503829956,318.0,0.24998776614665985,46.0,0.007774913217872381,0.009136073291301727,17.3599796295166,14.819552421569824,296.0,0.5956642031669617,0.12976635992527008,0.4658978581428528,271.0,0.35664886236190796,319.0,0.360685259103775,48.0,0.00956061389297247,0.01021647546440363,24.589183807373047,18.230632781982422,295.0,0.41279685497283936,-0.002811500569805503,0.41560834646224976,273.0,0.20365233719348907,315.0,0.21238410472869873,42.0,0.009506569243967533,0.010020637884736061,14.341137886047363,14.462032318115234,295.0,0.04006059467792511,0.0044706230983138084,0.03558997064828873,266.0,0.02203490026295185,318.0,0.02188136801123619,52.0,0.000621575687546283,0.0007904011872597039,1.7582061290740967,1.5212631225585938,298.0,0.4211008846759796,0.11968475580215454,0.3014161288738251,277.0,0.26993244886398315,321.0,0.268644779920578,44.0,0.007198496721684933,0.006628526374697685,16.309328079223633,10.923513412475586,True
1505059HERNDON,0,2020,0,No,True,366,True,304.0,0.4172494113445282,0.015183527022600174,0.40206587314605713,280.0,0.2155250906944275,327.0,0.21110962331295013,47.0,0.008405179716646671,0.0089625995606184,16.070066452026367,15.341257095336914,305.0,0.563942551612854,0.030564866960048676,0.5333777070045471,277.0,0.3004356622695923,334.0,0.29773879051208496,57.0,0.009410960599780083,0.009179440326988697,26.16781997680664,24.395057678222656,303.0,0.34633558988571167,-0.025227276608347893,0.3715628683567047,281.0,0.1638432741165161,325.0,0.1553732305765152,44.0,0.008295104838907719,0.008680107071995735,12.263202667236328,13.398429870605469,301.0,0.03795986622571945,0.0039161695167422295,0.03404369577765465,265.0,0.020899228751659393,323.0,0.020991260185837746,58.0,0.0004739066062029451,0.0007713002851232886,1.8134825229644775,1.5824284553527832,308.0,0.4056784212589264,0.18280556797981262,0.22287285327911377,26.0,0.2947346866130829,330.0,0.2955675721168518,304.0,0.00039341748924925923,0.005005038809031248,90.63218688964844,34.87649154663086,True
1505059HERNFP,0,2020,0,No,True,366,True,304.0,0.4172494113445282,0.015183527022600174,0.40206587314605713,280.0,0.2155250906944275,327.0,0.21110962331295013,47.0,0.008405179716646671,0.0089625995606184,16.070066452026367,15.341257095336914,305.0,0.563942551612854,0.030564866960048676,0.5333777070045471,277.0,0.3004356622695923,334.0,0.29773879051208496,57.0,0.009410960599780083,0.009179440326988697,26.16781997680664,24.395057678222656,303.0,0.34633558988571167,-0.025227276608347893,0.3715628683567047,281.0,0.1638432741165161,325.0,0.1553732305765152,44.0,0.008295104838907719,0.008680107071995735,12.263202667236328,13.398429870605469,301.0,0.03795986622571945,0.0039161695167422295,0.03404369577765465,265.0,0.020899228751659393,323.0,0.020991260185837746,58.0,0.0004739066062029451,0.0007713002851232886,1.8134825229644775,1.5824284553527832,308.0,0.4056784212589264,0.18280556797981262,0.22287285327911377,26.0,0.2947346866130829,330.0,0.2955675721168518,304.0,0.00039341748924925923,0.005005038809031248,90.63218688964844,34.87649154663086,True
1505059HOUGHTE,0,2021,0,No,True,208,True,148.0,0.6595361828804016,0.06836401671171188,0.5911721587181091,125.0,0.36413314938545227,169.0,0.36953261494636536,44.0,0.012843609787523746,0.013809693977236748,24.61322784423828,21.536846160888672,147.0,0.7289168238639832,0.2180691510438919,0.5108476877212524,124.0,0.4790027439594269,171.0,0.4670325517654419,47.0,0.010865829885005951,0.010911844670772552,30.261409759521484,19.794090270996094,147.0,0.49115699529647827,-0.005981182213872671,0.4971381723880768,124.0,0.24228189885616302,168.0,0.2458520531654358,44.0,0.010820656083524227,0.011681187897920609,17.845760345458984,18.114913940429688,150.0,0.041650865226984024,0.002288137562572956,0.03936272859573364,122.0,0.022151678800582886,175.0,0.021537519991397858,53.0,0.0006963995401747525,0.000804533832706511,1.8253581523895264,1.701798677444458,155.0,0.6266509294509888,0.21650810539722443,0.41014283895492554,132.0,0.4225628077983856,177.0,0.421941339969635,45.0,0.008873396553099155,0.009304981678724289,25.247390747070312,15.288017272949219,True
1505059HOUGHTW,0,2021,0,No,True,208,True,143.0,0.6976256966590881,0.06861589848995209,0.6290097832679749,121.0,0.3933931589126587,166.0,0.3862376809120178,45.0,0.013828751631081104,0.013538609258830547,26.669702529907227,23.513370513916016,143.0,0.7450855374336243,0.21331068873405457,0.5317748785018921,120.0,0.48604947328567505,168.0,0.4757118821144104,48.0,0.011262437328696251,0.010774945840239525,31.54131317138672,21.089088439941406,142.0,0.5313284397125244,-0.006884024478495121,0.5382124781608582,120.0,0.26774078607559204,165.0,0.2549075186252594,45.0,0.011981257237493992,0.012018300592899323,19.692150115966797,20.00881576538086,149.0,0.043688464909791946,0.0024765252601355314,0.041211940348148346,117.0,0.02255457267165184,175.0,0.022824324667453766,58.0,0.0006604341324418783,0.0008024669368751347,2.1280999183654785,1.9819849729537964,153.0,0.6536865234375,0.20637023448944092,0.4473162889480591,128.0,0.4228600561618805,176.0,0.42340776324272156,48.0,0.00923305843025446,0.010012120008468628,27.790164947509766,17.678024291992188,True
1505059IZNFP,0,2021,0,No,False,168,True,292.0,0.6135674118995667,0.06911863386631012,0.5444487929344177,267.0,0.3445686399936676,315.0,0.3419337868690491,48.0,0.010759950615465641,0.01181015744805336,25.097293853759766,21.710479736328125,291.0,0.698796272277832,0.2447901964187622,0.4540060758590698,266.0,0.4664295017719269,315.0,0.477691650390625,49.0,0.009294671006500721,0.009212692268192768,30.706771850585938,18.467262268066406,290.0,0.4971841871738434,0.0038730287924408913,0.49331116676330566,265.0,0.24655446410179138,314.0,0.24723762273788452,49.0,0.010025189258158207,0.01041444018483162,20.180034637451172,19.98638343811035,298.0,0.03918188437819481,0.004374753683805466,0.03480713069438934,262.0,0.02206839993596077,322.0,0.021187955513596535,60.0,0.0004753745743073523,0.0007497470360249281,1.9982266426086426,1.7313666343688965,308.0,0.8155695796012878,0.3821260333061218,0.433443546295166,265.0,0.6031284928321838,330.0,0.5971062183380127,65.0,0.004940490238368511,0.00993015244603157,48.230995178222656,23.01067543029785,True
1505059IZQNFP,0,2019,0,No,False,61,False,305.0,0.19318434596061707,0.13356977701187134,0.05961456894874573,0.0,,329.0,0.16229206323623657,329.0,,0.0012871784856542945,4.42888879776001,1.1564292907714844,321.0,0.4392470121383667,0.3449547588825226,0.09429225325584412,305.0,0.42768019437789917,339.0,0.39427176117897034,34.0,0.0007229261100292206,0.0024986250791698694,14.803987503051758,2.903047561645508,305.0,0.06627822667360306,0.04245087504386902,0.02382735162973404,0.0,,323.0,0.05450372397899628,323.0,,0.0006541390321217477,1.1180462837219238,0.3327050805091858,338.0,0.009224950335919857,0.007014084607362747,0.00221086572855711,325.0,0.008105692453682423,355.0,0.008156931027770042,30.0,8.609676297055557e-05,6.282466347329319e-05,0.2715683877468109,0.05413176119327545,305.0,0.36102020740509033,0.30623823404312134,0.054781973361968994,0.0,,313.0,0.33194929361343384,313.0,,0.0036338642239570618,2.936753511428833,0.333728551864624,False
1505059IZQNFP,1,2020,1,Mixed,False,366,False,289.0,0.46973127126693726,0.06859656423330307,0.4011346995830536,270.0,0.2646492123603821,309.0,0.2655370533466339,39.0,0.010793793015182018,0.010209711268544197,15.507791519165039,12.76392936706543,291.0,0.5784600973129272,0.2041414976119995,0.37431859970092773,271.0,0.3847620487213135,312.0,0.3873256742954254,41.0,0.009684902615845203,0.00910163950175047,21.048688888549805,12.474746704101562,289.0,0.3646116852760315,0.005612369626760483,0.3589993119239807,270.0,0.19099020957946777,307.0,0.18544091284275055,37.0,0.009137972258031368,0.009953931905329227,11.191305160522461,10.978034973144531,288.0,0.03811507299542427,0.001927381381392479,0.03618769347667694,266.0,0.02041221223771572,309.0,0.01979181542992592,43.0,0.0008046755101531744,0.0008725360967218876,1.362307071685791,1.2775022983551025,299.0,0.7424920797348022,0.27142706513404846,0.4710650146007538,274.0,0.5132294297218323,322.0,0.5014628767967224,48.0,0.00917050614953041,0.010479530319571495,31.869239807128906,18.56931495666504,True
1505059IZQNFP,2,2021,0,No,False,59,False,59.0,0.09145142138004303,0.0836392194032669,0.007812201976776123,55.0,0.087287038564682,0.0,,-55.0,0.0010410957038402557,,0.0,0.0,2.0,0.26738113164901733,0.2510112226009369,0.016369909048080444,1.0,0.2673296332359314,20.0,0.2589893341064453,19.0,5.14984130859375e-05,0.0004662109713535756,5.15739631652832,0.2626771926879883,59.0,0.027182942256331444,0.022304341197013855,0.004878601059317589,55.0,0.02488364465534687,0.0,,-55.0,0.0005748244002461433,,0.0,0.0,38.0,0.008469421416521072,0.005471906624734402,0.0029975147917866707,24.0,0.00703766942024231,59.0,0.007107430137693882,35.0,0.00010226800077361986,6.48567292955704e-05,0.2820568382740021,0.0878041684627533,59.0,0.6245276927947998,0.4690691828727722,0.1554585099220276,33.0,0.5467851161956787,0.0,,-33.0,0.002990099135786295,,0.0,0.0,False
1505059IZQSFP,0,2019,0,No,False,61,False,308.0,0.7746884822845459,0.4737790822982788,0.3009093999862671,305.0,0.7746143341064453,338.0,0.6240465641021729,33.0,2.4716058760532178e-05,0.005021397490054369,24.812129974365234,8.940530776977539,316.0,0.8048407435417175,0.598637580871582,0.2062031626701355,305.0,0.8009500503540039,339.0,0.7030776143074036,34.0,0.0003536993754096329,0.004424483980983496,27.02943992614746,6.376443862915039,317.0,0.6259903907775879,0.3520830273628235,0.2739073634147644,305.0,0.6158562302589417,339.0,0.4890895187854767,34.0,0.0008445133571512997,0.006222766824066639,20.609481811523438,8.462617874145508,305.0,0.03376932814717293,0.026423972100019455,0.007345356047153473,0.0,,324.0,0.030061256140470505,324.0,,0.00019516168686095625,0.6181105375289917,0.10284304618835449,305.0,0.7870824337005615,0.6191922426223755,0.16789019107818604,0.0,,343.0,0.7068547606468201,343.0,,0.0021112544927746058,29.536409378051758,5.697507858276367,True
1505059IZQSFP,1,2020,1,Mixed,False,366,False,295.0,0.6958279609680176,0.07114657759666443,0.6246813535690308,273.0,0.37859490513801575,317.0,0.373715341091156,44.0,0.014419684186577797,0.014641482383012772,25.826801300048828,22.625205993652344,295.0,0.725974440574646,0.2225988507270813,0.5033755898475647,274.0,0.472337007522583,319.0,0.4793110191822052,45.0,0.01207797322422266,0.010277642868459225,28.98958969116211,18.750043869018555,294.0,0.5423306822776794,0.003220535349100828,0.5391101241111755,273.0,0.2763112187385559,315.0,0.2747455835342407,42.0,0.01266759354621172,0.012742147780954838,18.959810256958008,18.821327209472656,294.0,0.04437487944960594,0.002062934683635831,0.04231194406747818,269.0,0.023069439455866814,320.0,0.023070834577083588,51.0,0.0008522176067344844,0.000819386332295835,1.8976434469223022,1.7903708219528198,309.0,0.7884272933006287,0.2727130353450775,0.5157142877578735,274.0,0.5321152806282043,330.0,0.5327094197273254,56.0,0.007323200348764658,0.012177041731774807,39.54945373535156,24.004810333251953,True
1505059IZQSFP,2,2021,0,No,False,59,False,1.0,0.08955346047878265,0.08185349404811859,0.0076999664306640625,0.0,,11.0,0.0858667865395546,11.0,,0.0003686673881020397,0.9197958707809448,0.06033414602279663,1.0,0.2786902189254761,0.23369207978248596,0.04499813914299011,0.0,,20.0,0.2559708058834076,20.0,,0.001195758581161499,5.201514720916748,0.6445193290710449,20.0,0.02153117209672928,0.016806727275252342,0.004724444821476936,4.0,0.019174132496118546,35.0,0.01904219761490822,31.0,0.00014731497503817081,0.0001659316330915317,0.6623250842094421,0.12450981140136719,25.0,0.002923526568338275,0.0020240077283233404,0.0008995188400149345,4.0,0.0024573171976953745,41.0,0.0024830279871821404,37.0,2.2200445528142154e-05,2.7531161322258413e-05,0.10428618639707565,0.027373887598514557,59.0,0.30786973237991333,0.27052193880081177,0.03734779357910156,51.0,0.2879965901374817,0.0,,-51.0,0.002484142780303955,,0.0,0.0,False
1505059IZSFP,0,2021,0,No,False,168,True,283.0,0.7559630870819092,0.06458918750286102,0.691373884677887,253.0,0.40506041049957275,310.0,0.409987211227417,57.0,0.01169675588607788,0.012813921086490154,36.46770477294922,32.72153091430664,284.0,0.7803749442100525,0.23046179115772247,0.5499131679534912,252.0,0.4980223476886749,314.0,0.5074973702430725,62.0,0.008823518641293049,0.009095919318497181,43.012718200683594,28.49362564086914,281.0,0.6053435802459717,-0.0016217529773712158,0.6069653034210205,252.0,0.3080448508262634,309.0,0.3036282956600189,57.0,0.010251680389046669,0.010775545611977577,28.867111206054688,28.961172103881836,291.0,0.03690839931368828,0.002849481301382184,0.03405891731381416,244.0,0.02019563317298889,319.0,0.019967490807175636,75.0,0.00035559077514335513,0.0006050324300304055,2.4651267528533936,2.248566150665283,306.0,0.7941449880599976,0.37079477310180664,0.4233502149581909,247.0,0.5874608159065247,325.0,0.5803664326667786,78.0,0.003503121668472886,0.01125150267034769,55.79486083984375,26.5020751953125,True
1505059JAMESP,0,2020,1,Herbicide,False,400,True,117.0,0.5066293478012085,0.07589471340179443,0.43073463439941406,92.0,0.29288336634635925,138.0,0.29469940066337585,46.0,0.00854983925819397,0.010091902688145638,19.90799331665039,16.3409423828125,115.0,0.5877320766448975,0.19640307128429413,0.39132899045944214,87.0,0.38722461462020874,140.0,0.3964173197746277,53.0,0.007160980720072985,0.007652590051293373,27.597057342529297,16.991291046142578,114.0,0.3682671785354614,0.0031233292538672686,0.3651438355445862,89.0,0.1904354840517044,135.0,0.18445226550102234,46.0,0.007113267667591572,0.008753091096878052,14.06836223602295,13.921566009521484,114.0,0.037335000932216644,0.002598405349999666,0.034736596047878265,57.0,0.0200349148362875,139.0,0.01996241882443428,82.0,0.00030351028544828296,0.0006949033122509718,2.470348834991455,2.25468111038208,335.0,0.585181474685669,0.22018732130527496,0.3649941682815552,195.0,0.4023255705833435,0.0,,-195.0,0.0013061135541647673,,0.0,0.0,True
1505059JAMESP,1,2021,0,No,False,424,True,102.0,0.48055827617645264,0.05710078030824661,0.4234575033187866,79.0,0.2728581130504608,124.0,0.26615825295448303,45.0,0.009030441753566265,0.009745455347001553,18.366352081298828,15.739716529846191,102.0,0.5858051180839539,0.19299373030662537,0.3928113877773285,78.0,0.39199426770210266,124.0,0.3933798670768738,46.0,0.008075452409684658,0.008746602572500706,24.027246475219727,14.956541061401367,101.0,0.3489297032356262,0.0034477594308555126,0.3454819321632385,79.0,0.17691510915756226,122.0,0.17138035595417023,43.0,0.007818845100700855,0.008454730734229088,12.403451919555664,12.251750946044922,104.0,0.036599770188331604,0.004175493493676186,0.03242427855730057,60.0,0.02224799431860447,128.0,0.020279381424188614,68.0,0.0003261767269577831,0.0006800161791034043,2.162090301513672,1.873981237411499,325.0,0.4447060525417328,0.11893428862094879,0.3257717490196228,153.0,0.28362327814102173,350.0,0.28566479682922363,197.0,0.0009365277364850044,0.006361650303006172,75.39192199707031,51.842933654785156,True
1505059JAMESPS,0,2021,0,No,True,365,True,102.0,0.480913907289505,0.05979582667350769,0.4211180806159973,79.0,0.2710707485675812,124.0,0.266229510307312,45.0,0.00912361592054367,0.009758382104337215,18.36496353149414,15.614355087280273,102.0,0.5860194563865662,0.2037190943956375,0.38230037689208984,79.0,0.40000855922698975,124.0,0.39352262020111084,45.0,0.008087430149316788,0.008749856613576412,23.61458969116211,14.243511199951172,101.0,0.3489459753036499,0.002843074034899473,0.34610289335250854,79.0,0.17702770233154297,122.0,0.17137537896633148,43.0,0.007814466953277588,0.008455743081867695,12.404899597167969,12.279804229736328,105.0,0.03642720356583595,0.0014528109459206462,0.034974392503499985,20.0,0.019006647169589996,129.0,0.019163934513926506,109.0,0.0002049477188847959,0.00071930285776034,3.2810797691345215,3.1212706565856934,325.0,0.4447060525417328,0.12828873097896576,0.3164173364639282,89.0,0.28467631340026855,350.0,0.28566479682922363,261.0,0.0006780921248719096,0.006361650303006172,94.01327514648438,60.40162658691406,True
1505059JENSEN,0,2020,0,No,False,42,True,42.0,0.09348272532224655,0.0902855321764946,0.003197193145751953,35.0,0.09197121113538742,0.0,,-35.0,0.00021593060228042305,,0.0,0.0,1.0,0.23689313232898712,0.2231270670890808,0.013766065239906311,0.0,,7.0,0.22991617023944855,7.0,,0.0011628270149230957,1.5154247283935547,0.06509876251220703,1.0,0.010235725902020931,0.0074394941329956055,0.0027962317690253258,0.0,,5.0,0.008941225707530975,5.0,,0.000323625048622489,0.04282338172197342,0.009345658123493195,1.0,0.0067330291494727135,0.005478169769048691,0.0012548593804240227,0.0,,17.0,0.006121443584561348,17.0,,3.8224097806960344e-05,0.10658743232488632,0.016197629272937775,42.0,0.373708575963974,0.2978477478027344,0.07586082816123962,31.0,0.33540549874305725,0.0,,-31.0,0.0034820979926735163,,0.0,0.0,False
1505059JENSEN,1,2021,1,Fungicide,False,217,True,100.0,0.6726133823394775,0.05179602652788162,0.6208173632621765,78.0,0.36888253688812256,122.0,0.36663195490837097,44.0,0.01380594726651907,0.013908246532082558,24.9446964263916,22.613876342773438,100.0,0.7282531261444092,0.1930551826953888,0.5351979732513428,76.0,0.4571705162525177,124.0,0.4634007513523102,48.0,0.011295109055936337,0.011035515926778316,30.545307159423828,21.085603713989258,99.0,0.5025985836982727,-0.017562273889780045,0.5201608538627625,77.0,0.25088489055633545,120.0,0.2334558665752411,43.0,0.011441531591117382,0.012816320173442364,17.69681167602539,18.46955108642578,99.0,0.041987188160419464,0.00204713293351233,0.03994005545973778,71.0,0.02237800508737564,124.0,0.022017130628228188,53.0,0.0007003279752098024,0.0007988022989593446,1.8595139980316162,1.7489688396453857,109.0,0.7717856764793396,0.4657967686653137,0.3059889078140259,84.0,0.614408016204834,134.0,0.6192848682403564,50.0,0.006295106373727322,0.006100032478570938,36.308597564697266,12.552963256835938,True
1505059KIMSP,0,2020,1,Herbicide,False,387,True,113.0,0.5151427984237671,0.061433397233486176,0.4537093937397003,88.0,0.28567489981651306,137.0,0.29241979122161865,49.0,0.009178715758025646,0.009280125610530376,21.458763122558594,18.38709259033203,111.0,0.5944153666496277,0.2143942415714264,0.3800211250782013,86.0,0.4002724587917328,137.0,0.3998053967952728,51.0,0.007765716407448053,0.007484999019652605,27.058305740356445,15.909806251525879,109.0,0.39400655031204224,-0.0006822277791798115,0.39468878507614136,85.0,0.195318803191185,133.0,0.19959361851215363,48.0,0.00827865581959486,0.0081005385145545,15.639602661132812,15.6730318069458,116.0,0.029178235679864883,0.002780443523079157,0.026397792622447014,86.0,0.01593862473964691,140.0,0.016179528087377548,54.0,0.00044132035691291094,0.0005416127969510853,1.3302090167999268,1.177284598350525,124.0,0.4323652982711792,0.1530221402645111,0.2793431580066681,100.0,0.2937295138835907,147.0,0.2932871878147125,47.0,0.005776491016149521,0.006046874448657036,18.198711395263672,10.853649139404297,True
1505059KIMSP,1,2021,1,Fungicide,False,217,True,85.0,0.5461686849594116,0.055944640189409256,0.49022403359413147,63.0,0.3047241270542145,106.0,0.30136755108833313,43.0,0.010974752716720104,0.011657197028398514,19.830245971679688,17.368682861328125,85.0,0.6481506824493408,0.1873399019241333,0.4608107805252075,62.0,0.416048139333725,109.0,0.4210461676120758,47.0,0.010091414675116539,0.009462688118219376,26.750377655029297,17.7580623626709,83.0,0.4278483986854553,-0.010787428356707096,0.43863582611083984,61.0,0.20228786766529083,103.0,0.20420773327350616,42.0,0.010252751410007477,0.011182033456861973,14.620088577270508,15.083948135375977,85.0,0.0270574651658535,0.002883035223931074,0.02417442947626114,63.0,0.014890773221850395,105.0,0.0151136489585042,42.0,0.0005530314520001411,0.000597190810367465,0.9650747179985046,0.8411042094230652,83.0,0.4768276810646057,0.22568893432617188,0.25113874673843384,62.0,0.3487934172153473,105.0,0.3501981794834137,43.0,0.006096869707107544,0.005755886435508728,18.91039276123047,8.980079650878906,True
1505059LEN2SP,0,2020,0,No,True,204,True,96.0,0.5947072505950928,0.07510717213153839,0.5196000933647156,72.0,0.3298526108264923,117.0,0.33586204051971436,45.0,0.011035609990358353,0.012325962074100971,22.71735382080078,19.26242446899414,94.0,0.6632815003395081,0.27447831630706787,0.3888031840324402,70.0,0.4671993553638458,116.0,0.47426173090934753,46.0,0.008170089684426785,0.008591807447373867,27.751371383666992,14.85089111328125,94.0,0.4559427797794342,0.004976118914783001,0.45096665620803833,70.0,0.2286054790019989,115.0,0.23142576217651367,45.0,0.009472387842833996,0.010691286996006966,17.05384063720703,16.824939727783203,96.0,0.034641217440366745,0.0030618864111602306,0.03157933056354523,68.0,0.019083166494965553,119.0,0.01840379647910595,51.0,0.0005556446849368513,0.0007059748168103397,1.5070964097976685,1.347878336906433,103.0,0.4419282376766205,0.1335332989692688,0.3083949387073517,78.0,0.2904040217399597,124.0,0.28275176882743835,46.0,0.006060968618839979,0.007579831872135401,18.011884689331055,11.735819816589355,True
1505059LEN3SP,0,2021,0,No,True,217,True,88.0,0.6151328086853027,0.06853826344013214,0.5465945601463318,65.0,0.3442913889884949,109.0,0.3359936475753784,44.0,0.011775714345276356,0.013292340561747551,22.862409591674805,19.778186798095703,88.0,0.7069171071052551,0.2490617334842682,0.45785537362098694,63.0,0.4828489422798157,110.0,0.4717034101486206,47.0,0.008962726220488548,0.01069153193384409,29.63042449951172,17.675460815429688,87.0,0.48449936509132385,-0.006151222623884678,0.49065059423446655,63.0,0.23487728834152222,107.0,0.24549826979637146,44.0,0.010400920175015926,0.01195005513727665,17.544031143188477,17.820837020874023,85.0,0.03373090177774429,0.003032805398106575,0.030698096379637718,63.0,0.018872404471039772,107.0,0.017925431951880455,44.0,0.0006753862253390253,0.0007184304413385689,1.256330132484436,1.1198538541793823,93.0,0.45504745841026306,0.11852466315031052,0.33652278780937195,68.0,0.28580915927886963,114.0,0.28741246461868286,46.0,0.00676953187212348,0.007982619106769562,18.317790985107422,12.747132301330566,True
1505059LEN4FP,0,2019,0,No,True,61,False,305.0,0.38015201687812805,0.22512295842170715,0.1550290584564209,0.0,,311.0,0.29671889543533325,311.0,,0.013905520550906658,2.178184986114502,0.7148857116699219,305.0,0.5285165905952454,0.41465431451797485,0.11386227607727051,0.0,,310.0,0.4725755751132965,310.0,,0.0111882034689188,2.7386598587036133,0.45806121826171875,305.0,0.24516409635543823,0.12557432055473328,0.11958977580070496,0.0,,310.0,0.1877128928899765,310.0,,0.011490240693092346,1.1757069826126099,0.48504823446273804,305.0,0.028173714876174927,0.017991196364164352,0.010182518512010574,0.0,,310.0,0.023437874391674995,310.0,,0.0009471680968999863,0.1407213658094406,0.041769787669181824,305.0,0.9363662600517273,0.6179057359695435,0.31846052408218384,0.0,,313.0,0.7772786617279053,313.0,,0.019885949790477753,7.241480827331543,1.9892821311950684,False
1505059LEN4FP,1,2020,0,No,True,366,False,272.0,0.669348955154419,0.06769850850105286,0.6016504764556885,250.0,0.3585919439792633,294.0,0.3600084185600281,44.0,0.014125318266451359,0.014060933142900467,24.719934463500977,21.67350196838379,273.0,0.6779119372367859,0.230157271027565,0.4477546811103821,250.0,0.45218732953071594,296.0,0.45491084456443787,46.0,0.00981411337852478,0.00969569943845272,27.750930786132812,16.93353843688965,271.0,0.4970934987068176,0.003035471076145768,0.4940580129623413,249.0,0.24252119660377502,292.0,0.25690826773643494,43.0,0.011571467854082584,0.011437391862273216,17.697154998779297,17.563594818115234,269.0,0.0452050045132637,0.0031955610029399395,0.042009443044662476,245.0,0.02464454434812069,293.0,0.02414204552769661,48.0,0.0008566858596168458,0.0008776232716627419,1.8395977020263672,1.68301522731781,264.0,0.6594361066818237,0.22903019189834595,0.4304059147834778,237.0,0.4449111223220825,310.0,0.44441503286361694,73.0,0.007945369929075241,0.0046743713319301605,43.83941650390625,26.891183853149414,True
1505059LEN4FP,2,2021,0,No,True,59,False,59.0,0.08606477081775665,0.07688818871974945,0.009176582098007202,47.0,0.0812610387802124,0.0,,-47.0,0.0004003109934274107,,0.0,0.0,59.0,0.3016306459903717,0.2602347731590271,0.041395872831344604,51.0,0.28124669194221497,0.0,,-51.0,0.0025479942560195923,,0.0,0.0,59.0,0.01806062087416649,0.01281184796243906,0.0052487729117274284,53.0,0.015502648428082466,0.0,,-53.0,0.00042632874101400375,,0.0,0.0,27.0,0.008775395341217518,0.004014789592474699,0.004760605748742819,9.0,0.006396586541086435,42.0,0.006290887016803026,33.0,0.00013215604121796787,0.00016563388635404408,0.26375532150268555,0.1272524744272232,59.0,0.3089959919452667,0.26029521226882935,0.04870077967643738,54.0,0.28261715173721313,0.0,,-54.0,0.005275768227875233,,0.0,0.0,False
1505059LEN5FP,0,2019,0,No,True,61,False,305.0,0.1450117975473404,0.11504337191581726,0.029968425631523132,0.0,,313.0,0.12955424189567566,313.0,,0.0019321944564580917,1.1628305912017822,0.18496191501617432,305.0,0.32201793789863586,0.3147878050804138,0.007230132818222046,0.0,,310.0,0.3180891275405884,310.0,,0.0007857620948925614,1.7592148780822754,0.027881979942321777,305.0,0.04739082604646683,0.033411893993616104,0.013978932052850723,0.0,,312.0,0.040242429822683334,312.0,,0.0010211995104327798,0.32671478390693665,0.07612559199333191,305.0,0.009284350089728832,0.008546308614313602,0.0007380414754152298,0.0,,350.0,0.008917661383748055,350.0,,8.14863778941799e-06,0.38727131485939026,-0.0015856921672821045,305.0,0.647807776927948,0.46422451734542847,0.18358325958251953,0.0,,313.0,0.5539347529411316,313.0,,0.01173412799835205,5.082182884216309,1.1362745761871338,False
1505059LEN5FP,1,2020,0,No,True,366,False,270.0,0.520227313041687,0.06389927864074707,0.45632803440093994,250.0,0.2889946401119232,291.0,0.29481056332588196,41.0,0.01156163401901722,0.010734130628407001,18.103322982788086,15.419553756713867,271.0,0.5712388157844543,0.22131158411502838,0.34992724657058716,250.0,0.39960959553718567,294.0,0.3965838551521301,44.0,0.008172820322215557,0.007593694142997265,22.618589401245117,12.659567832946777,270.0,0.37264004349708557,0.00022886173974256963,0.37241119146347046,249.0,0.18188677728176117,290.0,0.1853080838918686,41.0,0.009083488956093788,0.009366597980260849,12.553140640258789,12.54352855682373,270.0,0.04167507588863373,0.0031377929262816906,0.03853728249669075,247.0,0.022122491151094437,292.0,0.02233705297112465,45.0,0.0008501123520545661,0.0008790010469965637,1.5780515670776367,1.4337130784988403,269.0,0.6878343224525452,0.22336922585964203,0.46446508169174194,239.0,0.4504757225513458,307.0,0.4542185068130493,68.0,0.007911953143775463,0.006147784646600485,41.628910064697266,26.216434478759766,True
1505059LEN5FP,2,2021,0,No,True,59,False,43.0,0.0917229950428009,0.07568912953138351,0.01603386551141739,29.0,0.08386732637882233,59.0,0.08842040598392487,30.0,0.0005611191736534238,0.00020641181617975235,2.7360825538635254,0.4275641441345215,41.0,0.28612664341926575,0.23925238847732544,0.04687425494194031,26.0,0.26182204484939575,59.0,0.2656487822532654,33.0,0.0016203065169975162,0.001137658953666687,9.30862808227539,1.2936725616455078,44.0,0.015958884730935097,0.008637787774205208,0.007321096956729889,28.0,0.012072170153260231,59.0,0.014294135384261608,31.0,0.0002429196611046791,0.00011098328832304105,0.4715496301651001,0.19945931434631348,27.0,0.007841370068490505,0.003751011099666357,0.004090358968824148,9.0,0.005807847715914249,41.0,0.005769714713096619,32.0,0.00011297346645733342,0.0001479753846069798,0.2305103987455368,0.10672703385353088,49.0,0.2421363890171051,0.22920212149620056,0.012934267520904541,35.0,0.23582576215267181,59.0,0.23985709249973297,24.0,0.0004507590492721647,0.00022792964591644704,5.8850603103637695,0.2696084976196289,False
1505059LENAR4FP,0,2021,0,No,True,168,True,198.0,0.5818609595298767,0.31062954664230347,0.27123141288757324,0.0,,203.0,0.4480989873409271,203.0,,0.026752393692731857,2.797874689102173,1.0894122123718262,198.0,0.6324700713157654,0.3488168716430664,0.283653199672699,0.0,,206.0,0.4883657991886139,206.0,,0.018013034015893936,4.721493721008301,1.7565503120422363,198.0,0.37060466408729553,0.18198497593402863,0.1886196881532669,0.0,,287.0,0.2776675522327423,287.0,,0.0010442371712997556,13.362524032592773,-2.9251327514648438,278.0,0.036982934921979904,0.0064279078505933285,0.03055502660572529,255.0,0.021814923733472824,301.0,0.021914692595601082,46.0,0.0006594787701033056,0.0006551409605890512,1.463100552558899,1.1609889268875122,290.0,0.7202382683753967,0.3655685484409332,0.3546697199344635,253.0,0.5386264324188232,314.0,0.5466282367706299,61.0,0.004908428061753511,0.007233751472085714,41.113311767578125,18.448060989379883,True
1505059MR12PS,0,2021,0,No,False,30,True,336.0,0.09989409893751144,0.07588221877813339,0.024011880159378052,0.0,,342.0,0.08851616829633713,342.0,,0.0018963217735290527,0.6095063090324402,0.11627188324928284,336.0,0.3055576682090759,0.2475855052471161,0.05797216296195984,0.0,,342.0,0.2755360007286072,342.0,,0.0050036110915243626,1.8812068700790405,0.27190101146698,336.0,0.025144461542367935,0.013650259003043175,0.01149420253932476,0.0,,342.0,0.019546259194612503,342.0,,0.0009330337052233517,0.14384938776493073,0.055122703313827515,365.0,0.01685149408876896,0.00930042378604412,0.007551070302724838,358.0,0.012833229266107082,0.0,,-358.0,0.0005740378401242197,,0.0,0.0,336.0,0.30764251947402954,0.2768712639808655,0.030771255493164062,0.0,,341.0,0.29323190450668335,341.0,,0.0028821229934692383,1.6487892866134644,0.12599730491638184,False
1505059MR345PS,0,2021,0,No,True,30,True,336.0,0.09116096049547195,0.07219475507736206,0.018966205418109894,0.0,,342.0,0.08167096227407455,342.0,,0.0015816664090380073,0.5593100786209106,0.09004417061805725,336.0,0.30437132716178894,0.2500898838043213,0.05428144335746765,0.0,,342.0,0.2755736708641052,342.0,,0.004799609538167715,1.8777629137039185,0.2521786689758301,336.0,0.026229936629533768,0.014602284878492355,0.011627651751041412,0.0,,342.0,0.020540349185466766,342.0,,0.0009482645546086133,0.1505836546421051,0.055668801069259644,365.0,0.018890172243118286,0.011262505315244198,0.007627666927874088,358.0,0.014849395491182804,0.0,,-358.0,0.0005772538133896887,,0.0,0.0,365.0,0.2598964273929596,0.24363918602466583,0.016257241368293762,360.0,0.2511877119541168,0.0,,-360.0,0.0017417430644854903,,0.0,0.0,False
1505059MR3FP,0,2019,0,No,True,61,False,305.0,0.09620483219623566,0.09052044153213501,0.005684390664100647,0.0,,313.0,0.09335484355688095,313.0,,0.0003562485799193382,0.8050074577331543,0.0355837345123291,334.0,0.2863216996192932,0.2550816237926483,0.031240075826644897,321.0,0.27135470509529114,349.0,0.2702726125717163,28.0,0.0011513072531670332,0.0010699391132220626,8.116352081298828,0.7189850807189941,335.0,0.04015956073999405,0.024019721895456314,0.016139838844537735,321.0,0.03215460106730461,355.0,0.032210588455200195,34.0,0.000571782817132771,0.0003974486025981605,1.2850276231765747,0.4443373680114746,362.0,0.012955227866768837,0.010351734235882759,0.002603493630886078,349.0,0.011661332100629807,365.0,0.012797697447240353,16.0,9.953044354915619e-05,5.251013863016851e-05,0.20650836825370789,0.03570476174354553,305.0,0.38220319151878357,0.33173179626464844,0.05047139525413513,0.0,,312.0,0.3582274615764618,312.0,,0.00342510431073606,2.770803451538086,0.28281497955322266,False
1505059MR3FP,1,2020,0,No,True,366,False,303.0,0.6495879292488098,0.07143541425466537,0.5781525373458862,281.0,0.3513127267360687,325.0,0.3661155104637146,44.0,0.013557964004576206,0.012885109521448612,24.171653747558594,20.957059860229492,304.0,0.7183434367179871,0.19621357321739197,0.5221298933029175,281.0,0.4510534405708313,328.0,0.4564552307128906,47.0,0.011621303856372833,0.010912008583545685,29.567840576171875,20.14958953857422,302.0,0.526097297668457,-0.0015362503472715616,0.527633547782898,279.0,0.255700945854187,324.0,0.2537332773208618,45.0,0.011756363324820995,0.01238018274307251,19.38336753845215,19.45403480529785,301.0,0.041087135672569275,0.004944705404341221,0.03614243119955063,255.0,0.02311902865767479,329.0,0.023381363600492477,74.0,0.00039061103598214686,0.0006323489942587912,2.4606130123138428,2.0897600650787354,316.0,0.5852669477462769,0.19322407245635986,0.392042875289917,129.0,0.3883552551269531,336.0,0.39500632882118225,207.0,0.001053003710694611,0.009513030759990215,71.81092834472656,31.620319366455078,True
1505059MR3FP,2,2021,0,No,True,59,False,59.0,0.09145117551088333,0.0819036215543747,0.009547553956508636,51.0,0.08653426915407181,0.0,,-51.0,0.0006146132946014404,,0.0,0.0,59.0,0.28533658385276794,0.24261854588985443,0.04271803796291351,19.0,0.2646300196647644,0.0,,-19.0,0.0005176641279831529,,0.0,0.0,59.0,0.02258804813027382,0.01330255251377821,0.00928549561649561,18.0,0.018224157392978668,0.0,,-18.0,0.00010643636051099747,,0.0,0.0,25.0,0.009061973541975021,0.005211186595261097,0.0038507869467139244,6.0,0.007078175898641348,40.0,0.007169975433498621,34.0,0.00010441039921715856,0.00012613320723176003,0.2900902032852173,0.10769867897033691,59.0,0.35020148754119873,0.2776492238044739,0.07255226373672485,49.0,0.3153160810470581,0.0,,-49.0,0.0034885406494140625,,0.0,0.0,False
1505059MR45FP,0,2019,0,No,True,61,False,365.0,0.09382501989603043,0.09077201783657074,0.0030530020594596863,352.0,0.0923367440700531,0.0,,-352.0,0.00011448275472503155,,0.0,0.0,365.0,0.27971023321151733,0.2621074914932251,0.017602741718292236,360.0,0.2708434760570526,0.0,,-360.0,0.0017733514541760087,,0.0,0.0,365.0,0.035623710602521896,0.026281144469976425,0.009342566132545471,354.0,0.030722521245479584,0.0,,-354.0,0.0004455626767594367,,0.0,0.0,361.0,0.010435652919113636,0.008028215728700161,0.002407437190413475,348.0,0.009224900044500828,365.0,0.010285771451890469,17.0,9.313483315054327e-05,3.7470366805791855e-05,0.1753702461719513,0.03487648069858551,305.0,0.37595775723457336,0.3089452385902405,0.06701251864433289,0.0,,311.0,0.34324151277542114,311.0,,0.005452707409858704,2.3291263580322266,0.3209824562072754,False
1505059MR45FP,1,2020,0,No,True,366,False,303.0,0.6378264427185059,0.0676577091217041,0.5701687335968018,281.0,0.34714820981025696,325.0,0.3434488773345947,44.0,0.013212647289037704,0.013380798511207104,23.585092544555664,20.540494918823242,304.0,0.7032161951065063,0.1894019991159439,0.5138142108917236,281.0,0.4427325129508972,328.0,0.4419262707233429,47.0,0.01132537703961134,0.010887079872190952,28.878190994262695,19.786895751953125,302.0,0.5089256763458252,0.00010461266356287524,0.5088210701942444,280.0,0.2614455819129944,323.0,0.25951099395751953,43.0,0.01124909520149231,0.011876889504492283,18.19620704650879,18.191604614257812,294.0,0.0440363883972168,0.004556990694254637,0.03947939723730087,261.0,0.02425013668835163,323.0,0.024696601554751396,62.0,0.0005995833780616522,0.0006668891874141991,2.2948923110961914,2.0078017711639404,312.0,0.5572468042373657,0.16787967085838318,0.38936713337898254,285.0,0.3634576201438904,336.0,0.3583761155605316,51.0,0.0071773771196603775,0.008286278694868088,25.079544067382812,16.34980010986328,True
1505059MR45FP,2,2021,0,No,True,59,False,26.0,0.09093594551086426,0.07453612238168716,0.016399823129177094,13.0,0.08246076107025146,42.0,0.08288709074258804,29.0,0.0006519372691400349,0.0005030534230172634,2.6321141719818115,0.3960306644439697,25.0,0.2617688477039337,0.20788338780403137,0.053885459899902344,13.0,0.2360539734363556,41.0,0.2337571382522583,28.0,0.0021429061889648438,0.0017507318407297134,7.280120372772217,1.2515020370483398,59.0,0.021800225600600243,0.012836859561502934,0.008963366039097309,15.0,0.01700642518699169,0.0,,-15.0,0.00010895000741584226,,0.0,0.0,23.0,0.008935400284826756,0.004714841954410076,0.004220558330416679,2.0,0.006813554093241692,39.0,0.006721834652125835,37.0,0.00010104029206559062,0.0001383478520438075,0.3079114556312561,0.12874746322631836,59.0,0.30732256174087524,0.250539094209671,0.056783467531204224,39.0,0.2800992429256439,0.0,,-39.0,0.0013611658941954374,,0.0,0.0,False
1505059MRCH12SP,0,2020,1,Herbicide,False,178,True,106.0,0.7323067784309387,0.07348208129405975,0.6588246822357178,82.0,0.39333096146583557,127.0,0.39685094356536865,45.0,0.014123992063105106,0.01597408764064312,27.63468360900879,24.25450897216797,105.0,0.7561383843421936,0.2539403438568115,0.5021980404853821,81.0,0.4995693862438202,129.0,0.5055244565010071,48.0,0.010690375231206417,0.010442246682941914,32.23007583618164,19.786998748779297,103.0,0.5527111887931824,0.0003285584971308708,0.5523826479911804,80.0,0.2769312858581543,124.0,0.27459102869033813,44.0,0.011990430764853954,0.013243816792964935,20.072425842285156,20.057640075683594,105.0,0.035892706364393234,0.005287173204123974,0.030605532228946686,75.0,0.02066730335354805,128.0,0.02110672928392887,53.0,0.0005075134104117751,0.0006428685737773776,1.6452953815460205,1.359787940979004,115.0,0.5676247477531433,0.13742631673812866,0.43019843101501465,89.0,0.34694743156433105,135.0,0.3583618700504303,46.0,0.008487588725984097,0.010463143698871136,22.808513641357422,16.349475860595703,True
1505059MTVIEWSP,0,2019,0,No,True,61,False,365.0,0.09766119718551636,0.09096309542655945,0.006698101758956909,361.0,0.09401693940162659,0.0,,-361.0,0.0009110644459724426,,0.0,0.0,314.0,0.2720300555229187,0.26554471254348755,0.006485342979431152,305.0,0.2712824046611786,327.0,0.26884332299232483,22.0,8.307231473736465e-05,0.0002451332693453878,6.101597785949707,0.12684154510498047,365.0,0.03866647183895111,0.02739148586988449,0.01127498596906662,360.0,0.03251730278134346,0.0,,-360.0,0.0012298338115215302,,0.0,0.0,340.0,0.0062543717212975025,0.003748299553990364,0.0025060721673071384,325.0,0.005057592876255512,365.0,0.005477109923958778,40.0,7.9785255366005e-05,3.1090472475625575e-05,0.23704911768436432,0.08524300158023834,305.0,0.32352879643440247,0.24236169457435608,0.08116710186004639,0.0,,316.0,0.2826001048088074,316.0,,0.003720790147781372,3.4784743785858154,0.6913149356842041,False
1505059MTVIEWSP,1,2020,0,No,True,366,False,110.0,0.7616612911224365,0.07037235796451569,0.691288948059082,87.0,0.425504207611084,132.0,0.4049912393093109,45.0,0.014615525491535664,0.016212275251746178,28.906261444091797,25.669132232666016,110.0,0.754835844039917,0.21879765391349792,0.5360381603240967,83.0,0.48340725898742676,133.0,0.4807025194168091,50.0,0.010052911005914211,0.011918839998543262,33.10274124145508,21.944061279296875,109.0,0.5694611668586731,0.0037879617884755135,0.5656732320785522,84.0,0.2842560410499573,130.0,0.28654688596725464,46.0,0.011408205144107342,0.013472108170390129,21.671478271484375,21.493444442749023,108.0,0.037229906767606735,0.0034878512378782034,0.03374205529689789,76.0,0.020071035251021385,132.0,0.02032066136598587,56.0,0.0005362147348932922,0.0007045518723316491,1.771775484085083,1.5729680061340332,112.0,0.580552339553833,0.22272908687591553,0.3578232526779175,78.0,0.39865580201148987,142.0,0.4028652608394623,64.0,0.005349898245185614,0.005922902841120958,33.92039489746094,19.443004608154297,True
1505059MTVIEWSP,2,2021,0,No,True,59,False,59.0,0.13567548990249634,0.10537198185920715,0.030303508043289185,49.0,0.12032884359359741,0.0,,-49.0,0.001534664654172957,,0.0,0.0,59.0,0.3347705006599426,0.2779166102409363,0.05685389041900635,50.0,0.3056395947933197,0.0,,-50.0,0.0032367673702538013,,0.0,0.0,59.0,0.05772126838564873,0.038478828966617584,0.019242439419031143,51.0,0.047554630786180496,0.0,,-51.0,0.001270829699933529,,0.0,0.0,32.0,0.008577949367463589,0.00604141503572464,0.002536534331738949,19.0,0.007266002241522074,59.0,0.007840440608561039,40.0,0.0001009190091281198,2.731513995968271e-05,0.32837650179862976,0.08369919657707214,59.0,0.39640486240386963,0.38002511858940125,0.016379743814468384,53.0,0.3874792456626892,0.0,,-53.0,0.001487602829001844,,0.0,0.0,False
1505059MTVWFP,0,2021,0,No,True,168,True,311.0,0.5417801737785339,0.060194943100214005,0.48158523440361023,287.0,0.3026261329650879,338.0,0.2992594242095947,51.0,0.00996475201100111,0.008982249535620213,23.328781127929688,20.198644638061523,309.0,0.6149812340736389,0.19120265543460846,0.42377859354019165,284.0,0.4076210856437683,342.0,0.4023405909538269,58.0,0.008294406346976757,0.006443656049668789,31.637067794799805,20.356109619140625,309.0,0.4374941289424896,-0.0014119702391326427,0.43890610337257385,285.0,0.22072578966617584,336.0,0.2212149202823639,51.0,0.009032013826072216,0.008010340854525566,18.3867244720459,18.460147857666016,308.0,0.04078907519578934,0.008940359577536583,0.031848713755607605,285.0,0.025146471336483955,333.0,0.02526414394378662,48.0,0.000680113211274147,0.0006209972780197859,1.7070475816726685,1.2689698934555054,336.0,0.7082713842391968,0.42280346155166626,0.2854679226875305,277.0,0.5671136975288391,365.0,0.5897320508956909,88.0,0.002392503200098872,0.0040875631384551525,56.768226623535156,19.35013198852539,True
1505059NSABOSP,0,2020,1,Herbicide,False,189,True,102.0,0.5270911455154419,0.07617629319429398,0.4509148597717285,83.0,0.30793842673301697,122.0,0.2957212030887604,39.0,0.011534353718161583,0.011568496935069561,17.47654151916504,14.429490089416504,102.0,0.6173531413078308,0.26800864934921265,0.34934449195861816,83.0,0.4380023181438446,121.0,0.44832783937454224,38.0,0.009439516812562943,0.008896068669855595,21.39320182800293,10.940864562988281,100.0,0.39758989214897156,0.0075664278119802475,0.39002346992492676,81.0,0.20283418893814087,119.0,0.20282645523548126,38.0,0.010250300168991089,0.010250707156956196,12.50234317779541,12.207252502441406,103.0,0.03292210400104523,0.004379228223115206,0.02854287624359131,77.0,0.01901598460972309,124.0,0.018809190019965172,47.0,0.0005348507547751069,0.0006720435339957476,1.3242199420928955,1.1140170097351074,109.0,0.6481984853744507,0.29241710901260376,0.3557813763618469,82.0,0.46484825015068054,134.0,0.47098588943481445,52.0,0.00679074926301837,0.007088503800332546,30.844057083129883,15.345951080322266,True
1505059PALA2FP,0,2021,0,No,False,168,True,278.0,0.6239855885505676,0.0663992315530777,0.5575863718986511,256.0,0.35062411427497864,300.0,0.34831443428993225,44.0,0.01242552138864994,0.01253050658851862,23.231040954589844,20.24307632446289,282.0,0.704473078250885,0.21516364812850952,0.4893094301223755,257.0,0.4595038592815399,306.0,0.45761460065841675,49.0,0.009798768907785416,0.01028576958924532,30.516273498535156,19.75809097290039,280.0,0.5178674459457397,0.0007126817363314331,0.5171547532081604,256.0,0.2547905147075653,302.0,0.25671347975730896,46.0,0.01096153911203146,0.011870634742081165,19.603782653808594,19.57028579711914,295.0,0.04584196209907532,0.004563317634165287,0.041278645396232605,260.0,0.025330500677227974,315.0,0.02577451802790165,55.0,0.0005860417732037604,0.0010033722501248121,2.0908331871032715,1.8352874517440796,299.0,0.7349759340286255,0.13239045441150665,0.60258549451828,271.0,0.43724676966667175,322.0,0.4402458071708679,51.0,0.01063318457454443,0.012814353220164776,32.072811126708984,25.188507080078125,True
1505059PALA3FP,0,2021,0,No,False,56,True,48.0,0.17917534708976746,0.12425282597541809,0.054922521114349365,36.0,0.1528727114200592,56.0,0.16515584290027618,20.0,0.002191886305809021,0.001752438023686409,3.505479097366333,0.9582962989807129,1.0,0.30925115942955017,0.292884886264801,0.016366273164749146,0.0,,5.0,0.30039018392562866,5.0,,0.002215243875980377,1.3693686723709106,0.05138671398162842,48.0,0.07086994498968124,0.03932608664035797,0.03154385834932327,36.0,0.054618485271930695,56.0,0.06173703446984291,20.0,0.0013542883098125458,0.0011416138149797916,1.3466465473175049,0.5404618978500366,1.0,0.004124591127038002,0.0039905342273414135,0.00013405689969658852,0.0,,7.0,0.0040580714121460915,7.0,,1.108661945181666e-05,0.02657589316368103,0.0006374195218086243,1.0,0.38205355405807495,0.26373714208602905,0.1183164119720459,0.0,,7.0,0.3237871825695038,7.0,,0.009711061604321003,2.2796175479888916,0.5653260946273804,False
1505059PALA3FP,1,2021,0,No,False,168,True,279.0,0.6151714324951172,0.07493437081575394,0.5402370691299438,257.0,0.3523886203765869,301.0,0.3371638059616089,44.0,0.011944673024117947,0.012636709958314896,22.89910125732422,19.527053833007812,282.0,0.7037590742111206,0.22333452105522156,0.48042455315589905,258.0,0.4696815311908722,305.0,0.4681522250175476,47.0,0.009753230959177017,0.010243776254355907,29.445205688476562,18.725149154663086,280.0,0.5148206353187561,0.0050100479274988174,0.5098105669021606,257.0,0.2615954577922821,301.0,0.2618810832500458,44.0,0.011009790003299713,0.012044740840792656,18.765230178833008,18.539777755737305,295.0,0.0469210110604763,0.005135491956025362,0.04178551957011223,262.0,0.025970805436372757,315.0,0.02629871293902397,53.0,0.0006348547176457942,0.0010311149526387453,2.069315195083618,1.7919986248016357,298.0,0.7307048439979553,0.13440051674842834,0.5963042974472046,270.0,0.4261534512042999,323.0,0.43370765447616577,53.0,0.010876835323870182,0.01187988743185997,32.97386169433594,25.71623420715332,True
1505059PALA4FP,0,2021,0,No,False,56,True,49.0,0.16170349717140198,0.12580808997154236,0.03589540719985962,38.0,0.14324192702770233,56.0,0.15198934078216553,18.0,0.0016783245373517275,0.0013877366436645389,2.884779691696167,0.5573301315307617,1.0,0.3403877913951874,0.31028953194618225,0.030098259449005127,0.0,,5.0,0.32612842321395874,5.0,,0.0035648420453071594,1.4959652423858643,0.09966230392456055,49.0,0.06123900040984154,0.041512854397296906,0.019726146012544632,38.0,0.05080067738890648,56.0,0.0543319471180439,18.0,0.0009489384829066694,0.0009867219487205148,1.069328784942627,0.3013409972190857,56.0,0.005197953432798386,0.004156782757490873,0.0010411706753075123,49.0,0.0046965512447059155,0.0,,-49.0,7.162888505263254e-05,,0.0,0.0,56.0,0.2931798994541168,0.21548455953598022,0.0776953399181366,48.0,0.25199949741363525,0.0,,-48.0,0.005147550255060196,,0.0,0.0,False
1505059PALA4FP,1,2021,0,No,False,168,True,281.0,0.506208062171936,0.08002357184886932,0.4261844754219055,259.0,0.292788565158844,302.0,0.2913462519645691,43.0,0.009700885973870754,0.01023151446133852,18.511600494384766,14.99056339263916,284.0,0.6252899765968323,0.22202080488204956,0.4032691717147827,261.0,0.42797279357910156,305.0,0.4248863458633423,44.0,0.008579008281230927,0.009543029591441154,24.581893920898438,14.590957641601562,282.0,0.42372143268585205,0.008099321275949478,0.41562211513519287,259.0,0.21102303266525269,302.0,0.2162221521139145,43.0,0.00924775656312704,0.010374964214861393,14.982312202453613,14.62594223022461,294.0,0.03841269761323929,0.005430976860225201,0.03298171982169151,262.0,0.02171437442302704,314.0,0.02144056186079979,52.0,0.0005218225996941328,0.0008486068109050393,1.6742987632751465,1.3864569664001465,299.0,0.5356155633926392,0.12360703945159912,0.41200852394104004,273.0,0.3289620578289032,323.0,0.3260382413864136,50.0,0.007948211394250393,0.008732388727366924,23.035051345825195,16.73109245300293,True
1505059PALLA2FP,0,2020,0,No,False,1,True,,,,,,,,,,,,,,,,,,,,,,,,,,,,,,,,,,,,,,,,,,,,,,,,,,,,,,,,,,,,,,,,,,False
1505059PALLA4FP,0,2020,1,Mixed,False,366,True,88.0,0.7039040923118591,0.11046800017356873,0.5934361219406128,23.0,0.40505343675613403,122.0,0.41290584206581116,99.0,0.004597702529281378,0.008558772504329681,60.41343688964844,49.36663818359375,87.0,0.8425291776657104,0.2811213433742523,0.5614078044891357,22.0,0.5615150928497314,124.0,0.560364305973053,102.0,0.004323293454945087,0.007626077625900507,77.76551818847656,48.810020446777344,85.0,0.6583048701286316,0.024927331134676933,0.6333775520324707,23.0,0.3388001024723053,121.0,0.3461431562900543,98.0,0.005153302568942308,0.00867115892469883,54.85547637939453,52.387672424316406,286.0,0.027931801974773407,0.0035835723392665386,0.02434822916984558,261.0,0.015662768855690956,308.0,0.015502640046179295,47.0,0.0004907613038085401,0.0005649619270116091,1.1049989461898804,0.9329874515533447,107.0,0.7413700819015503,0.23598283529281616,0.5053872466087341,37.0,0.4891068637371063,328.0,0.48796209692955017,291.0,0.003603760153055191,0.001146642491221428,134.4112548828125,65.50425720214844,True
1505059PALLA5SP,0,2021,0,No,False,297,True,121.0,0.726855993270874,0.018168160691857338,0.7086878418922424,98.0,0.3819165825843811,144.0,0.38305240869522095,46.0,0.01499736588448286,0.0149479815736413,27.929895401000977,27.075992584228516,121.0,0.7521349191665649,0.15231770277023315,0.5998172163963318,97.0,0.4606441855430603,148.0,0.45398375391960144,51.0,0.012145447544753551,0.011042635887861252,33.157630920410156,25.237110137939453,120.0,0.5430073142051697,-0.04191476106643677,0.5849220752716064,97.0,0.2590283751487732,142.0,0.2531113624572754,45.0,0.012346910312771797,0.013177088461816311,19.946149826049805,21.874229431152344,127.0,0.04249107837677002,0.0004818718880414963,0.042009204626083374,100.0,0.021375132724642754,151.0,0.02120884507894516,51.0,0.0007820720784366131,0.0008867597207427025,1.7883691787719727,1.7633118629455566,134.0,0.7192768454551697,0.14602988958358765,0.573246955871582,104.0,0.4322963356971741,289.0,0.4323943853378296,185.0,0.009566017426550388,0.001850854605436325,87.03666687011719,59.87510681152344,True
1505059PALLA6SP,0,2021,0,No,False,297,True,124.0,0.7602213025093079,0.019596805796027184,0.7406244874000549,99.0,0.38495537638664246,148.0,0.4001399874687195,49.0,0.015010637231171131,0.015003387816250324,30.999385833740234,30.01954460144043,124.0,0.7713788747787476,0.15245592594146729,0.6189229488372803,98.0,0.46204614639282227,152.0,0.4680336117744446,54.0,0.011897413060069084,0.010833759792149067,35.95410919189453,27.569032669067383,123.0,0.570805549621582,-0.038691774010658264,0.6094973087310791,98.0,0.2608317732810974,146.0,0.2677222192287445,48.0,0.012398950755596161,0.013177536427974701,22.29990005493164,24.195796966552734,129.0,0.04251385107636452,0.001030833926051855,0.041483018547296524,101.0,0.022283442318439484,153.0,0.021946601569652557,52.0,0.0007225145818665624,0.0008569687488488853,1.8461713790893555,1.7915371656417847,134.0,0.6635432839393616,0.10156039148569107,0.5619828701019287,104.0,0.37635183334350586,296.0,0.38244274258613586,192.0,0.00957304798066616,0.0017351885326206684,83.01978302001953,63.41862487792969,True
1505059PALLAFP,0,2020,1,Mixed,False,224,True,279.0,0.5942564010620117,0.06548988819122314,0.5287665128707886,256.0,0.32243525981903076,304.0,0.3259717524051666,48.0,0.011818310245871544,0.01073138602077961,24.22467041015625,21.015666961669922,281.0,0.6221370697021484,0.22910593450069427,0.39303112030029297,257.0,0.4236101508140564,305.0,0.48349589109420776,48.0,0.008271954953670502,0.0057767159305512905,27.546367645263672,16.32017707824707,277.0,0.4527709186077118,-0.011846250854432583,0.46461716294288635,255.0,0.2223680317401886,301.0,0.21766549348831177,46.0,0.01047285832464695,0.00979605969041586,17.218448638916016,17.775222778320312,281.0,0.04266972839832306,0.004460039548575878,0.038209687918424606,255.0,0.023585207760334015,305.0,0.027972854673862457,50.0,0.0007340200245380402,0.0006123697385191917,1.857993483543396,1.6305314302444458,300.0,0.6958050727844238,0.16731572151184082,0.528489351272583,268.0,0.4252290427684784,305.0,0.6842268109321594,37.0,0.008455500937998295,0.002315652323886752,22.9190673828125,16.56106948852539,True
1505059PALLAFP,1,2021,0,No,False,139,True,285.0,0.7398610711097717,0.030569622293114662,0.7092914581298828,257.0,0.38385316729545593,312.0,0.3861902356147766,55.0,0.012714567594230175,0.01309891976416111,34.011539459228516,32.29964065551758,286.0,0.7385468482971191,0.20644181966781616,0.532105028629303,256.0,0.4687245190143585,313.0,0.4735846519470215,57.0,0.008994077332317829,0.009813414886593819,37.1047248840332,25.1310977935791,283.0,0.5547221899032593,-0.03476055711507797,0.5894827246665955,255.0,0.26583442091941833,311.0,0.26593610644340515,56.0,0.010317420586943626,0.010313788428902626,25.505176544189453,27.486528396606445,294.0,0.037816062569618225,0.001904945238493383,0.03591111674904823,249.0,0.019787991419434547,321.0,0.01925521343946457,72.0,0.0004006238013971597,0.0006874388782307506,2.3608920574188232,2.2218310832977295,296.0,0.6147308945655823,0.20757246017456055,0.40715843439102173,265.0,0.40466031432151794,325.0,0.40736648440361023,60.0,0.006776470225304365,0.007150496821850538,32.962074279785156,20.300155639648438,True
1505059PANAMASP,0,2021,0,No,True,217,True,92.0,0.6862075328826904,0.05980052798986435,0.6264070272445679,69.0,0.3635270297527313,113.0,0.3703646659851074,44.0,0.01402958668768406,0.015040136873722076,25.281932830810547,22.59090805053711,92.0,0.7491482496261597,0.209920734167099,0.5392274856567383,68.0,0.48436278104782104,114.0,0.4781306982040405,46.0,0.011032727546989918,0.012318979948759079,30.33864974975586,20.472373962402344,91.0,0.5388498306274414,-0.007245674729347229,0.5460954904556274,68.0,0.26888829469680786,111.0,0.2732166349887848,43.0,0.011737458407878876,0.01328166015446186,19.189525604248047,19.50833511352539,89.0,0.036602649837732315,0.0027768537402153015,0.033825796097517014,63.0,0.01970277726650238,113.0,0.02000359818339348,50.0,0.0006499951123259962,0.0006916271522641182,1.5540077686309814,1.4123882055282593,95.0,0.627181351184845,0.29191917181015015,0.3352621793746948,64.0,0.46099168062210083,120.0,0.4597124755382538,56.0,0.005360957235097885,0.006698755081743002,32.2065544128418,15.567161560058594,True
1505059PET1P,0,2020,0,No,False,94,True,72.0,0.10141418874263763,0.08723288029432297,0.014181308448314667,60.0,0.09459619969129562,94.0,0.09588181227445602,34.0,0.0005681657348759472,0.00025147164706140757,3.405161142349243,0.3956270217895508,59.0,0.26962828636169434,0.23931390047073364,0.030314385890960693,40.0,0.2542603313922882,79.0,0.2544667720794678,39.0,0.0008088397444225848,0.0007580757373943925,10.552120208740234,0.9795646667480469,69.0,0.020029978826642036,0.005772152915596962,0.014257825911045074,54.0,0.013063346967101097,85.0,0.012951735407114029,31.0,0.0004644421278499067,0.00044239021372050047,0.5465669631958008,0.361858069896698,75.0,0.018414033576846123,0.007418378256261349,0.010995655320584774,60.0,0.012734056450426579,89.0,0.012836582027375698,29.0,0.00037866513594053686,0.0003983893839176744,0.4857169985771179,0.2631656527519226,67.0,0.40905100107192993,0.2633259892463684,0.14572501182556152,45.0,0.33363887667655945,85.0,0.33634236454963684,40.0,0.0034278237726539373,0.004039368592202663,15.625449180603027,4.829083442687988,False
1505059PET1SP,0,2020,0,No,False,61,False,306.0,0.7114612460136414,0.173781156539917,0.5376800894737244,0.0,,349.0,0.43845072388648987,349.0,,0.006349082104861736,27.3701171875,19.72374725341797,313.0,0.764417290687561,0.3286055326461792,0.43581175804138184,306.0,0.763312816619873,348.0,0.5524546504020691,42.0,0.00015778200759086758,0.0060560754500329494,30.15776252746582,16.192028045654297,313.0,0.5816811323165894,0.1011081337928772,0.48057299852371216,306.0,0.5804504752159119,349.0,0.3458251357078552,43.0,0.00017580816347617656,0.00655155535787344,22.668006896972656,18.26980209350586,329.0,0.026062842458486557,0.011594567447900772,0.014468275010585785,306.0,0.025828836485743523,355.0,0.018529029563069344,49.0,1.0174172530241776e-05,0.00028976204339414835,1.2270902395248413,0.6531591415405273,337.0,1.0321842432022095,0.5374707579612732,0.4947134852409363,306.0,0.7969218492507935,355.0,0.7909409999847412,49.0,0.00758910970762372,0.013402402400970459,46.484901428222656,19.880096435546875,True
1505059PET1SP,1,2021,1,Fungicide,False,365,False,111.0,0.4222582280635834,0.07147393375635147,0.3507843017578125,86.0,0.25005674362182617,138.0,0.24911747872829437,52.0,0.0068880594335496426,0.006412620190531015,18.7100830078125,14.921964645385742,108.0,0.5971447229385376,0.2369488775730133,0.3601958453655243,85.0,0.4138263463973999,135.0,0.41816285252571106,50.0,0.007970363833010197,0.0066289580427110195,26.763050079345703,14.678658485412598,108.0,0.33975306153297424,-0.00037871801760047674,0.3401317894458771,85.0,0.16985978186130524,133.0,0.17163586616516113,48.0,0.007386664394289255,0.00672468775883317,13.340472221374512,13.359029769897461,112.0,0.03533458337187767,0.004438169300556183,0.030896414071321487,83.0,0.019802063703536987,141.0,0.02015470713376999,58.0,0.0005356041365303099,0.0005234440322965384,1.7422155141830444,1.4803634881973267,123.0,0.7010247707366943,0.25816577672958374,0.4428589940071106,89.0,0.4788954555988312,291.0,0.4797007739543915,202.0,0.0065332152880728245,0.0013174047926440835,107.93830108642578,55.5306396484375,True
1505059PET1SP,2,2022,0,No,False,59,False,59.0,0.10397740453481674,0.0925845056772232,0.011392898857593536,31.0,0.0982360988855362,0.0,,-31.0,0.00020504662825260311,,0.0,0.0,36.0,0.2828654646873474,0.25799673795700073,0.02486872673034668,14.0,0.2709590196609497,56.0,0.2700235843658447,42.0,0.000541202025488019,0.0006420940044336021,11.977337837219238,0.8834772109985352,15.0,0.021223394200205803,0.01415081974118948,0.007072574459016323,2.0,0.017486589029431343,35.0,0.017705420032143593,33.0,0.0002874465426430106,0.00017589870549272746,0.6704849004745483,0.18935704231262207,59.0,0.01469508744776249,0.010078242048621178,0.004616845399141312,53.0,0.012391829863190651,0.0,,-53.0,0.0003838762640953064,,0.0,0.0,59.0,0.3166801631450653,0.27986806631088257,0.03681209683418274,33.0,0.29800739884376526,0.0,,-33.0,0.0007181832334026694,,0.0,0.0,False
1505059PET2SP,0,2020,1,Herbicide,False,227,True,134.0,0.5673386454582214,0.08301599323749542,0.4843226671218872,110.0,0.3190748393535614,159.0,0.3230659067630768,49.0,0.010344325564801693,0.009770909324288368,23.7152099609375,19.564411163330078,135.0,0.6802979111671448,0.232794389128685,0.4475035071372986,111.0,0.45492956042289734,161.0,0.4617658853530884,50.0,0.009390347637236118,0.008405078202486038,30.366104125976562,18.49359130859375,134.0,0.4515785276889801,0.0006466164486482739,0.4509319067001343,110.0,0.22709964215755463,157.0,0.22284768521785736,47.0,0.00935328658670187,0.009944818913936615,17.587791442871094,17.556753158569336,140.0,0.0409432016313076,0.006235575769096613,0.03470762446522713,109.0,0.02329927496612072,163.0,0.022968923673033714,54.0,0.0005691589321941137,0.0007814903510734439,1.888645052909851,1.5456883907318115,149.0,0.7861583828926086,0.2727474868297577,0.5134109258651733,111.0,0.5320740342140198,183.0,0.5271316170692444,72.0,0.006686430424451828,0.007618434261530638,50.4227180480957,30.51215171813965,True
1505059PET3SP,0,2020,1,Herbicide,False,227,True,131.0,0.6398417353630066,0.05979327857494354,0.5800484418869019,107.0,0.3570705056190491,156.0,0.34479981660842896,49.0,0.011782134883105755,0.011801676824688911,26.526988983154297,23.537324905395508,132.0,0.7144424915313721,0.1961265206336975,0.5183159708976746,106.0,0.4551420509815216,159.0,0.454616516828537,53.0,0.009973093867301941,0.009623183868825436,33.20185852050781,22.611026763916016,130.0,0.5001416802406311,-0.018093449994921684,0.5182351469993591,106.0,0.2419898808002472,154.0,0.23852850496768951,48.0,0.010756324976682663,0.010900549590587616,19.723066329956055,20.60964584350586,137.0,0.04045943543314934,0.004446790087968111,0.036012645810842514,105.0,0.022261807695031166,160.0,0.02216050587594509,55.0,0.0005686758668161929,0.0007956056506372988,1.8944891691207886,1.6454689502716064,148.0,0.7474567294120789,0.2778158187866211,0.46964091062545776,106.0,0.5091495513916016,178.0,0.5102818608283997,72.0,0.005673980340361595,0.007905828766524792,47.87628173828125,27.595726013183594,True
1505059PET4SP,0,2020,1,Herbicide,False,189,True,129.0,0.5468676090240479,0.08397557586431503,0.4628920257091522,104.0,0.3140212893486023,153.0,0.3172927796840668,49.0,0.009313852526247501,0.009565617889165878,22.949813842773438,18.751033782958984,129.0,0.6491681337356567,0.24179595708847046,0.4073721766471863,103.0,0.4420444965362549,154.0,0.4451335072517395,51.0,0.007966293953359127,0.008161384612321854,29.681446075439453,17.108055114746094,127.0,0.4285869002342224,0.002284702844917774,0.4263021945953369,102.0,0.2141818106174469,152.0,0.21019183099269867,50.0,0.008576203137636185,0.008735802955925465,17.703445434570312,17.586925506591797,136.0,0.04017717391252518,0.003646783996373415,0.03653039038181305,103.0,0.022176099941134453,159.0,0.02246743068099022,56.0,0.0005454870988614857,0.0007699888083152473,1.8992339372634888,1.691367268562317,147.0,0.789189338684082,0.2815687656402588,0.5076205730438232,108.0,0.5370914936065674,174.0,0.5366479158401489,66.0,0.006464047357439995,0.009353386238217354,46.394134521484375,27.52902603149414,True
1505059PET4SP,1,2021,1,Herbicide,False,313,True,113.0,0.5555903315544128,0.07939648628234863,0.4761938452720642,90.0,0.3100395202636719,134.0,0.3252597451210022,44.0,0.010676122270524502,0.010968123562633991,20.8978214263916,17.324979782104492,112.0,0.6760002970695496,0.2409307211637497,0.43506956100463867,90.0,0.4625641405582428,135.0,0.4611029326915741,45.0,0.009701643139123917,0.009343363344669342,27.354389190673828,16.271575927734375,112.0,0.4407287836074829,-0.006331432610750198,0.447060227394104,89.0,0.2152346670627594,133.0,0.21006353199481964,44.0,0.009804092347621918,0.010984059423208237,15.93110466003418,16.216018676757812,114.0,0.03651392087340355,0.0033897031098604202,0.03312421590089798,88.0,0.019999900832772255,136.0,0.020294038578867912,48.0,0.0006351546035148203,0.0007372673717327416,1.491059422492981,1.324963927268982,124.0,0.6667935252189636,0.2566041350364685,0.4101893901824951,91.0,0.4613725543022156,294.0,0.4560360610485077,203.0,0.006224878132343292,0.0012397498358041048,119.78803253173828,67.44078063964844,True
1505059PET5SP,0,2020,1,Herbicide,False,189,True,130.0,0.727712094783783,0.1005396693944931,0.6271724104881287,106.0,0.41074100136756897,154.0,0.4074990153312683,48.0,0.013207129202783108,0.013342211954295635,29.76882553100586,24.84238052368164,130.0,0.7679550051689148,0.2738793194293976,0.4940756857395172,106.0,0.5234279632568359,155.0,0.5273803472518921,49.0,0.010188627056777477,0.009622986428439617,33.84833908081055,20.154373168945312,129.0,0.5756105780601501,0.007844718173146248,0.5677658319473267,105.0,0.2957982122898102,152.0,0.2978762984275818,47.0,0.011658848263323307,0.012075403705239296,22.629745483398438,22.253198623657227,138.0,0.04234877973794937,0.006415173411369324,0.03593360632658005,105.0,0.024597104638814926,160.0,0.024740155786275864,55.0,0.0005379295325838029,0.0008003920083865523,2.0148799419403076,1.6556302309036255,151.0,0.7549579739570618,0.3623412847518921,0.3926166892051697,111.0,0.5608357191085815,184.0,0.5604237914085388,73.0,0.004853056278079748,0.005894975271075964,48.91703414916992,22.103776931762695,True
1505059PET5SP,1,2021,1,Herbicide,False,313,True,115.0,0.6411471962928772,0.08262524008750916,0.5585219860076904,90.0,0.35798805952072144,139.0,0.35962575674057007,49.0,0.011326365172863007,0.01173005998134613,26.712669372558594,22.58140754699707,114.0,0.730984628200531,0.24377045035362244,0.48721417784690857,89.0,0.4873305857181549,140.0,0.4835223853588104,51.0,0.009746161289513111,0.009517778642475605,33.21449279785156,20.538429260253906,113.0,0.5078755021095276,-0.00207345699891448,0.5099489688873291,89.0,0.25401121377944946,137.0,0.2516475021839142,48.0,0.010577678680419922,0.010676166974008083,20.186542510986328,20.28814125061035,123.0,0.03945710137486458,0.00348725076764822,0.035969849675893784,90.0,0.021771540865302086,147.0,0.021917566657066345,57.0,0.0005359260831028223,0.0007308139465749264,1.8995023965835571,1.6972417831420898,271.0,0.7403390407562256,0.3563788831233978,0.38396015763282776,187.0,0.5492541193962097,299.0,0.5479081273078918,112.0,0.0022748205810785294,0.006872532423585653,71.41375732421875,31.1429443359375,True
1505059PETR2FP,0,2021,0,No,False,131,True,314.0,0.25056466460227966,0.07970143109560013,0.17086324095726013,292.0,0.16665488481521606,342.0,0.16488055884838104,50.0,0.003814080962911248,0.003060146700590849,11.168296813964844,7.1035237312316895,309.0,0.373740017414093,0.22232922911643982,0.1514107882976532,287.0,0.29756373167037964,345.0,0.29717904329299927,58.0,0.0034625583793967962,0.0021266937255859375,20.318187713623047,7.200761795043945,313.0,0.18746696412563324,0.005728432908654213,0.18173852562904358,292.0,0.09734228253364563,339.0,0.09409362822771072,47.0,0.004291651304811239,0.003591282060369849,7.278336524963379,7.003371715545654,320.0,0.02875741757452488,0.0073859915137290955,0.021371426060795784,296.0,0.01802811026573181,343.0,0.017997419461607933,47.0,0.000447054480900988,0.00046782600111328065,1.182508945465088,0.8279813528060913,332.0,0.6494172215461731,0.32460832595825195,0.32480889558792114,305.0,0.4902389943599701,353.0,0.4867711663246155,48.0,0.005895489826798439,0.007745050359517336,28.572338104248047,12.66653060913086,False
1505059PETR3FP,0,2021,0,No,False,131,True,316.0,0.3048083186149597,0.05893415957689285,0.24587416648864746,293.0,0.18215975165367126,341.0,0.18135343492031097,48.0,0.005332546308636665,0.004938195459544659,12.598852157592773,9.711078643798828,315.0,0.4254639446735382,0.19655852019786835,0.22890542447566986,291.0,0.3096220791339874,343.0,0.31259769201278687,52.0,0.004826744552701712,0.004030937794595957,20.251846313476562,9.834244728088379,316.0,0.23554031550884247,-0.0023735654540359974,0.23791387677192688,294.0,0.11512649804353714,338.0,0.11801538616418839,44.0,0.005473355296999216,0.005342042073607445,8.495843887329102,8.602654457092285,317.0,0.029439056292176247,0.005929074715822935,0.023509981110692024,294.0,0.01791907660663128,340.0,0.017528807744383812,46.0,0.0005008686566725373,0.000517836888320744,1.1718257665634155,0.8931592702865601,332.0,0.6327507495880127,0.330951988697052,0.3017987608909607,303.0,0.48420092463493347,353.0,0.47776156663894653,50.0,0.005122407805174589,0.007380437105894089,29.055828094482422,12.177276611328125,True
1505059PETSSP,0,2020,0,No,False,94,True,69.0,0.10235168039798737,0.08078261464834213,0.021569065749645233,55.0,0.09135882556438446,83.0,0.09193204343318939,28.0,0.0007852039416320622,0.0007442597998306155,2.838315486907959,0.4956197738647461,1.0,0.2665477991104126,0.24180272221565247,0.024745076894760132,0.0,,72.0,0.2542630434036255,72.0,,0.00017302473133895546,18.15454864501953,0.8656539916992188,68.0,0.021555306389927864,0.0036535216495394707,0.017901785671710968,54.0,0.012538708746433258,82.0,0.012751876376569271,28.0,0.0006440426805056632,0.0006288164295256138,0.5164865255355835,0.4105343818664551,75.0,0.010332237929105759,0.005909447558224201,0.0044227903708815575,61.0,0.00814760010689497,88.0,0.008149792440235615,27.0,0.00015604555665049702,0.00016788042557891458,0.26542922854423523,0.0999646931886673,1.0,0.35131603479385376,0.3051599860191345,0.04615604877471924,0.0,,5.0,0.3276338279247284,5.0,,0.0059205517172813416,1.5216279029846191,0.1484079360961914,False
1505059PETSSP,1,2021,1,Fungicide,False,294,True,118.0,0.7102576494216919,0.07426553964614868,0.6359921097755432,94.0,0.39586198329925537,142.0,0.3864714801311493,48.0,0.013099819421768188,0.013491090387105942,28.809173583984375,25.170162200927734,117.0,0.7618619203567505,0.22015243768692017,0.5417094826698303,92.0,0.49643969535827637,144.0,0.4844740033149719,52.0,0.010616889223456383,0.010273627005517483,34.902549743652344,23.234472274780273,116.0,0.5415505766868591,-0.004770265426486731,0.5463208556175232,92.0,0.2741667330265045,139.0,0.2734054923057556,47.0,0.011140993796288967,0.011658482253551483,21.117172241210938,21.346145629882812,116.0,0.04324205592274666,0.003526263404637575,0.03971579298377037,87.0,0.02324284240603447,145.0,0.023701151832938194,58.0,0.0006896280683577061,0.0006738242809660733,2.133152961730957,1.9251034259796143,123.0,0.7746591567993164,0.3401116728782654,0.434547483921051,89.0,0.5559601187705994,165.0,0.5595617294311523,76.0,0.006432324647903442,0.005121367517858744,54.492210388183594,28.303607940673828,True
1505059RICHRDSP,0,2020,1,Herbicide,False,138,True,111.0,0.6169267892837524,0.06712672859430313,0.5498000383377075,87.0,0.34586238861083984,136.0,0.3379603922367096,49.0,0.011294350028038025,0.01115865632891655,25.590721130371094,22.234384536743164,109.0,0.6855635046958923,0.2615559995174408,0.42400750517845154,87.0,0.47869396209716797,134.0,0.4673505127429962,47.0,0.009403160773217678,0.008728520013391972,29.002132415771484,16.447444915771484,108.0,0.46537119150161743,0.002108074491843581,0.4632631242275238,85.0,0.23443534970283508,132.0,0.2353743016719818,47.0,0.010040688328444958,0.009583204053342342,18.09029769897461,17.989110946655273,111.0,0.035380102694034576,0.004673202987760305,0.030706899240612984,76.0,0.019740255549550056,140.0,0.01955375261604786,64.0,0.00044685276225209236,0.0005457362276501954,1.9236981868743896,1.6199400424957275,125.0,0.6773923635482788,0.2904486656188965,0.3869436979293823,84.0,0.48467332124710083,153.0,0.4793936610221863,69.0,0.00470046466216445,0.007071382366120815,42.34406280517578,22.012657165527344,True
1505059RICHRDSP,1,2021,1,Fungicide,False,370,True,113.0,0.6437472105026245,0.052127592265605927,0.591619610786438,91.0,0.3546745181083679,135.0,0.34001028537750244,44.0,0.013139667920768261,0.01380622386932373,23.804306030273438,21.45856475830078,113.0,0.732395589351654,0.15422159433364868,0.5781739950180054,87.0,0.43909987807273865,139.0,0.44039979577064514,52.0,0.011280604638159275,0.011230607517063618,32.642372131347656,24.4686279296875,112.0,0.5101584196090698,-0.009589504450559616,0.5197479128837585,89.0,0.2421431839466095,132.0,0.2537756860256195,43.0,0.011652836576104164,0.012819136492908001,17.991989135742188,18.41392707824707,115.0,0.030456427484750748,0.0042403219267725945,0.02621610462665558,83.0,0.01712379790842533,138.0,0.017520997673273087,55.0,0.00041664467426016927,0.0005624099867418408,1.415450930595398,1.177992820739746,121.0,0.7737148404121399,0.1586202085018158,0.6150946617126465,81.0,0.46369901299476624,151.0,0.46084997057914734,70.0,0.007750395685434341,0.010428829118609428,45.79606246948242,34.534027099609375,True
1505059RUDDFP,0,2020,0,No,False,427,True,282.0,0.3614821135997772,0.08410529792308807,0.27737683057785034,259.0,0.2232251912355423,303.0,0.2219035029411316,44.0,0.006011170335114002,0.006646600551903248,13.862433433532715,10.0776948928833,283.0,0.45494163036346436,0.22425788640975952,0.23068374395370483,261.0,0.3427465260028839,305.0,0.33844465017318726,44.0,0.005099777597934008,0.005295317154377699,18.481658935546875,8.390052795410156,280.0,0.26753589510917664,0.011319154873490334,0.25621673464775085,257.0,0.1367003470659256,301.0,0.13694536685943604,44.0,0.005688501987606287,0.006218596361577511,9.79981803894043,9.29045581817627,279.0,0.0341724157333374,0.0023201170843094587,0.031852297484874725,252.0,0.01802147924900055,299.0,0.018265601247549057,47.0,0.0005981828435324132,0.0007953407475724816,1.3296582698822021,1.2182925939559937,42.0,0.5222100615501404,0.19107741117477417,0.3311326503753662,12.0,0.3546428978443146,300.0,0.3569335341453552,288.0,0.005585572216659784,0.0006406066822819412,82.0205078125,26.799129486083984,True
1505059RUDDFP,1,2021,0,No,True,168,True,297.0,0.6313468217849731,0.0965828225016594,0.5347639918327332,273.0,0.36416861414909363,321.0,0.3554222583770752,48.0,0.011132425628602505,0.011496856808662415,25.98786735534668,21.25531005859375,296.0,0.6955090165138245,0.27193257212638855,0.4235764443874359,275.0,0.48634034395217896,318.0,0.4844154119491577,43.0,0.009960412979125977,0.009595164097845554,27.178264617919922,15.213231086730957,296.0,0.5082094073295593,0.01710548996925354,0.4911039173603058,272.0,0.26278603076934814,320.0,0.2607538104057312,48.0,0.010225974023342133,0.010310649871826172,20.403207778930664,19.565038681030273,298.0,0.039569079875946045,0.0044777290895581245,0.035091351717710495,268.0,0.022252747789025307,322.0,0.021644582971930504,54.0,0.0005772110889665782,0.0007468540570698678,1.8033766746520996,1.5571016073226929,310.0,0.5236998796463013,0.08675789833068848,0.4369419813156128,279.0,0.3106178343296051,336.0,0.30718567967414856,57.0,0.006873614154756069,0.008327469229698181,25.67615509033203,20.644197463989258,True
1505059SACCOSP,0,2020,1,Herbicide,False,167,True,96.0,0.6655747890472412,0.07986107468605042,0.5857137441635132,72.0,0.3635169565677643,117.0,0.38116636872291565,45.0,0.012585743330419064,0.013543258421123028,25.378063201904297,21.704452514648438,96.0,0.7171106338500977,0.26364007592201233,0.4534705579280853,72.0,0.48678433895111084,120.0,0.4921014606952667,48.0,0.00959692895412445,0.009375382214784622,30.79081916809082,17.872455596923828,94.0,0.5208668112754822,0.012990044429898262,0.5078767538070679,71.0,0.2614803612232208,115.0,0.2644185721874237,44.0,0.011277671903371811,0.012211821042001247,18.97312355041504,18.38857078552246,91.0,0.04007747024297714,0.0043246932327747345,0.03575277701020241,67.0,0.022590765729546547,118.0,0.02181025967001915,51.0,0.0007286127074621618,0.0006765633588656783,1.7534791231155396,1.5285950899124146,102.0,0.7335748672485352,0.2538303732872009,0.47974449396133423,74.0,0.4904937446117401,127.0,0.487557977437973,53.0,0.008681468665599823,0.009840675629675388,34.99022674560547,21.28338623046875,True
1505059SACCOSP,1,2021,1,Herbicide,False,370,True,132.0,0.654350996017456,0.07604550570249557,0.5783054828643799,107.0,0.36704277992248535,156.0,0.37247204780578613,49.0,0.011492328718304634,0.011744956485927105,27.324398040771484,23.522123336791992,132.0,0.7383467555046082,0.24950367212295532,0.48884308338165283,107.0,0.49959808588027954,158.0,0.49320438504219055,51.0,0.009549946524202824,0.009428552351891994,33.636783599853516,20.662593841552734,131.0,0.5399516224861145,0.007572344969958067,0.5323792695999146,106.0,0.271257609128952,154.0,0.2759283781051636,48.0,0.010747760534286499,0.011479271575808525,21.537334442138672,21.166290283203125,137.0,0.042617253959178925,0.0023842090740799904,0.04023304581642151,106.0,0.022388843819499016,164.0,0.02258813939988613,58.0,0.0006525293574668467,0.000741819036193192,2.0835375785827637,1.9428691864013672,145.0,0.7654865980148315,0.27536338567733765,0.4901232123374939,101.0,0.5160768628120422,174.0,0.5143294334411621,73.0,0.00566840311512351,0.008660592138767242,50.3629264831543,29.986034393310547,True
1505059SANTFNSP,0,2020,1,Herbicide,False,189,True,94.0,0.5188113451004028,0.0650496780872345,0.45376166701316833,69.0,0.28678810596466064,115.0,0.2979474365711212,46.0,0.00928092934191227,0.010517328977584839,20.336368560791016,17.279033660888672,92.0,0.592616617679596,0.2344682812690735,0.35814833641052246,69.0,0.41802549362182617,115.0,0.41604554653167725,46.0,0.007590918336063623,0.007677003275603056,24.770973205566406,13.750964164733887,92.0,0.3816359341144562,-0.0023289888631552458,0.3839649260044098,68.0,0.18777260184288025,113.0,0.19174884259700775,45.0,0.008077639155089855,0.009042242541909218,14.226763725280762,14.333897590637207,93.0,0.03492940962314606,0.003275797236710787,0.03165361285209656,67.0,0.01877233199775219,117.0,0.018549097701907158,50.0,0.0006214260356500745,0.0006825129967182875,1.4771403074264526,1.3100746870040894,189.0,0.5004954934120178,0.2912560701370239,0.2092394232749939,98.0,0.39582857489585876,0.0,,-98.0,0.0011501859407871962,,0.0,0.0,True
1505059SANTFNSP,1,2021,1,Herbicide,False,370,True,140.0,0.46748262643814087,0.06317740678787231,0.40430521965026855,116.0,0.26440665125846863,163.0,0.2673453390598297,47.0,0.008461498655378819,0.008701621554791927,18.707239151000977,15.674723625183105,140.0,0.5761435627937317,0.1988908052444458,0.3772527575492859,116.0,0.39193251729011536,166.0,0.3897191286087036,50.0,0.007675460074096918,0.007170170545578003,25.68570899963379,15.542278289794922,139.0,0.34317120909690857,0.005447461269795895,0.3377237617969513,116.0,0.17657211422920227,161.0,0.17025958001613617,45.0,0.0072434390895068645,0.007859619334340096,12.795122146606445,12.544538497924805,138.0,0.03224101662635803,0.00231649586930871,0.02992452122271061,109.0,0.017016462981700897,166.0,0.017643364146351814,57.0,0.0005249846144579351,0.0005213447147980332,1.5655667781829834,1.4312100410461426,33.0,0.5835839509963989,0.30750665068626404,0.2760773003101349,28.0,0.5137020349502563,337.0,0.4453999102115631,309.0,0.013976383022964,0.0004545527626760304,109.34107971191406,4.3275604248046875,True
1505059SANTFSSP,0,2020,1,Herbicide,False,189,True,91.0,0.5108347535133362,0.06839403510093689,0.4424407184123993,68.0,0.2876392602920532,115.0,0.2943241000175476,47.0,0.00970415212213993,0.009021277539432049,20.577302932739258,17.294389724731445,93.0,0.623263418674469,0.2453376203775406,0.3779258131980896,69.0,0.43427520990371704,116.0,0.4323521852493286,47.0,0.007874508388340473,0.00830048881471157,26.49204444885254,14.715839385986328,92.0,0.42162075638771057,0.0004921357613056898,0.42112863063812256,69.0,0.21775168180465698,113.0,0.2147180587053299,44.0,0.008863872848451138,0.009852509014308453,15.522745132446289,15.500598907470703,96.0,0.035525236278772354,0.0033420720137655735,0.03218316286802292,68.0,0.01907058246433735,118.0,0.019918430596590042,50.0,0.0005876662326045334,0.0007094002794474363,1.514604091644287,1.344158411026001,189.0,0.44134989380836487,0.239313542842865,0.20203635096549988,178.0,0.3360849916934967,0.0,,-178.0,0.00956953689455986,,0.0,0.0,True
1505059SANTFSSP,1,2021,1,Herbicide,False,370,True,135.0,0.5510746836662292,0.05743667110800743,0.4936380088329315,109.0,0.3036508560180664,159.0,0.30170994997024536,50.0,0.00951630063354969,0.010390196926891804,23.284381866455078,20.355112075805664,135.0,0.6390972137451172,0.1516391485929489,0.4874580502510071,107.0,0.39343422651290894,164.0,0.39976510405540466,57.0,0.008773677982389927,0.008252831175923347,31.495101928710938,22.700031280517578,134.0,0.41316789388656616,0.0013464861549437046,0.4118213951587677,110.0,0.21308840811252594,156.0,0.20960673689842224,46.0,0.008336645551025867,0.009252780117094517,15.806173324584961,15.742888450622559,135.0,0.03552022576332092,0.0024718353524804115,0.033048391342163086,107.0,0.018932532519102097,162.0,0.01892116479575634,55.0,0.000592417607549578,0.0006147800595499575,1.655317783355713,1.516895055770874,144.0,0.5037636160850525,0.14014780521392822,0.36361581087112427,118.0,0.32209324836730957,166.0,0.32389751076698303,48.0,0.0069873216561973095,0.008175731636583805,21.224830627441406,14.357587814331055,True
1505059SMITHSP,0,2020,0,No,False,189,True,111.0,0.4791419804096222,0.07498115301132202,0.40416082739830017,88.0,0.2746706008911133,132.0,0.2805524468421936,44.0,0.008890059776604176,0.009456644766032696,18.0696964263916,14.695544242858887,109.0,0.5542225241661072,0.2200121283531189,0.3342103958129883,86.0,0.3892580568790436,133.0,0.3837040960788727,47.0,0.007172368001192808,0.0071049346588552,23.543458938598633,12.98287582397461,108.0,0.3356703519821167,-0.0008178341668099165,0.33648818731307983,86.0,0.16891427338123322,130.0,0.16289275884628296,44.0,0.00757982162758708,0.007853526622056961,12.198162078857422,12.234964370727539,112.0,0.04049833118915558,0.003000753466039896,0.03749757632613182,86.0,0.0219560619443655,134.0,0.021117746829986572,48.0,0.0007131642196327448,0.0008809356368146837,1.6249746084213257,1.4779376983642578,122.0,0.7667085528373718,0.4184379279613495,0.34827062487602234,91.0,0.589302122592926,151.0,0.5926074385643005,60.0,0.0057227881625294685,0.0060034869238734245,42.57915115356445,17.0544376373291,True
1505059SUNEP,0,2020,0,No,False,319,True,127.0,0.16201794147491455,0.08440887182950974,0.07760906964540482,110.0,0.12389197200536728,273.0,0.12314549088478088,163.0,0.0022427041549235582,0.0002662496699485928,19.132713317871094,5.289658546447754,319.0,0.33777037262916565,0.27500948309898376,0.06276088953018188,291.0,0.3062770962715149,347.0,0.30675190687179565,56.0,0.001124759903177619,0.0011078023817390203,18.573562622070312,2.898021697998047,128.0,0.07989181578159332,0.018775954842567444,0.06111586093902588,112.0,0.05023005232214928,309.0,0.049248289316892624,197.0,0.0018538602162152529,0.00016930124547798187,10.155403137207031,6.4377641677856445,83.0,0.017403820529580116,0.004465673118829727,0.012938147410750389,63.0,0.010839026421308517,299.0,0.010931718163192272,236.0,0.00032823969377204776,2.9963437555124983e-05,2.9055824279785156,1.8472179174423218,269.0,0.4963337481021881,0.3163183629512787,0.18001538515090942,182.0,0.406756728887558,320.0,0.407042920589447,138.0,0.0010296208783984184,0.0017508005257695913,63.74461364746094,19.77635955810547,False
1505059SUNWP,0,2020,0,No,False,319,True,48.0,0.09211471676826477,0.07086005061864853,0.02125466614961624,0.0,,341.0,0.0813479870557785,341.0,,3.674651816254482e-05,23.174198150634766,2.3413448333740234,66.0,0.27908456325531006,0.21945692598819733,0.05962763726711273,48.0,0.2697354257106781,86.0,0.249489888548851,38.0,0.0005193965043872595,0.0014797337353229523,10.468730926513672,2.019639015197754,73.0,0.03871186450123787,0.005544059444218874,0.03316780552268028,52.0,0.02184326760470867,282.0,0.02212945744395256,230.0,0.000803266535513103,7.934166205814108e-05,3.005262851715088,1.7245850563049316,82.0,0.015204221941530704,0.004514506086707115,0.01068971585482359,62.0,0.009637654758989811,200.0,0.009849635884165764,138.0,0.00027832837076857686,4.5377848437055945e-05,1.4605517387390137,0.833035409450531,187.0,0.39892634749412537,0.30905574560165405,0.08987060189247131,143.0,0.3542979955673218,296.0,0.35386934876441956,153.0,0.0010142807150259614,0.00041336697177030146,58.17123794555664,10.576648712158203,False
1505059SVS120FP,0,2021,0,No,False,168,True,198.0,0.6903361678123474,0.3671649992465973,0.3231711685657501,0.0,,204.0,0.5363593101501465,204.0,,0.02566280961036682,3.9483680725097656,1.561795711517334,198.0,0.7426761388778687,0.4147547781467438,0.3279213607311249,0.0,,206.0,0.5752171874046326,206.0,,0.02093236893415451,5.559574604034424,2.0341591835021973,198.0,0.5245351195335388,0.2587180733680725,0.2658170461654663,0.0,,204.0,0.39494630694389343,204.0,,0.02159813605248928,2.956096649169922,1.274429202079773,291.0,0.01972290128469467,0.004029255826026201,0.015693645924329758,268.0,0.011974983848631382,310.0,0.01169518381357193,42.0,0.00033686598180793226,0.0004225114535074681,0.7191009521484375,0.5458429455757141,198.0,0.7121930122375488,0.4249453544616699,0.2872476577758789,0.0,,207.0,0.5716785192489624,207.0,,0.01561272144317627,6.065208911895752,2.028228282928467,True
1505059SVS80SP,0,2021,1,Fungicide,False,158,True,93.0,0.5675545334815979,0.051409315317869186,0.5161452293395996,70.0,0.31237712502479553,114.0,0.3132418394088745,44.0,0.011094669811427593,0.012110128067433834,21.125141143798828,18.811721801757812,92.0,0.6621725559234619,0.20167654752731323,0.4604960083961487,69.0,0.4356663227081299,115.0,0.43832525610923767,46.0,0.009848097339272499,0.009732491336762905,27.07454490661621,17.595746994018555,91.0,0.45020821690559387,-0.011755984276533127,0.4619641900062561,67.0,0.21206830441951752,112.0,0.21386554837226868,45.0,0.009922496043145657,0.011254413053393364,16.538942337036133,17.0797176361084,97.0,0.03010568581521511,0.002107481472194195,0.02799820527434349,71.0,0.0163289662450552,119.0,0.015714304521679878,48.0,0.0005298738251440227,0.0006541537004522979,1.2069542407989502,1.1036876440048218,103.0,0.43327635526657104,0.17388975620269775,0.2593865990638733,81.0,0.30833354592323303,131.0,0.30404746532440186,50.0,0.00567921856418252,0.004615317564457655,19.33367919921875,10.465301513671875,True
1505059TOMMYNSP,0,2020,1,Herbicide,False,149,True,121.0,0.62282395362854,0.0694742277264595,0.5533497333526611,98.0,0.35228046774864197,143.0,0.3428662419319153,45.0,0.011762760579586029,0.012725350446999073,23.77098274230957,20.57516860961914,120.0,0.6673358678817749,0.22567570209503174,0.44166016578674316,97.0,0.44469544291496277,143.0,0.4474237561225891,46.0,0.00968001876026392,0.009561396203935146,27.40211296081543,16.79535484313965,118.0,0.4509328305721283,-0.001855924492701888,0.45278874039649963,96.0,0.22987644374370575,140.0,0.2243332713842392,44.0,0.010048017837107182,0.010299979709088802,16.478506088256836,16.562023162841797,119.0,0.03969559445977211,0.00399863300845027,0.03569696098566055,93.0,0.021434517577290535,141.0,0.02170172706246376,48.0,0.0007023491198197007,0.000817903084680438,1.6054623126983643,1.4095293283462524,128.0,0.721557080745697,0.2814998924732208,0.4400571882724762,95.0,0.501627504825592,160.0,0.5003830790519714,65.0,0.0066645327024161816,0.0069116875529289246,41.74287414550781,23.163881301879883,True
1505059TOMMYSSP,0,2020,1,Herbicide,False,326,True,117.0,0.5967828631401062,0.07073909044265747,0.5260437726974487,96.0,0.3363918960094452,137.0,0.3399595320224762,41.0,0.01239957008510828,0.01284116692841053,20.806991577148438,17.835948944091797,116.0,0.6412746906280518,0.21267935633659363,0.42859533429145813,94.0,0.4337044060230255,138.0,0.4321587085723877,44.0,0.009435012936592102,0.009505271911621094,25.207191467285156,15.63662052154541,115.0,0.4190439283847809,0.00021337610087357461,0.418830543756485,94.0,0.2149001806974411,135.0,0.20407871901988983,41.0,0.009721131063997746,0.010748260654509068,14.186014175415039,14.17705249786377,116.0,0.04260897636413574,0.004019780084490776,0.03858919441699982,87.0,0.023269042372703552,138.0,0.023381134495139122,51.0,0.0006668942514806986,0.000873992801643908,1.804917335510254,1.5958887338638306,123.0,0.7179189324378967,0.2938706874847412,0.4240482449531555,97.0,0.5081864595413208,147.0,0.5072137713432312,50.0,0.008066633716225624,0.008779381401836872,32.454063415527344,17.466657638549805,True
1505059TOMYEFP,0,2020,0,No,False,61,False,306.0,0.41373082995414734,0.11434105038642883,0.2993897795677185,0.0,,339.0,0.2611517012119293,339.0,,0.004623610060662031,11.89122200012207,8.003625869750977,306.0,0.5431825518608093,0.3056917190551758,0.23749083280563354,0.0,,339.0,0.4258361756801605,339.0,,0.0035559507086873055,16.945493698120117,6.551975250244141,306.0,0.340605765581131,0.03321409597992897,0.3073916733264923,0.0,,339.0,0.18630701303482056,339.0,,0.004675719887018204,9.438373565673828,8.309094429016113,306.0,0.010909009724855423,0.006789450068026781,0.004119559656828642,0.0,,342.0,0.008887793868780136,342.0,,5.614488327410072e-05,0.36549362540245056,0.11428394913673401,340.0,0.5920752286911011,0.44514793157577515,0.14692729711532593,319.0,0.5180637240409851,355.0,0.5216802954673767,36.0,0.0035243574529886246,0.0046929954551160336,20.837432861328125,4.3669586181640625,True
1505059TOMYEFP,1,2021,0,No,False,365,False,285.0,0.41027122735977173,0.07074790447950363,0.3395233154296875,264.0,0.2429025024175644,309.0,0.24298474192619324,45.0,0.007969939149916172,0.006970270071178675,15.92491340637207,12.670509338378906,288.0,0.5544586777687073,0.19502946734428406,0.3594292104244232,266.0,0.3759850859642029,311.0,0.3737366497516632,45.0,0.008112436160445213,0.00785747915506363,22.360092163085938,13.3887357711792,286.0,0.34506872296333313,0.0008283794741146266,0.34424033761024475,264.0,0.1698794811964035,308.0,0.17203769087791443,44.0,0.007963147014379501,0.007865047082304955,12.519734382629395,12.482457160949707,292.0,0.03605176508426666,0.004732937552034855,0.03131882846355438,266.0,0.020110081881284714,314.0,0.020130695775151253,48.0,0.0006131416885182261,0.0007236849633045495,1.4711636304855347,1.2392497062683105,175.0,0.7135331630706787,0.1809893399477005,0.5325438380241394,112.0,0.44956082105636597,208.0,0.4468986690044403,96.0,0.004190037027001381,0.00807983335107565,59.75678634643555,42.20082092285156,True
1505059TOMYEFP,2,2022,0,No,False,59,False,59.0,0.10833067446947098,0.09893611073493958,0.009394563734531403,41.0,0.10356969386339188,0.0,,-41.0,0.00026449892902746797,,0.0,0.0,29.0,0.31109386682510376,0.23900094628334045,0.0720929205417633,11.0,0.27334025502204895,47.0,0.27628380060195923,36.0,0.002097422955557704,0.0019338926067575812,10.991923332214355,2.14888858795166,36.0,0.02236018516123295,0.018958382308483124,0.0034018028527498245,20.0,0.02072983793914318,59.0,0.021122362464666367,39.0,0.00010189670138061047,5.3818377637071535e-05,0.8615221381187439,0.1126660704612732,27.0,0.011632037349045277,0.0056345900520682335,0.005997447296977043,7.0,0.008644239977002144,43.0,0.008758020587265491,36.0,0.00014938987442292273,0.00017962604761123657,0.38724684715270996,0.17876701056957245,59.0,0.3003063201904297,0.25048696994781494,0.049819350242614746,54.0,0.27343475818634033,0.0,,-54.0,0.005374312400817871,,0.0,0.0,False
1505059URFRIGSP,0,2020,1,Herbicide,False,178,True,111.0,0.6850749254226685,0.0799659937620163,0.605108916759491,88.0,0.3759078085422516,132.0,0.3798404037952423,44.0,0.01344204880297184,0.01453497726470232,25.49864959716797,21.900178909301758,110.0,0.7308076024055481,0.25355157256126404,0.47725602984428406,87.0,0.48935720324516296,133.0,0.4936926066875458,46.0,0.010497843846678734,0.01030934788286686,30.010997772216797,18.094074249267578,109.0,0.5264825820922852,0.009356653317809105,0.5171259045600891,86.0,0.26821601390838623,129.0,0.27520695328712463,43.0,0.011228981427848339,0.012563781812787056,18.874658584594727,18.46296501159668,111.0,0.03433552384376526,0.0035033999010920525,0.03083212301135063,84.0,0.019072862342000008,133.0,0.01865227334201336,49.0,0.0005652837571687996,0.0007128750439733267,1.4170494079589844,1.2418794631958008,120.0,0.694107174873352,0.27660202980041504,0.417505145072937,85.0,0.488413542509079,153.0,0.48635706305503845,68.0,0.005876960698515177,0.006295457947999239,41.70502471923828,22.619483947753906,True
1505059URFRIGSP,1,2021,1,Fungicide,False,187,True,118.0,0.7938036918640137,0.0509173646569252,0.7428863048553467,93.0,0.4290829598903656,142.0,0.42753225564956665,49.0,0.014588829129934311,0.015261310152709484,32.80328369140625,30.257415771484375,117.0,0.8227412104606628,0.23458296060562134,0.5881582498550415,91.0,0.5295318961143494,144.0,0.5269607901573181,53.0,0.011277281679213047,0.010954830795526505,38.443939208984375,25.776460647583008,116.0,0.6224918961524963,-0.013780754990875721,0.636272668838501,91.0,0.302538126707077,140.0,0.30117595195770264,49.0,0.01279815100133419,0.013388164341449738,25.136837005615234,25.82587432861328,128.0,0.036150794476270676,0.00045719853369519114,0.03569359704852104,87.0,0.01809767261147499,153.0,0.018589260056614876,66.0,0.000440320058260113,0.0007024614023976028,1.9714696407318115,1.9408373832702637,136.0,0.7632837295532227,0.275698721408844,0.48758500814437866,89.0,0.5228245258331299,160.0,0.524314820766449,71.0,0.005116153042763472,0.00995703786611557,48.09532928466797,28.245023727416992,True
1505059WID12ASP,0,2020,1,Herbicide,False,162,True,104.0,0.6377413868904114,0.07721324265003204,0.5605281591415405,81.0,0.36360058188438416,127.0,0.3553479313850403,46.0,0.011919165030121803,0.012277976609766483,24.883380889892578,21.254358291625977,103.0,0.6238168478012085,0.2126840204000473,0.4111328125,78.0,0.4220476746559143,128.0,0.42153289914131165,50.0,0.008070766925811768,0.008091357536613941,27.848989486694336,17.002105712890625,102.0,0.4242410361766815,0.006949241738766432,0.4172917902469635,78.0,0.21329647302627563,124.0,0.2161995768547058,46.0,0.008789356797933578,0.00945642963051796,16.120704650878906,15.794090270996094,102.0,0.04871022328734398,0.0030694964807480574,0.0456407256424427,72.0,0.025517649948596954,130.0,0.025858992710709572,58.0,0.0007730858051218092,0.0008161153527908027,2.3847060203552246,2.2036056518554688,114.0,0.7671988606452942,0.2793259620666504,0.4878728985786438,76.0,0.519819974899292,144.0,0.5218217968940735,68.0,0.006509970873594284,0.008179235272109509,47.083457946777344,27.809967041015625,True
1505059WID12ASP,1,2021,1,Herbicide,False,370,True,129.0,0.6135035157203674,0.07991042733192444,0.5335930585861206,105.0,0.3520245850086212,151.0,0.3515706956386566,46.0,0.0108949551358819,0.011906037107110023,24.10093116760254,20.34514045715332,128.0,0.6331050395965576,0.18680113554000854,0.4463039040565491,104.0,0.4151921570301056,154.0,0.40676602721214294,50.0,0.009079703129827976,0.00870534684509039,27.895896911621094,18.36903953552246,126.0,0.43509647250175476,0.0026425975374877453,0.43245387077331543,103.0,0.21927158534526825,149.0,0.21504448354244232,46.0,0.009383690543472767,0.009567477740347385,16.553184509277344,16.42898178100586,127.0,0.0390300527215004,0.0025871109683066607,0.036442942917346954,100.0,0.02100987546145916,153.0,0.02104377932846546,53.0,0.0006674139876849949,0.0006917797727510333,1.7232221364974976,1.583518147468567,128.0,0.7680173516273499,0.2991281747817993,0.46888917684555054,99.0,0.5358876585960388,162.0,0.537300705909729,63.0,0.008004472590982914,0.006785783916711807,43.64265441894531,24.498451232910156,True
1505059WID1ASP,0,2020,1,Herbicide,False,162,True,104.0,0.5853883028030396,0.08530138432979584,0.5000869035720825,82.0,0.34236595034599304,127.0,0.3288380205631256,45.0,0.011046470142900944,0.011154360137879848,22.39771842956543,18.473854064941406,103.0,0.6062657237052917,0.20446032285690308,0.40180540084838867,79.0,0.39969921112060547,129.0,0.4021272659301758,50.0,0.00860693771392107,0.007851479575037956,26.814163208007812,16.386686325073242,101.0,0.4000703692436218,0.00940054003149271,0.3906698226928711,79.0,0.20280012488365173,123.0,0.20740744471549988,44.0,0.008966829627752304,0.008757405914366245,14.592418670654297,14.169394493103027,104.0,0.04671156406402588,0.0029227701015770435,0.04378879442811012,75.0,0.02545415796339512,129.0,0.025455014780163765,54.0,0.0007330140215344727,0.0008502619457431138,2.1459474563598633,1.9851951599121094,118.0,0.7562430500984192,0.2834383547306061,0.4728046953678131,80.0,0.5172587037086487,148.0,0.5173774361610413,68.0,0.00628906162455678,0.007962186820805073,46.17472457885742,26.617477416992188,True
1505059WID1ASP,1,2021,1,Herbicide,False,370,True,130.0,0.687601625919342,0.0798230916261673,0.6077785491943359,106.0,0.3868619501590729,153.0,0.37853220105171204,47.0,0.01253081951290369,0.013437801040709019,27.378446578979492,23.546937942504883,130.0,0.7044154405593872,0.18776187300682068,0.5166535377502441,104.0,0.4424135386943817,155.0,0.447253555059433,51.0,0.010076995939016342,0.010286475531756878,31.463590621948242,21.69997215270996,128.0,0.5004639625549316,-0.00046975642908364534,0.5009337067604065,104.0,0.2524150311946869,150.0,0.25755831599235535,46.0,0.01033537182956934,0.011041165329515934,19.165821075439453,19.18790054321289,127.0,0.04063710197806358,0.0015012602088972926,0.03913584351539612,103.0,0.020886674523353577,152.0,0.021219996735453606,49.0,0.0008229344966821373,0.0007766842027194798,1.6522598266601562,1.5771968364715576,126.0,0.7499016523361206,0.31464317440986633,0.4352584779262543,100.0,0.5263505578041077,161.0,0.5326687693595886,61.0,0.008598119020462036,0.0062066540122032166,41.5306396484375,22.022762298583984,True
1505059WID1BSE,0,2020,0,No,True,189,True,104.0,0.4558444917201996,0.07842272520065308,0.3774217665195465,80.0,0.2719188630580902,127.0,0.26695650815963745,47.0,0.007663568016141653,0.008212520740926266,18.496009826660156,14.731719017028809,100.0,0.49733245372772217,0.17890289425849915,0.318429559469223,76.0,0.336889386177063,125.0,0.3372974693775177,49.0,0.006685127969831228,0.006401399150490761,21.800457000732422,12.85531234741211,100.0,0.30619582533836365,0.00439265463501215,0.3018031716346741,77.0,0.1545902043581009,124.0,0.1518378108739853,47.0,0.006591548677533865,0.006431583780795336,11.884243965148926,11.673396110534668,101.0,0.033448826521635056,0.00197380012832582,0.03147502616047859,73.0,0.01764187403023243,124.0,0.018206272274255753,51.0,0.0005645340424962342,0.0006627197726629674,1.44390869140625,1.3412710428237915,108.0,0.44905009865760803,0.1095561683177948,0.33949393033981323,83.0,0.2734076976776123,129.0,0.28265053033828735,46.0,0.007025695871561766,0.007923789322376251,18.163484573364258,13.014344215393066,True
1505059WID1BSP,0,2021,0,No,True,208,True,28.0,0.5317796468734741,0.302559494972229,0.22922015190124512,0.0,,46.0,0.4153854250907898,46.0,,0.006466345861554146,8.830831527709961,3.233480930328369,28.0,0.6314225792884827,0.4036003649234772,0.2278222143650055,0.0,,48.0,0.516977846622467,48.0,,0.005722236819565296,11.927087783813477,3.653280258178711,28.0,0.40245699882507324,0.20141535997390747,0.20104163885116577,0.0,,139.0,0.3001420795917511,139.0,,0.0009217560291290283,21.472888946533203,-0.9849205017089844,130.0,0.031084198504686356,0.002330292481929064,0.02875390648841858,105.0,0.017109384760260582,153.0,0.016884930431842804,48.0,0.0005589925567619503,0.0006173594738356769,1.261480689048767,1.1472963094711304,132.0,0.5340295433998108,0.11168394982814789,0.4223455786705017,110.0,0.32635319232940674,155.0,0.31979644298553467,45.0,0.009439834393560886,0.009314483031630516,20.88953971862793,15.75207805633545,True
1505059WID1DSP,0,2020,0,No,True,189,True,104.0,0.5589005947113037,0.0697767585515976,0.4891238212585449,79.0,0.316114217042923,128.0,0.30884993076324463,49.0,0.009711455553770065,0.010418777354061604,23.27285385131836,19.784015655517578,102.0,0.5649428963661194,0.18866406381130219,0.376278817653656,77.0,0.3762832581996918,127.0,0.3733038902282715,50.0,0.007546385750174522,0.007665560115128756,25.12808609008789,15.506217956542969,101.0,0.37442389130592346,0.00011149025522172451,0.3743124008178711,77.0,0.18990832567214966,125.0,0.18883083760738373,48.0,0.007688148412853479,0.007733043748885393,14.892250061035156,14.886787414550781,100.0,0.04111860692501068,0.002150073181837797,0.0389685332775116,73.0,0.0220180731266737,125.0,0.021140409633517265,52.0,0.0007074271561577916,0.0007991279126144946,1.8097001314163208,1.6957463026046753,102.0,0.7459292411804199,0.22401851415634155,0.5219107270240784,75.0,0.4875290095806122,131.0,0.4892368018627167,56.0,0.009570378810167313,0.008851462975144386,37.24431610107422,24.47525978088379,True
1505059WID1DSP,1,2021,0,No,True,240,True,127.0,0.548757791519165,0.08244608342647552,0.4663116931915283,106.0,0.314754843711853,148.0,0.3152239918708801,42.0,0.011142997071146965,0.011120657436549664,19.68682289123535,16.14164161682129,127.0,0.5904287099838257,0.19375357031822205,0.39667513966560364,105.0,0.39073705673217773,150.0,0.38687530159950256,45.0,0.009076893329620361,0.00885014794766903,23.523706436157227,14.611042022705078,126.0,0.39012062549591064,0.00229867291636765,0.3878219425678253,104.0,0.18984706699848175,146.0,0.19578352570533752,42.0,0.009103343822062016,0.009716855362057686,13.493154525756836,13.394311904907227,129.0,0.03621289134025574,0.001877715578302741,0.0343351773917675,106.0,0.01943005621433258,151.0,0.01959695667028427,45.0,0.0007296885014511645,0.0007552697788923979,1.3672090768814087,1.2808341979980469,124.0,0.8364443778991699,0.34329187870025635,0.4931524991989136,96.0,0.5887536406517029,150.0,0.590143620967865,54.0,0.008846097625792027,0.009473105892539024,40.96363067626953,22.082576751708984,True
1505059WID1ESP,0,2020,0,No,True,189,True,100.0,0.5248417258262634,0.07336820662021637,0.45147353410720825,78.0,0.3058578372001648,122.0,0.2932945787906647,44.0,0.009953812696039677,0.0105248698964715,19.695154190063477,16.393585205078125,99.0,0.5557324290275574,0.19135063886642456,0.3643817901611328,75.0,0.36869582533836365,121.0,0.374987930059433,46.0,0.007793191820383072,0.00821565929800272,22.77252197265625,13.779041290283203,98.0,0.36499926447868347,0.001402668422088027,0.3635965883731842,76.0,0.18560196459293365,120.0,0.18044477701187134,44.0,0.008154422976076603,0.008388840593397617,13.265664100646973,13.202544212341309,102.0,0.03929145634174347,0.002475022803992033,0.03681643307209015,75.0,0.021122075617313385,124.0,0.021343635395169258,49.0,0.0006729400483891368,0.0008158100536093116,1.6303892135620117,1.5066380500793457,106.0,0.45946255326271057,0.12822853028774261,0.33123403787612915,82.0,0.2949446737766266,128.0,0.2933107316493988,46.0,0.0068549118004739285,0.007552355527877808,18.800199508666992,12.773458480834961,True
1505059WID1ESP,1,2021,0,No,True,240,True,130.0,0.5957682132720947,0.07429103553295135,0.5214771628379822,108.0,0.3408834636211395,152.0,0.3301147520542145,44.0,0.01158567052334547,0.012075156904757023,22.3365478515625,18.993450164794922,129.0,0.6190319657325745,0.18142257630825043,0.43760937452316284,107.0,0.4022873640060425,152.0,0.4008313715457916,45.0,0.009852027520537376,0.009486982598900795,24.638164520263672,16.292724609375,128.0,0.4223819673061371,-0.000739424314815551,0.4231213927268982,106.0,0.2065660059452057,150.0,0.20852826535701752,44.0,0.009809816256165504,0.009720622561872005,15.29724407196045,15.330517768859863,127.0,0.03795114904642105,0.002048420486971736,0.0359027273952961,104.0,0.02018802799284458,151.0,0.02005496807396412,47.0,0.0007723096059635282,0.0007456741877831519,1.492286205291748,1.393962025642395,130.0,0.5793725252151489,0.09610548615455627,0.48326703906059265,108.0,0.33544325828552246,153.0,0.3379139006137848,45.0,0.011087694205343723,0.010498201474547386,22.450969696044922,18.03011703491211,True
1505059WILSONSP,0,2021,0,No,True,297,True,140.0,0.7578995823860168,0.028042782098054886,0.7298567891120911,115.0,0.38443607091903687,163.0,0.3887993395328522,48.0,0.014938540756702423,0.01604783721268177,30.268720626831055,28.894624710083008,140.0,0.7690387964248657,0.16189013421535492,0.6071486473083496,114.0,0.4697287380695343,166.0,0.4656585156917572,52.0,0.011511925607919693,0.011668472550809383,34.70945358276367,26.129276275634766,139.0,0.5690726041793823,-0.021319694817066193,0.5903922915458679,115.0,0.2719627618789673,161.0,0.2730780839920044,46.0,0.012379576452076435,0.013454296626150608,21.539779663085938,22.541805267333984,139.0,0.036111120134592056,0.0032140035182237625,0.032897114753723145,110.0,0.019296810030937195,164.0,0.019538430497050285,54.0,0.0005798037745989859,0.0006629076087847352,1.6545432806015015,1.4777730703353882,144.0,0.7262046337127686,0.29205724596977234,0.4341473877429962,108.0,0.5096095204353333,178.0,0.5079911351203918,70.0,0.006016531027853489,0.006418044213205576,45.73906707763672,25.003002166748047,True
1505059ZERK2FP,0,2021,0,No,True,168,True,292.0,0.6092265844345093,0.04507087916135788,0.5641556978225708,268.0,0.332949161529541,316.0,0.3200618028640747,48.0,0.011511559598147869,0.012048532254993916,24.610708236694336,22.40223503112793,292.0,0.6611182689666748,0.13783226907253265,0.523285984992981,264.0,0.3936527669429779,320.0,0.40320250391960144,56.0,0.00955233909189701,0.009211277589201927,31.775564193725586,23.919124603271484,292.0,0.459104984998703,-0.007915878668427467,0.4670208692550659,268.0,0.23018495738506317,315.0,0.22035662829875946,47.0,0.009538334794342518,0.010380363091826439,17.82076072692871,18.20072364807129,296.0,0.03823099285364151,0.00528340507298708,0.032947588711977005,269.0,0.021481292322278023,319.0,0.021909205242991447,50.0,0.0006203592638485134,0.0007096429471857846,1.6401102542877197,1.3706566095352173,300.0,0.6020761132240295,0.1213940680027008,0.48068204522132874,273.0,0.3581831157207489,328.0,0.35894420742988586,55.0,0.009033073671162128,0.0086832819506526,28.51325225830078,21.715185165405273,True
1505059ZERK2SP,0,2020,0,No,True,290,True,100.0,0.54378342628479,0.07366923987865448,0.47011417150497437,77.0,0.3048650324344635,121.0,0.30430811643600464,44.0,0.010387755930423737,0.011403585784137249,20.255603790283203,16.940486907958984,99.0,0.6074453592300415,0.2601957619190216,0.3472495973110199,76.0,0.43807655572891235,121.0,0.43683990836143494,45.0,0.007363860961049795,0.007754793390631676,24.907562255859375,12.938557624816895,99.0,0.40737104415893555,0.00872222613543272,0.39864882826805115,76.0,0.20991471409797668,119.0,0.20577472448349,43.0,0.008585058152675629,0.010079815983772278,14.536500930786133,14.15272331237793,97.0,0.033540137112140656,0.0025557423941791058,0.030984394252300262,73.0,0.017883751541376114,120.0,0.018211528658866882,47.0,0.0006523493793793023,0.0006664612446911633,1.3343623876571655,1.2116867303848267,102.0,0.396334171295166,0.12570270895957947,0.27063146233558655,80.0,0.2637453079223633,123.0,0.26025235652923584,43.0,0.0060267667286098,0.006480086594820023,15.243217468261719,9.712297439575195,True
1505059ZERK3FP,0,2021,0,No,True,168,True,301.0,0.39891737699508667,0.05150369554758072,0.34741368889808655,280.0,0.2213125377893448,321.0,0.22787781059741974,41.0,0.008457372896373272,0.008551978506147861,13.817767143249512,11.654611587524414,301.0,0.5204953551292419,0.14890699088573456,0.3715883493423462,275.0,0.33382269740104675,327.0,0.33393311500549316,52.0,0.007179717533290386,0.00717547070235014,23.28512954711914,15.393058776855469,301.0,0.29483693838119507,-0.004632070194929838,0.299468994140625,281.0,0.14950457215309143,320.0,0.14619235694408417,39.0,0.007266618311405182,0.007823399268090725,9.452122688293457,9.637405395507812,302.0,0.03099863789975643,0.00429269066080451,0.026705946773290634,282.0,0.017920373007655144,321.0,0.018102610483765602,39.0,0.0006539132446050644,0.00067873828811571,1.0322751998901367,0.860567569732666,310.0,0.4148256182670593,0.08471119403839111,0.3301144242286682,204.0,0.24989773333072662,335.0,0.2538474500179291,131.0,0.0015559234889224172,0.0064391265623271465,32.63103485107422,21.44915771484375,True
1505059ZERK3SP,0,2020,0,No,True,290,True,102.0,0.5102875828742981,0.08052603900432587,0.42976152896881104,79.0,0.3007427453994751,123.0,0.2978000342845917,44.0,0.009110645391047001,0.010118454694747925,19.28302764892578,15.659355163574219,100.0,0.6155198216438293,0.2629857063293457,0.35253411531448364,75.0,0.43872740864753723,123.0,0.43788859248161316,48.0,0.007071696687489748,0.0077230967581272125,26.797121047973633,13.910821914672852,99.0,0.4023089110851288,0.010438854806125164,0.39187005162239075,76.0,0.20191872119903564,120.0,0.2026183158159256,44.0,0.008712616749107838,0.009509076364338398,14.63028621673584,14.160537719726562,101.0,0.0338008739054203,0.002615974983200431,0.03118489868938923,74.0,0.018424497917294502,125.0,0.0183698832988739,51.0,0.0005694954306818545,0.0006429579225368798,1.4644627571105957,1.3284320831298828,109.0,0.45990997552871704,0.13056349754333496,0.3293464779853821,85.0,0.30019694566726685,260.0,0.29538342356681824,175.0,0.006654709577560425,0.0010895797749981284,50.44272232055664,27.463546752929688,True
1505059ZERK4FP,0,2020,0,No,True,224,True,286.0,0.46180081367492676,0.08429288864135742,0.37750792503356934,267.0,0.27358514070510864,305.0,0.27321842312812805,38.0,0.009906088002026081,0.009925388731062412,15.07319450378418,11.785772323608398,286.0,0.5470654964447021,0.25455594062805176,0.2925095558166504,268.0,0.4029117524623871,305.0,0.4182949364185333,37.0,0.008008541539311409,0.006777397822588682,18.7435302734375,9.070404052734375,285.0,0.33988332748413086,0.011250633746385574,0.3286326825618744,266.0,0.1724662035703659,304.0,0.16975562274456024,38.0,0.008811427280306816,0.008954090066254139,10.63542366027832,10.196648597717285,285.0,0.03415432944893837,0.002959669567644596,0.03119466081261635,265.0,0.01891239546239376,305.0,0.02029433660209179,40.0,0.0007620967226102948,0.0006929996307007968,1.1629281044006348,1.041581630706787,290.0,0.5156715512275696,0.17825165390968323,0.33741989731788635,267.0,0.3454776406288147,305.0,0.44712990522384644,38.0,0.007399735040962696,0.004569442942738533,18.2098388671875,11.258024215698242,True
1505059ZERK4FP,1,2021,0,No,True,168,True,308.0,0.47867056727409363,0.046772997826337814,0.4318975806236267,286.0,0.26813384890556335,329.0,0.2608579397201538,43.0,0.009569850750267506,0.01037202961742878,17.286123275756836,15.228111267089844,306.0,0.5683737397193909,0.14449787139892578,0.4238758683204651,280.0,0.3601733148097992,333.0,0.3598208725452423,53.0,0.008007708936929703,0.007724180351942778,25.98353385925293,18.180648803710938,306.0,0.3691597878932953,-0.008723897859454155,0.3778836727142334,284.0,0.1779957413673401,327.0,0.18107153475284576,43.0,0.00868927501142025,0.008956583216786385,12.973357200622559,13.357208251953125,303.0,0.03594987839460373,0.007790868170559406,0.028159011155366898,284.0,0.02229391224682331,323.0,0.022114397957921028,39.0,0.0007187350420281291,0.0006917740101926029,1.2247281074523926,0.9130933880805969,317.0,0.5108452439308167,0.1616174876689911,0.34922775626182556,293.0,0.3358132839202881,343.0,0.3376025855541229,50.0,0.007292998488992453,0.006663179025053978,22.55511474609375,14.3126220703125,True
1505059ZERKER1,0,2019,0,No,True,61,False,305.0,0.16158939898014069,0.12024004757404327,0.04134935140609741,0.0,,314.0,0.14032824337482452,314.0,,0.0023623507004231215,1.4273792505264282,0.2850987911224365,305.0,0.3511943817138672,0.3202786445617676,0.03091573715209961,0.0,,313.0,0.3363160192966461,313.0,,0.0018597953021526337,2.916947841644287,0.1945793628692627,305.0,0.055193834006786346,0.0390603169798851,0.016133517026901245,0.0,,313.0,0.047177232801914215,313.0,,0.0010020751506090164,0.4324183464050293,0.10040563344955444,365.0,0.010412911884486675,0.00807300116866827,0.002339910715818405,345.0,0.009274246171116829,0.0,,-345.0,5.6933284213300794e-05,,0.0,0.0,305.0,0.3385342061519623,0.2634444832801819,0.0750897228717804,0.0,,311.0,0.2997790575027466,311.0,,0.00645919144153595,2.064645528793335,0.3522564172744751,False
1505059ZERKER1,1,2020,0,No,True,366,False,296.0,0.48984357714653015,0.07616891711950302,0.41367465257644653,277.0,0.2863996624946594,315.0,0.2901405990123749,38.0,0.010707574896514416,0.010510683059692383,16.00878143310547,13.038193702697754,297.0,0.5994168519973755,0.20092767477035522,0.39848917722702026,276.0,0.4039027988910675,319.0,0.4022435247898102,43.0,0.009310193359851837,0.008962423540651798,22.869503021240234,14.028684616088867,296.0,0.3917844295501709,0.009276210330426693,0.38250821828842163,276.0,0.19488047063350677,314.0,0.2046312838792801,38.0,0.009845198132097721,0.010397396981716156,12.322681427001953,11.960908889770508,293.0,0.0355401486158371,0.005076153203845024,0.030463995411992073,59.0,0.02026860974729061,313.0,0.019903266802430153,254.0,6.526298966491595e-05,0.000781844079028815,3.779221534729004,2.48480224609375,56.0,0.46687230467796326,0.15492761135101318,0.3119446933269501,15.0,0.31150418519973755,324.0,0.3099966049194336,309.0,0.0037894663400948048,0.0005853570764884353,100.96461486816406,52.93705749511719,True
1505059ZERKER1,2,2021,0,No,True,59,False,31.0,0.09041822701692581,0.08311854302883148,0.00729968398809433,16.0,0.08693467825651169,51.0,0.0869031548500061,35.0,0.000232236590818502,0.0001757536083459854,3.208393096923828,0.21612548828125,59.0,0.3192565143108368,0.26206475496292114,0.05719175934791565,39.0,0.2907974123954773,0.0,,-39.0,0.0014229550724849105,,0.0,0.0,25.0,0.022852640599012375,0.017079688608646393,0.005772951990365982,12.0,0.020039264112710953,48.0,0.019936634227633476,36.0,0.00021641358034685254,0.0001267828920390457,0.7979776859283447,0.1660292148590088,59.0,0.007878872565925121,0.007198905572295189,0.0006799669936299324,54.0,0.007528096437454224,0.0,,-54.0,7.015522714937106e-05,,0.0,0.0,59.0,0.3334502875804901,0.2500404417514801,0.08340984582901001,53.0,0.2895689308643341,0.0,,-53.0,0.0073135592974722385,,0.0,0.0,False
1505092WH2,0,2020,0,No,False,46,True,46.0,0.10793865472078323,0.10061624646186829,0.0073224082589149475,38.0,0.10436160117387772,0.0,,-38.0,0.0004471316933631897,,0.0,0.0,46.0,0.3718082010746002,0.3162761330604553,0.0555320680141449,38.0,0.3424835205078125,0.0,,-38.0,0.003665585070848465,,0.0,0.0,46.0,0.02918027713894844,0.024087561294436455,0.005092715844511986,33.0,0.026734085753560066,0.0,,-33.0,0.0001881685748230666,,0.0,0.0,1.0,0.020665060728788376,0.01099180057644844,0.009673260152339935,0.0,,16.0,0.015665458515286446,16.0,,0.0003333068161737174,0.28249818086624146,0.11212527751922607,1.0,0.5989313125610352,0.5007028579711914,0.09822845458984375,0.0,,9.0,0.5494384169578552,9.0,,0.0061866119503974915,4.868236064910889,0.6122617721557617,False
1505124A20,0,2020,0,No,False,125,True,303.0,0.09451871365308762,0.08311200141906738,0.011406712234020233,1.0,0.08947166055440903,305.0,0.09373776614665985,304.0,1.671209611231461e-05,0.00039047375321388245,0.368982195854187,0.03653419017791748,303.0,0.3293006420135498,0.24400147795677185,0.08529916405677795,1.0,0.26395899057388306,305.0,0.3230767548084259,304.0,0.0002163630852010101,0.0031119436025619507,1.2091848850250244,0.233178973197937,303.0,0.03126145899295807,0.0173481535166502,0.013913305476307869,1.0,0.019085027277469635,305.0,0.029884664341807365,304.0,4.031931166537106e-05,0.0006883973255753517,0.10462802648544312,0.035235412418842316,303.0,0.005026894621551037,0.002781523857265711,0.002245370764285326,0.0,,305.0,0.004815409891307354,305.0,,0.00010574236512184143,0.01654093898832798,0.005414843559265137,303.0,0.314992219209671,0.26673176884651184,0.04826045036315918,1.0,0.2746949791908264,305.0,0.3090272545814514,304.0,0.00013343457248993218,0.0029824823141098022,1.1904841661453247,0.12355709075927734,False
1505124A20,1,2021,0,No,False,70,True,13.0,0.09416598081588745,0.08357323706150055,0.010592743754386902,1.0,0.0898139476776123,35.0,0.0773325189948082,34.0,0.00036266943789087236,0.0007651573396287858,6.164938926696777,0.39838552474975586,20.0,0.3007310926914215,0.24850234389305115,0.05222874879837036,1.0,0.2645324468612671,35.0,0.232472226023674,34.0,0.0019051919225603342,0.0045505911111831665,19.12512969970703,1.9784660339355469,17.0,0.026697006076574326,0.014122203923761845,0.012574802152812481,1.0,0.0191839337348938,35.0,0.00906047411262989,34.0,0.0004695670213550329,0.0009798073442652822,1.4806878566741943,0.5062558650970459,30.0,0.005998315755277872,0.004285862203687429,0.0017124535515904427,0.0,,35.0,0.00574111845344305,35.0,,5.143945963936858e-05,0.3040979504585266,0.008373409509658813,2.0,0.2748546898365021,0.2338193953037262,0.04103529453277588,1.0,0.2747735381126404,0.0,,-1.0,8.115172386169434e-05,,0.0,0.0,False
1505124ARVIN14,0,2020,0,No,False,174,True,1.0,0.12109005451202393,0.09060050547122955,0.030489549040794373,0.0,,17.0,0.10537641495466232,17.0,,0.0009821024723351002,1.8691940307617188,0.3742856979370117,40.0,0.3079363703727722,0.25310707092285156,0.054829299449920654,4.0,0.27999284863471985,73.0,0.28095340728759766,69.0,0.0007762089371681213,0.0008176655392162502,20.858638763427734,3.141143798828125,1.0,0.045942191034555435,0.016737764701247215,0.02920442633330822,0.0,,22.0,0.031178712844848633,22.0,,0.0007030227570794523,0.8185313940048218,0.4586694538593292,1.0,0.027766358107328415,0.016567988321185112,0.011198369786143303,0.0,,9.0,0.02232145518064499,9.0,,0.0006806128658354282,0.21150702238082886,0.07067912817001343,174.0,0.33886367082595825,0.25187522172927856,0.08698844909667969,115.0,0.29562056064605713,0.0,,-115.0,0.0007329340442083776,,0.0,0.0,False
1505124D15,0,2020,0,No,False,147,True,220.0,0.46199166774749756,0.05561317875981331,0.40637847781181335,0.0,,235.0,0.2583445906639099,235.0,,0.01357647217810154,5.506897926330566,4.617086887359619,220.0,0.5386207103729248,0.22627821564674377,0.31234249472618103,0.0,,238.0,0.383226603269577,238.0,,0.008633006364107132,8.500842094421387,4.201556205749512,220.0,0.2891998887062073,0.00664393650367856,0.2825559377670288,0.0,,232.0,0.15261298418045044,232.0,,0.011382241733372211,2.7165722846984863,2.6302011013031006,220.0,0.047131434082984924,0.003032287582755089,0.044099144637584686,0.0,,234.0,0.02503059431910515,234.0,,0.001578631461597979,0.5170677900314331,0.4715834856033325,220.0,0.8893422484397888,0.24476417899131775,0.6445780992507935,0.0,,233.0,0.5730140805244446,233.0,,0.024332936853170395,9.90004825592041,6.473349571228027,True
1505124D15A,0,2020,0,No,False,147,True,220.0,0.4124069809913635,0.05897735059261322,0.3534296154975891,0.0,,236.0,0.2312842309474945,236.0,,0.011320171877741814,5.222712993621826,4.22009801864624,220.0,0.5134674310684204,0.2416207194328308,0.2718467116355896,0.0,,239.0,0.3780757486820221,239.0,,0.007125878240913153,8.650853157043457,3.8184385299682617,220.0,0.25011029839515686,0.010156210511922836,0.23995408415794373,0.0,,232.0,0.1330254077911377,232.0,,0.009757074527442455,2.3556127548217773,2.2235820293426514,220.0,0.04519819840788841,0.0030029648914933205,0.04219523444771767,0.0,,233.0,0.02392098493874073,233.0,,0.0016367087373510003,0.4603525996208191,0.41831108927726746,220.0,0.8702473044395447,0.2189355492591858,0.6513117551803589,0.0,,232.0,0.5561862587928772,232.0,,0.02617175318300724,8.919792175292969,6.073630332946777,True
1505124D17A,0,2021,1,Mixed,False,176,True,320.0,0.35593101382255554,0.09556111693382263,0.2603698968887329,292.0,0.22600750625133514,350.0,0.22405552864074707,58.0,0.0046401252038776875,0.004395849537104368,17.996116638183594,12.358011245727539,319.0,0.5200925469398499,0.2020893394947052,0.31800320744514465,289.0,0.3586537837982178,348.0,0.3619173765182495,59.0,0.005381292197853327,0.005454316269606352,27.58603286743164,15.460673332214355,320.0,0.33282893896102905,0.02959076128900051,0.303238183259964,292.0,0.18323814868927002,348.0,0.18125180900096893,56.0,0.005342528223991394,0.005413468927145004,15.630736351013184,13.944063186645508,365.0,0.040122438222169876,0.02065415307879448,0.019468285143375397,302.0,0.03051687963306904,0.0,,-302.0,0.0001524691906524822,,0.0,0.0,190.0,0.578244686126709,0.36592262983322144,0.21232205629348755,0.0,,227.0,0.46941372752189636,227.0,,0.00294137722812593,18.758541107177734,5.036441802978516,True
1505124D17B,0,2021,1,Mixed,False,176,True,319.0,0.41010457277297974,0.1045682281255722,0.30553632974624634,292.0,0.26021289825439453,349.0,0.2582586705684662,57.0,0.005551543552428484,0.005061530042439699,20.393775939941406,14.328818321228027,317.0,0.560838520526886,0.22485780715942383,0.33598071336746216,289.0,0.39554330706596375,347.0,0.39444106817245483,58.0,0.005903400480747223,0.00554658193141222,29.407875061035156,16.141263961791992,318.0,0.3693334758281708,0.03810302913188934,0.3312304615974426,291.0,0.2042914777994156,347.0,0.20594626665115356,56.0,0.006112666800618172,0.005634041503071785,17.428741455078125,15.256868362426758,190.0,0.04376917704939842,0.02235689014196396,0.021412286907434464,0.0,,335.0,0.03308749943971634,335.0,,7.366674253717065e-05,2.4961042404174805,-0.7568235397338867,190.0,0.5935920476913452,0.36963361501693726,0.22395843267440796,0.0,,226.0,0.479669451713562,226.0,,0.003164516529068351,18.762828826904297,5.271202087402344,True
1505124ED23,0,2020,1,Mixed,False,208,True,329.0,0.5078561305999756,0.08559076488018036,0.42226535081863403,294.0,0.2949594557285309,0.0,,-294.0,0.006082762032747269,,0.0,0.0,331.0,0.6624544262886047,0.24405024945735931,0.41840416193008423,293.0,0.45344477891921997,0.0,,-293.0,0.00550025375559926,,0.0,0.0,316.0,0.4633426070213318,0.022847097367048264,0.4404955208301544,290.0,0.24289382994174957,0.0,,-290.0,0.008478798903524876,,0.0,0.0,327.0,0.037010494619607925,0.007674101740121841,0.029336392879486084,290.0,0.022132743149995804,0.0,,-290.0,0.00040210140286944807,,0.0,0.0,220.0,0.3986848294734955,0.17571903765201569,0.2229657918214798,0.0,,247.0,0.29052236676216125,247.0,,0.0040060169994831085,10.069361686706543,4.973509788513184,True
1505124ED23,1,2021,0,No,False,235,True,1.0,0.1089717298746109,0.08426086604595184,0.024710863828659058,0.0,,1.0,0.1089717298746109,1.0,,,0.16210907697677612,0.035717785358428955,1.0,0.3124506175518036,0.25743529200553894,0.05501532554626465,0.0,,60.0,0.2714509963989258,60.0,,0.0006949088419787586,32.31987762451172,1.8137931823730469,1.0,0.03604615107178688,0.00982748344540596,0.02621866762638092,0.0,,60.0,0.021903274580836296,60.0,,0.0002397097705397755,2.94085431098938,1.776297688484192,1.0,0.011297614313662052,0.006960703991353512,0.00433691032230854,0.0,,60.0,0.008177582174539566,60.0,,5.288190004648641e-05,0.9838829636573792,0.15903949737548828,93.0,0.6588214635848999,0.2135758399963379,0.445245623588562,68.0,0.43222492933273315,114.0,0.43793779611587524,46.0,0.009063861332833767,0.0105182696133852,26.618370056152344,16.580305099487305,False
1505124ED23A,0,2021,1,Fungicide,False,190,True,127.0,0.8261562585830688,0.030900387093424797,0.7952558994293213,96.0,0.4227331876754761,160.0,0.42745622992515564,64.0,0.013013647869229317,0.012081818655133247,43.94084930419922,41.93232345581055,125.0,0.8428257703781128,0.2132035791873932,0.629622220993042,93.0,0.5255258083343506,163.0,0.5260230302810669,70.0,0.009915623813867569,0.008336913771927357,51.68437194824219,36.54692077636719,124.0,0.6462653279304504,-0.029715539887547493,0.6759808659553528,93.0,0.3092772960662842,158.0,0.31504082679748535,65.0,0.010870581492781639,0.009741896763443947,34.44328308105469,36.404510498046875,145.0,0.046699948608875275,0.0018986676586791873,0.04480127990245819,98.0,0.02403487078845501,175.0,0.023984085768461227,77.0,0.00048223568592220545,0.0007571954047307372,3.0844838619232178,2.936387777328491,145.0,0.8063796162605286,0.0845656767487526,0.7218139171600342,108.0,0.4408716857433319,173.0,0.4363905191421509,65.0,0.009878592565655708,0.013213896192610264,44.1017951965332,38.52046203613281,True
1505124ED23B,0,2021,1,Fungicide,False,190,True,132.0,0.8831518888473511,0.04245631396770477,0.8406955599784851,102.0,0.46367302536964417,167.0,0.4665756821632385,65.0,0.013982628472149372,0.011902177706360817,48.25414276123047,45.4520263671875,130.0,0.8476480841636658,0.2321774661540985,0.6154706478118896,99.0,0.5441462993621826,170.0,0.5374143123626709,71.0,0.009790380485355854,0.007755844388157129,53.316593170166016,36.599815368652344,130.0,0.6707974672317505,-0.022770743817090988,0.693568229675293,98.0,0.31702712178230286,167.0,0.3215167224407196,69.0,0.011055323295295238,0.009440019726753235,38.15559387207031,39.74954605102539,153.0,0.04908740520477295,0.009399229660630226,0.03968817740678787,102.0,0.028680704534053802,181.0,0.029282724484801292,79.0,0.0004001313936896622,0.0007073100423440337,3.4603872299194336,2.708448886871338,154.0,0.7882440090179443,0.1951494663953781,0.593094527721405,111.0,0.48531612753868103,180.0,0.48969966173171997,69.0,0.007044834550470114,0.011482475325465202,47.80044174194336,34.13998031616211,True
1505124EYRAUD10,0,2020,1,Mixed,False,195,True,149.0,0.821592390537262,0.03359690681099892,0.787995457649231,113.0,0.43394991755485535,177.0,0.4334334433078766,64.0,0.010767846368253231,0.013862819410860538,44.217628479003906,42.03382873535156,147.0,0.8253414630889893,0.24563442170619965,0.5797070264816284,111.0,0.5353366732597351,178.0,0.542600691318512,67.0,0.008055688813328743,0.009120670147240162,49.45056915283203,32.74742889404297,146.0,0.6417744159698486,-0.04317218065261841,0.684946596622467,109.0,0.2972782850265503,176.0,0.3046940267086029,67.0,0.00931070651859045,0.011236012913286686,35.47914123535156,38.41484832763672,139.0,0.04743196442723274,0.007106965873390436,0.040324997156858444,104.0,0.02710743062198162,181.0,0.027087075635790825,77.0,0.0005807009874843061,0.0004844021168537438,3.18337082862854,2.6290273666381836,165.0,0.7077273726463318,0.20320996642112732,0.5045174360275269,128.0,0.45077580213546753,186.0,0.4660020172595978,58.0,0.006944636814296246,0.011510731652379036,35.95790100097656,23.9685115814209,True
1505124RICO16A,0,2019,0,No,False,61,False,305.0,0.11331726610660553,0.09642855823040009,0.016888707876205444,0.0,,314.0,0.10499264299869537,314.0,,0.0009249581489712,1.0351566076278687,0.11908531188964844,347.0,0.30141034722328186,0.27234768867492676,0.029062658548355103,330.0,0.28621548414230347,362.0,0.28741198778152466,32.0,0.0008938154787756503,0.0009332239860668778,9.75692081451416,0.7694463729858398,305.0,0.021571962162852287,0.015055104158818722,0.0065168580040335655,0.0,,315.0,0.018208837136626244,315.0,,0.00033631251426413655,0.20823858678340912,0.050159990787506104,365.0,0.008669058792293072,0.005746135488152504,0.0029229233041405678,360.0,0.00715220021083951,0.0,,-360.0,0.00030337172211147845,,0.0,0.0,305.0,0.31859955191612244,0.263947457075119,0.05465209484100342,0.0,,310.0,0.29360872507095337,310.0,,0.0049981651827692986,1.6773006916046143,0.22558975219726562,False
1505124RICO16A,1,2020,1,Fungicide,False,366,False,141.0,0.4285651743412018,0.07915860414505005,0.34940657019615173,106.0,0.2513684034347534,328.0,0.25305822491645813,222.0,0.005062764976173639,0.0009385398589074612,46.166114807128906,28.513744354248047,139.0,0.5956348776817322,0.2389717698097229,0.3566631078720093,104.0,0.41898128390312195,168.0,0.4200969338417053,64.0,0.005047245416790247,0.006053032353520393,34.443275451660156,18.910112380981445,138.0,0.35453832149505615,0.0032355657313019037,0.35130274295806885,103.0,0.17549638450145721,343.0,0.18018734455108643,240.0,0.00511548388749361,0.0008504925644956529,36.649227142333984,35.86945724487305,145.0,0.04528048262000084,0.005688187666237354,0.03959229588508606,107.0,0.025220956653356552,170.0,0.02502749115228653,63.0,0.0005278822500258684,0.000810119672678411,2.3786745071411133,2.0146305561065674,341.0,0.4636322259902954,0.2403952032327652,0.2232370227575302,278.0,0.35369637608528137,364.0,0.3736122250556946,86.0,0.0017450135201215744,0.003913912922143936,35.48185348510742,14.567472457885742,True
1505124RICO16A,2,2021,0,No,False,59,False,59.0,0.18583762645721436,0.14869749546051025,0.0371401309967041,54.0,0.1682531237602234,0.0,,-54.0,0.003516900585964322,,0.0,0.0,59.0,0.3623523712158203,0.3048103451728821,0.05754202604293823,48.0,0.33358287811279297,0.0,,-48.0,0.002615408506244421,,0.0,0.0,59.0,0.17693975567817688,0.10728434473276138,0.0696554109454155,51.0,0.13975246250629425,0.0,,-51.0,0.004648411646485329,,0.0,0.0,27.0,0.014378177933394909,0.00919396337121725,0.005184214562177658,1.0,0.012402991764247417,40.0,0.011671978048980236,39.0,7.596869545523077e-05,0.00020816922187805176,0.5230450630187988,0.1598834991455078,59.0,0.42014870047569275,0.36244919896125793,0.057699501514434814,49.0,0.3897513151168823,0.0,,-49.0,0.0030397386290133,,0.0,0.0,False
1505124S17,0,2020,1,Mixed,False,208,True,321.0,0.5128068327903748,0.07359132915735245,0.4392155110836029,291.0,0.29002609848976135,0.0,,-291.0,0.007426024414598942,,0.0,0.0,316.0,0.6667584776878357,0.23064708709716797,0.4361113905906677,291.0,0.4422626793384552,0.0,,-291.0,0.00897983182221651,,0.0,0.0,315.0,0.46656033396720886,0.012782182544469833,0.45377814769744873,289.0,0.2375372350215912,0.0,,-289.0,0.008808581158518791,,0.0,0.0,324.0,0.03205101191997528,0.005230970215052366,0.026820041239261627,291.0,0.018707972019910812,0.0,,-291.0,0.00040433453978039324,,0.0,0.0,343.0,0.6689625382423401,0.42639434337615967,0.24256819486618042,293.0,0.5464510917663574,0.0,,-293.0,0.002450228901579976,,0.0,0.0,True
1505124S17,1,2021,1,Other,False,249,True,152.0,0.12840904295444489,0.06079215183854103,0.06761689484119415,84.0,0.09412959963083267,176.0,0.09355021268129349,92.0,0.0005041094846092165,0.001452451222576201,10.673446655273438,5.019776344299316,103.0,0.27784520387649536,0.20571863651275635,0.07212656736373901,78.0,0.24196042120456696,178.0,0.24242892861366272,100.0,0.0014353912556543946,0.0004722170124296099,27.12103271484375,6.343450546264648,142.0,0.11209851503372192,-0.0010927757248282433,0.11319129168987274,87.0,0.056482572108507156,171.0,0.05615399777889252,84.0,0.0010111989686265588,0.0019291213247925043,7.978034019470215,8.07091999053955,117.0,0.013678744435310364,0.0032057520002126694,0.010472992435097694,85.0,0.00837200228124857,169.0,0.008577490225434303,84.0,0.00016583569231443107,9.810104529606178e-05,1.0224378108978271,0.7499489188194275,144.0,0.5041570067405701,0.3083195686340332,0.19583743810653687,86.0,0.4057842195034027,178.0,0.4045698642730713,92.0,0.0016960825305432081,0.00292903371155262,43.870277404785156,15.196557998657227,False
1505124S17A,0,2021,0,No,False,190,True,144.0,0.22432741522789001,0.055340781807899475,0.16898663341999054,114.0,0.13905729353427887,170.0,0.1410471498966217,56.0,0.0028423373587429523,0.003203087020665407,10.949502944946289,7.795078754425049,144.0,0.35900798439979553,0.20315982401371002,0.1558481603860855,115.0,0.28190892934799194,171.0,0.2818537950515747,56.0,0.0026585881132632494,0.002857562620192766,18.837413787841797,7.257303237915039,138.0,0.22060085833072662,-0.009001076221466064,0.2296019345521927,106.0,0.10574980825185776,166.0,0.10667451471090317,60.0,0.003589095314964652,0.004068797919899225,10.766219139099121,11.315284729003906,122.0,0.015257754363119602,0.004839146044105291,0.010418608784675598,89.0,0.010057431645691395,167.0,0.010171668604016304,78.0,0.0001575855421833694,0.00011302412895020097,1.0779032707214355,0.695610761642456,153.0,0.5590503811836243,0.3433733582496643,0.21567702293395996,89.0,0.4529198706150055,182.0,0.45099329948425293,93.0,0.0016582892276346684,0.003726106369867921,48.97478103637695,16.69768524169922,False
1505124SAND14,0,2020,0,No,False,174,True,1.0,0.11123858392238617,0.08146587014198303,0.029772713780403137,0.0,,10.0,0.0966750830411911,10.0,,0.001618166803382337,0.9837113618850708,0.2097855806350708,35.0,0.2572413980960846,0.222477525472641,0.034763872623443604,1.0,0.24763917922973633,74.0,0.24009588360786438,73.0,0.0002824182156473398,0.00043962858035229146,18.42011260986328,2.068012237548828,1.0,0.03261197358369827,0.006281844340264797,0.0263301283121109,0.0,,79.0,0.01954874023795128,79.0,,0.00016747735207900405,1.9823555946350098,1.4892308712005615,1.0,0.016564738005399704,0.010442693717777729,0.006122044287621975,0.0,,11.0,0.013519752770662308,11.0,,0.0003044985351152718,0.15735018253326416,0.047701895236968994,1.0,0.6371297836303711,0.47183850407600403,0.16529127955436707,0.0,,18.0,0.5538095235824585,18.0,,0.004901191685348749,10.406404495239258,2.14923095703125,False
150553216F,0,2020,1,Herbicide,False,209,True,129.0,0.6058112978935242,0.05717499181628227,0.5486363172531128,101.0,0.3267253041267395,155.0,0.32893601059913635,54.0,0.00996735692024231,0.010649049654603004,27.712514877319336,24.567890167236328,129.0,0.7239226698875427,0.20056644082069397,0.5233561992645264,100.0,0.4653233587741852,154.0,0.4691529870033264,54.0,0.008917218074202538,0.010190787725150585,34.57329177856445,23.542139053344727,127.0,0.4850813150405884,-0.0014304840005934238,0.48651179671287537,99.0,0.23605675995349884,153.0,0.24431563913822174,54.0,0.008893733844161034,0.00926021859049797,21.71708869934082,21.795764923095703,126.0,0.0552963949739933,0.003721546847373247,0.05157484859228134,94.0,0.02968323789536953,153.0,0.028738882392644882,59.0,0.0008004111587069929,0.0009836115641519427,2.720674753189087,2.4973819255828857,132.0,0.9174659252166748,0.32586026191711426,0.5916056632995605,83.0,0.6203755736351013,158.0,0.6176615357398987,75.0,0.00606306828558445,0.011530937626957893,60.133636474609375,35.368255615234375,True
150553216H,0,2020,1,Herbicide,False,219,True,253.0,0.07177533954381943,0.05500422790646553,0.016771111637353897,217.0,0.06341824680566788,305.0,0.0661754161119461,88.0,0.00023214146494865417,0.0001076908374670893,6.0691046714782715,1.1737275123596191,308.0,0.22218628227710724,0.18436050415039062,0.037825778126716614,288.0,0.20297646522521973,0.0,,-288.0,0.0009604908409528434,,0.0,0.0,280.0,0.019498953595757484,0.002648149151355028,0.016850804910063744,234.0,0.011226669885218143,305.0,0.016094138845801353,71.0,0.00017983224825002253,0.00013619259698316455,1.262516975402832,1.071850299835205,312.0,0.005257890094071627,0.004036191385239363,0.001221698708832264,283.0,0.004650671035051346,0.0,,-283.0,2.0938588932040147e-05,,0.0,0.0,246.0,0.2752360999584198,0.12389940023422241,0.1513366997241974,209.0,0.2268063724040985,283.0,0.19800139963626862,74.0,0.0013089115964248776,0.002087424276396632,19.15872573852539,9.92821979522705,False
150553216H,1,2021,1,Herbicide,False,267,True,132.0,0.8434110879898071,0.045972611755132675,0.7974385023117065,106.0,0.4557439088821411,156.0,0.4432239830493927,50.0,0.014910276047885418,0.0166744627058506,35.5678825378418,33.2232780456543,131.0,0.8632609248161316,0.18261317908763885,0.6806477308273315,103.0,0.5247402191162109,157.0,0.5182591676712036,54.0,0.012090025469660759,0.01326929870992899,40.578025817871094,30.5343017578125,130.0,0.6587302684783936,-0.00607972452417016,0.6648100018501282,104.0,0.3252522647380829,155.0,0.32218122482299805,51.0,0.012826076708734035,0.013461961410939693,27.797649383544922,28.113794326782227,132.0,0.043247584253549576,0.004734080750495195,0.03851350396871567,102.0,0.023868123069405556,158.0,0.024063531309366226,56.0,0.0006459820433519781,0.0007378481677733362,2.0590834617614746,1.789240837097168,140.0,0.6534392237663269,0.15676695108413696,0.49667227268218994,115.0,0.406517893075943,163.0,0.41050440073013306,48.0,0.009876852855086327,0.010562383569777012,27.52834129333496,19.846759796142578,True
150553219B,0,2021,1,Herbicide,False,158,True,234.0,0.08228151500225067,0.053417883813381195,0.028863631188869476,208.0,0.07230743020772934,303.0,0.06803157925605774,95.0,0.0003836186369881034,0.00020652081002481282,7.528327465057373,2.426919460296631,287.0,0.2384762316942215,0.13449876010417938,0.10397747159004211,208.0,0.21503259241580963,334.0,0.18722808361053467,126.0,0.0002967549371533096,0.0010903861839324236,28.021799087524414,11.007705688476562,260.0,0.02039489522576332,-0.0009024115279316902,0.021297305822372437,211.0,0.00994179304689169,312.0,0.009834229946136475,101.0,0.00021332861797418445,0.0002030897157965228,1.7557084560394287,1.8477544784545898,365.0,0.027009913697838783,0.01473931409418583,0.012270599603652954,358.0,0.02053683064877987,0.0,,-358.0,0.0009247261332347989,,0.0,0.0,365.0,0.6066093444824219,0.43646472692489624,0.17014461755752563,355.0,0.5211934447288513,0.0,,-355.0,0.008541589602828026,,0.0,0.0,False
150553219D,0,2020,1,Herbicide,False,209,True,118.0,0.8045701384544373,0.05957828462123871,0.7449918389320374,91.0,0.44258907437324524,143.0,0.43918025493621826,52.0,0.013406706042587757,0.01461559534072876,35.55602264404297,32.398372650146484,118.0,0.7831495404243469,0.1913270801305771,0.5918224453926086,89.0,0.4949124753475189,145.0,0.48386144638061523,56.0,0.009939209558069706,0.011084743775427341,38.48394775390625,27.578304290771484,116.0,0.5897375345230103,0.0026932810433208942,0.5870442390441895,89.0,0.29767677187919617,142.0,0.2902803421020508,53.0,0.01081706490367651,0.011517584323883057,25.94598960876465,25.800552368164062,123.0,0.05072065070271492,0.0058552855625748634,0.04486536607146263,76.0,0.02813970483839512,147.0,0.028195194900035858,71.0,0.00048044565482996404,0.0009385606390424073,2.9542336463928223,2.5326530933380127,131.0,0.8156128525733948,0.35346850752830505,0.4621443450450897,70.0,0.5899755954742432,153.0,0.5843039751052856,83.0,0.0036989713553339243,0.010514039546251297,59.70490264892578,30.013547897338867,True
150553219E2ORG,0,2020,0,No,True,209,True,112.0,0.5465880036354065,0.07243212312459946,0.47415587306022644,86.0,0.3082179129123688,142.0,0.30612748861312866,56.0,0.009168080054223537,0.008015350438654423,25.987428665161133,21.858797073364258,112.0,0.6027970910072327,0.20844833552837372,0.39434874057769775,84.0,0.40354159474372864,144.0,0.40292513370513916,60.0,0.007116267923265696,0.006245998665690422,32.15193176269531,19.43658447265625,109.0,0.37611377239227295,0.012506812810897827,0.3636069595813751,83.0,0.19146184623241425,137.0,0.19666247069835663,54.0,0.007101997267454863,0.00640897499397397,16.77867889404297,16.090805053710938,100.0,0.04601448401808739,0.0054060909897089005,0.04060839116573334,70.0,0.025814054533839226,144.0,0.025231050327420235,74.0,0.0006733476766385138,0.00047235077363438904,2.94573974609375,2.540282964706421,127.0,0.8848950862884521,0.3636748194694519,0.5212202668190002,74.0,0.6277462840080261,155.0,0.6298437714576721,81.0,0.00485186418518424,0.009108975529670715,64.70497131347656,34.883636474609375,True
150553219E3ORG1,0,2020,0,No,True,219,True,209.0,0.08488482981920242,0.04775805026292801,0.037126779556274414,0.0,,274.0,0.06633667647838593,274.0,,0.00028535621822811663,5.0826497077941895,1.8828606605529785,339.0,0.2623489201068878,0.06414481997489929,0.19820410013198853,277.0,0.1789698302745819,0.0,,-277.0,0.0013448239769786596,,0.0,0.0,345.0,0.028446003794670105,0.009165056049823761,0.019280947744846344,249.0,0.018848413601517677,0.0,,-249.0,9.997489542001858e-05,,0.0,0.0,1.0,0.008175188675522804,0.005606517661362886,0.002568671014159918,1.0,0.008175188675522804,291.0,0.005424443632364273,290.0,,9.485327609581873e-06,0.347148060798645,-0.1237994134426117,1.0,0.4549993872642517,0.3875417113304138,0.06745767593383789,1.0,0.4549993872642517,258.0,0.42096585035324097,257.0,,0.00013242621207609773,21.067413330078125,1.302785873413086,False
150553219E3ORG1,1,2021,0,No,True,1,True,,,,,,,,,,,,,,,,,,,,,,,,,,,,,,,,,,,,,,,,,,,,,,,,,,,,,,,,,,,,,,,,,,False
150553219GE,0,2021,1,Herbicide,False,134,True,232.0,0.09480482339859009,0.06785480678081512,0.026950016617774963,0.0,,278.0,0.08115819841623306,278.0,,0.00029666576301679015,4.056973457336426,0.9017248153686523,232.0,0.2556392252445221,0.15322306752204895,0.10241615772247314,0.0,,310.0,0.20441290736198425,310.0,,0.0006567476666532457,18.37351417541504,6.3455047607421875,232.0,0.024412518367171288,0.010977726429700851,0.013434791937470436,0.0,,285.0,0.01766878366470337,285.0,,0.0001272402732865885,1.0978318452835083,0.5105234980583191,365.0,0.012006419710814953,0.0076960353180766106,0.004310384392738342,359.0,0.009860917925834656,0.0,,-359.0,0.0003575836308300495,,0.0,0.0,232.0,0.3632996380329132,0.2148917019367218,0.1484079360961914,0.0,,253.0,0.2899545729160309,253.0,,0.003492622170597315,7.10940408706665,2.4892325401306152,False
150553220A,0,2020,1,Mixed,False,209,True,131.0,0.7060163021087646,0.053967274725437164,0.6520490050315857,105.0,0.37558916211128235,158.0,0.3705512285232544,53.0,0.012708736583590508,0.012424631975591183,31.37450408935547,28.46027183532715,131.0,0.7674381732940674,0.20119735598564148,0.5662407875061035,103.0,0.4847732186317444,160.0,0.48188522458076477,57.0,0.010095177218317986,0.009846653789281845,38.344364166259766,26.674915313720703,129.0,0.5473836660385132,-0.00042141019366681576,0.5478050708770752,103.0,0.27885743975639343,156.0,0.28056198358535767,53.0,0.010327931493520737,0.009882284328341484,24.16862678527832,24.191383361816406,136.0,0.047965116798877716,0.00452000368386507,0.04344511404633522,101.0,0.026276513934135437,163.0,0.02631869912147522,62.0,0.0006196743925102055,0.0008017192012630403,2.5283710956573486,2.2436108589172363,145.0,0.6786719560623169,0.1691177636384964,0.5095542073249817,119.0,0.41992560029029846,168.0,0.41935107111930847,49.0,0.00995178334414959,0.011274821124970913,29.096004486083984,20.64011573791504,True
150553220C1,0,2021,1,Herbicide,False,158,True,232.0,0.10061956197023392,0.055354028940200806,0.04526553303003311,210.0,0.07873787730932236,276.0,0.07809235155582428,66.0,0.0009946220088750124,0.0005119820707477629,6.1204142570495605,2.411694288253784,229.0,0.2573614716529846,0.1377250701189041,0.1196364015340805,208.0,0.22169601917266846,336.0,0.19633442163467407,128.0,0.001698354841209948,0.0005703462520614266,28.59074592590332,10.893074035644531,232.0,0.02329164370894432,0.0017446896526962519,0.021546954289078712,210.0,0.012707110494375229,330.0,0.012409549206495285,120.0,0.00048111515934579074,0.00011104177974630147,2.167243003845215,1.9561355113983154,365.0,0.031622275710105896,0.01706194505095482,0.014560330659151077,359.0,0.024541202932596207,0.0,,-359.0,0.0011801788350567222,,0.0,0.0,236.0,0.34903109073638916,0.20871315896511078,0.14031793177127838,208.0,0.29471105337142944,302.0,0.2787454426288605,94.0,0.0019400013843551278,0.0010649340692907572,29.912275314331055,10.188882827758789,False
150553220E1,0,2020,0,No,False,61,False,334.0,0.07494524121284485,0.06111953407526016,0.013825707137584686,306.0,0.07022019475698471,351.0,0.0683223307132721,45.0,0.00016875166329555213,0.0003895829722750932,3.314014434814453,0.5330758094787598,312.0,0.2336292415857315,0.19183549284934998,0.04179374873638153,306.0,0.23332980275154114,346.0,0.21356439590454102,40.0,4.9906473577721044e-05,0.0005901425029151142,9.267013549804688,1.497675895690918,306.0,0.017910152673721313,0.009889044798910618,0.008021107874810696,0.0,,338.0,0.013987471349537373,338.0,,0.00012258379138074815,0.5309177041053772,0.2045792043209076,1.0,0.0065226624719798565,0.0058728717267513275,0.000649790745228529,0.0,,328.0,0.0055883643217384815,328.0,,2.8571807888511103e-06,0.12624862790107727,-0.008827432990074158,306.0,0.1909448504447937,0.17562878131866455,0.01531606912612915,0.0,,320.0,0.18338671326637268,320.0,,0.0005398669163696468,2.7971792221069336,0.16274762153625488,False
150553220E1,1,2021,1,Herbicide,False,365,False,237.0,0.091401107609272,0.05740555748343468,0.033995550125837326,50.0,0.07424671947956085,285.0,0.07475564628839493,235.0,9.173469879897311e-05,0.00034678043448366225,18.593502044677734,5.0457916259765625,238.0,0.23994122445583344,0.18333962559700012,0.05660159885883331,141.0,0.2121221125125885,280.0,0.2123597264289856,139.0,0.00028679496608674526,0.0006567023228853941,32.365821838378906,6.698274612426758,77.0,0.019144313409924507,0.0011665269266813993,0.01797778718173504,3.0,0.010130898095667362,299.0,0.010277829132974148,296.0,0.00012180290650576353,3.993911741417833e-05,3.7852089405059814,3.4387502670288086,361.0,0.016995487734675407,0.00955908466130495,0.007436403073370457,349.0,0.013353013433516026,365.0,0.01641768589615822,16.0,0.000303539534797892,0.00014445045962929726,0.2628297805786133,0.10510489344596863,256.0,0.48827797174453735,0.15030361711978912,0.3379743695259094,215.0,0.31778684258461,286.0,0.32119593024253845,71.0,0.0041583203710615635,0.0055694011971354485,30.37532615661621,19.553466796875,False
150553220E1,2,2022,0,No,False,59,False,31.0,0.0876435860991478,0.07655582576990128,0.011087760329246521,15.0,0.08224678784608841,59.0,0.08417744189500809,44.0,0.0003372998908162117,0.00012379085819702595,3.819368362426758,0.41263437271118164,59.0,0.21496252715587616,0.20153912901878357,0.01342339813709259,21.0,0.20818693935871124,0.0,,-21.0,0.00017830493743531406,,0.0,0.0,59.0,0.019750677049160004,0.01371120847761631,0.0060394685715436935,49.0,0.016704941168427467,0.0,,-49.0,0.0003045735938940197,,0.0,0.0,59.0,0.01646837778389454,0.011618375778198242,0.004850002005696297,54.0,0.013999645598232746,0.0,,-54.0,0.0004937464254908264,,0.0,0.0,1.0,0.12780746817588806,0.12073803693056107,0.007069431245326996,0.0,,4.0,0.12373951822519302,4.0,,0.001355983316898346,0.43905404210090637,0.016470909118652344,False
150553220F1,0,2020,1,Herbicide,False,219,True,209.0,0.08000551909208298,0.05535386502742767,0.024651654064655304,1.0,0.05621751770377159,305.0,0.06867507100105286,304.0,0.00011436539352871478,0.00011802549852291122,7.242295742034912,1.8176159858703613,307.0,0.2356862723827362,0.1761365383863449,0.059549733996391296,282.0,0.20639725029468536,0.0,,-282.0,0.0011715608416125178,,0.0,0.0,259.0,0.01933392509818077,0.007549485191702843,0.011784439906477928,232.0,0.013336282223463058,281.0,0.018258854746818542,49.0,0.00022213492775335908,4.886683382210322e-05,0.8796083927154541,0.5021340847015381,317.0,0.0049176705069839954,0.003649782855063677,0.0012678876519203186,302.0,0.00430623022839427,0.0,,-302.0,4.0762686694506556e-05,,0.0,0.0,233.0,0.5730980038642883,0.12951628863811493,0.4435817003250122,209.0,0.5632603168487549,273.0,0.34821975231170654,64.0,0.00040990361594595015,0.005621956195682287,33.931732177734375,25.577932357788086,False
150553220F1,1,2021,1,Mixed,False,268,True,129.0,0.6699514389038086,0.05483631789684296,0.6151151061058044,104.0,0.3627437949180603,155.0,0.36205464601516724,51.0,0.012288305908441544,0.011842184700071812,28.843481063842773,25.991992950439453,129.0,0.7503536343574524,0.19259968400001526,0.5577539205551147,103.0,0.4738282263278961,157.0,0.46838411688804626,54.0,0.010635592974722385,0.010070339776575565,35.510047912597656,24.917064666748047,128.0,0.5306764245033264,0.00040742260171100497,0.5302690267562866,103.0,0.2643144130706787,154.0,0.2638331651687622,51.0,0.010654480196535587,0.010263202711939812,22.36581802368164,22.34463119506836,136.0,0.039790354669094086,0.0024758849758654833,0.03731447085738182,104.0,0.021225230768322945,161.0,0.020586738362908363,57.0,0.0005801601218990982,0.0007681446732021868,1.8858745098114014,1.742273211479187,141.0,0.6742425560951233,0.16656742990016937,0.5076751112937927,115.0,0.4191310405731201,163.0,0.4204745590686798,48.0,0.009811981581151485,0.011534908786416054,28.329404830932617,20.167600631713867,True
150553220G1,0,2020,1,Herbicide,False,219,True,254.0,0.07796499878168106,0.05581112205982208,0.02215387672185898,228.0,0.07165054976940155,282.0,0.06683240085840225,54.0,0.00024286341795232147,0.00039759278297424316,4.058498382568359,0.9888870716094971,338.0,0.23038004338741302,0.16929559409618378,0.06108444929122925,281.0,0.19955122470855713,0.0,,-281.0,0.0005408564466051757,,0.0,0.0,260.0,0.020670359954237938,0.00681662280112505,0.013853737153112888,232.0,0.013621186837553978,305.0,0.019124286249279976,73.0,0.00025175619521178305,3.435719190747477e-05,1.397710919380188,0.8932808637619019,1.0,0.005831628106534481,0.004302680492401123,0.001528947614133358,1.0,0.005831628106534481,209.0,0.0028274378273636103,208.0,,1.4443222426052671e-05,0.010157535783946514,0.001552174799144268,235.0,0.5063913464546204,0.15898065268993378,0.3474106788635254,209.0,0.4846867024898529,269.0,0.33133962750434875,60.0,0.0008347940165549517,0.005148579832166433,28.433799743652344,18.81546974182129,False
150553220G1,1,2021,1,Mixed,False,268,True,136.0,0.7361440062522888,0.05117199197411537,0.6849719882011414,110.0,0.40288451313972473,162.0,0.3881725072860718,52.0,0.012817672453820705,0.013383518904447556,32.311710357666016,29.599594116210938,136.0,0.8005263209342957,0.18152812123298645,0.6189981698989868,108.0,0.48287731409072876,163.0,0.4950103461742401,55.0,0.011344606988132,0.011315406300127506,38.35044479370117,28.18486976623535,135.0,0.6079366207122803,-5.1586655899882317e-05,0.607988178730011,109.0,0.3024243414402008,161.0,0.29940158128738403,52.0,0.011750472709536552,0.011866732500493526,26.15618133544922,26.15891456604004,139.0,0.05063354969024658,0.003125544870272279,0.04750800505280495,108.0,0.02727752923965454,166.0,0.026976123452186584,58.0,0.0007534199976362288,0.0008762009674683213,2.49119234085083,2.3067851066589355,146.0,0.7174227237701416,0.17609724402427673,0.5413254499435425,118.0,0.44214919209480286,167.0,0.45148611068725586,49.0,0.009831197559833527,0.012663648463785648,30.673873901367188,21.86901092529297,True
150553221A1,0,2021,1,Herbicide,False,158,True,238.0,0.08502858877182007,0.05302419140934944,0.03200439736247063,209.0,0.06889913976192474,324.0,0.06901682913303375,115.0,0.0005561878788284957,0.0001861832570284605,8.538819313049316,2.3880128860473633,240.0,0.23093971610069275,0.1339385211467743,0.09700119495391846,208.0,0.2137235701084137,343.0,0.18172872066497803,135.0,0.0005380045622587204,0.0004777766589540988,29.44662094116211,11.297950744628906,274.0,0.017885468900203705,0.0011182085145264864,0.016767259687185287,213.0,0.009369072504341602,345.0,0.009497931227087975,132.0,0.00013961305376142263,0.00011813433229690418,2.008928060531616,1.8602063655853271,365.0,0.03751669079065323,0.02002633735537529,0.01749035343527794,357.0,0.028191521763801575,0.0,,-357.0,0.0011656461283564568,,0.0,0.0,241.0,0.3621263802051544,0.19555921852588654,0.16656716167926788,210.0,0.27766484022140503,282.0,0.27829495072364807,72.0,0.0027245657984167337,0.002044669119641185,23.700990676879883,9.425166130065918,False
150553221C1,0,2021,1,Herbicide,False,158,True,235.0,0.08466988801956177,0.06475868821144104,0.019911199808120728,214.0,0.07488632947206497,277.0,0.07475493103265762,63.0,0.0004658837278839201,0.00023607040930073708,5.1232428550720215,0.9786868095397949,284.0,0.22488555312156677,0.14375197887420654,0.08113357424736023,208.0,0.20747147500514984,342.0,0.18440793454647064,134.0,0.00022913260909263045,0.0006978899473324418,29.214162826538086,9.879522323608398,294.0,0.021799607202410698,0.008044831454753876,0.013754775747656822,251.0,0.014939883723855019,349.0,0.015132579952478409,98.0,0.00015952845569700003,0.00012121867621317506,1.9451218843460083,1.1486835479736328,365.0,0.02395741082727909,0.013168560341000557,0.010788850486278534,358.0,0.01865132339298725,0.0,,-358.0,0.0007580124656669796,,0.0,0.0,241.0,0.5163338780403137,0.2038167417049408,0.3125171363353729,210.0,0.3592562675476074,278.0,0.3594249486923218,68.0,0.00506701972335577,0.0042407820001244545,31.518352508544922,17.45499610900879,False
150553221E1A,0,2020,1,Herbicide,False,219,True,209.0,0.07424567639827728,0.05514989793300629,0.019095778465270996,1.0,0.05644668638706207,277.0,0.06471537053585052,276.0,8.557206456316635e-05,0.00014015156193636358,4.974215507507324,1.1137220859527588,310.0,0.22766965627670288,0.1698712408542633,0.057798415422439575,286.0,0.19807453453540802,0.0,,-286.0,0.0012331301113590598,,0.0,0.0,261.0,0.022028842940926552,0.005776974838227034,0.01625186763703823,233.0,0.013919170014560223,279.0,0.02104279212653637,46.0,0.0002896311634685844,5.478060120367445e-05,0.9241703152656555,0.6526525020599365,314.0,0.006242464296519756,0.004036273807287216,0.00220619048923254,291.0,0.005156159866601229,0.0,,-291.0,4.723062738776207e-05,,0.0,0.0,234.0,0.4532482326030731,0.15165872871875763,0.3015894889831543,209.0,0.36940231919288635,266.0,0.30379319190979004,57.0,0.0033538364805281162,0.004670470021665096,23.496986389160156,14.776609420776367,False
150553221E1A,1,2021,1,Mixed,False,267,True,133.0,0.7623764276504517,0.04936003312468529,0.7130163908004761,106.0,0.4032505452632904,158.0,0.401231586933136,52.0,0.013300959020853043,0.014445793814957142,33.33795928955078,30.721878051757812,132.0,0.8140832781791687,0.18690773844718933,0.6271755695343018,105.0,0.49995899200439453,159.0,0.49570855498313904,54.0,0.011634232476353645,0.011791656725108624,38.380126953125,28.100200653076172,132.0,0.6243939995765686,-0.0025180107913911343,0.626911997795105,105.0,0.3049428462982178,157.0,0.31033509969711304,52.0,0.011831523850560188,0.01256235595792532,26.859033584594727,26.992488861083984,140.0,0.0489346869289875,0.003017884213477373,0.04591680318117142,102.0,0.026232605800032616,164.0,0.025484178215265274,62.0,0.0005974231753498316,0.0009771045297384262,2.5390589237213135,2.3489322662353516,143.0,0.7078741788864136,0.15120930969715118,0.5566648840904236,114.0,0.43245992064476013,165.0,0.4364255964756012,51.0,0.009497043676674366,0.012338572181761265,31.401752471923828,23.538867950439453,True
150553221E2A,0,2020,1,Herbicide,False,219,True,209.0,0.07355087250471115,0.05245662480592728,0.021094247698783875,1.0,0.053477395325899124,275.0,0.06293072551488876,274.0,9.650710126152262e-05,0.00016091132420115173,4.638556003570557,1.0715057849884033,209.0,0.22776544094085693,0.16845552623271942,0.05930991470813751,1.0,0.17418833076953888,233.0,0.19766861200332642,232.0,0.0002575822582002729,0.0012540345778688788,5.451110363006592,1.0712671279907227,261.0,0.01995810493826866,0.005107371136546135,0.014850733801722527,234.0,0.012653294019401073,291.0,0.017550649121403694,57.0,0.000270548538537696,8.024853013921529e-05,1.0294183492660522,0.7331908345222473,282.0,0.007289394736289978,0.0038823820650577545,0.0034070126712322235,262.0,0.005622170865535736,304.0,0.00561628257855773,42.0,8.336119208252057e-05,7.605054997839034e-05,0.28126609325408936,0.11432366073131561,230.0,0.42488524317741394,0.14848636090755463,0.2763988971710205,209.0,0.3724667429924011,263.0,0.2894195318222046,54.0,0.002496119122952223,0.004105021711438894,21.07025146484375,12.977745056152344,False
150553221E2A,1,2021,1,Mixed,False,267,True,132.0,0.7702572345733643,0.0501461923122406,0.7201110124588013,102.0,0.4076910614967346,156.0,0.4200281798839569,54.0,0.012085539288818836,0.014592877589166164,35.14381408691406,32.385772705078125,129.0,0.8281880021095276,0.18792106211185455,0.6402669548988342,100.0,0.507161557674408,156.0,0.513182520866394,56.0,0.011069877073168755,0.01166686974465847,40.59829330444336,29.88679313659668,129.0,0.6313011050224304,-0.0014005666598677635,0.6327016949653625,101.0,0.32048603892326355,155.0,0.30624744296073914,54.0,0.011100538074970245,0.012502063997089863,28.29765510559082,28.37468719482422,132.0,0.04958732798695564,0.0034543685615062714,0.04613295942544937,98.0,0.026769131422042847,160.0,0.02610909380018711,62.0,0.0006711234454996884,0.0008385083638131618,2.621551990509033,2.4039268493652344,141.0,0.6193065643310547,0.1794392466545105,0.4398673176765442,112.0,0.3988652527332306,163.0,0.40009167790412903,51.0,0.007601424586027861,0.009964313358068466,27.876996994018555,18.54615592956543,True
150553221F,0,2020,1,Herbicide,False,209,True,141.0,0.5992598533630371,0.046407997608184814,0.5528518557548523,109.0,0.3185139000415802,167.0,0.31685081124305725,58.0,0.008773311041295528,0.010861886665225029,29.206912994384766,26.468841552734375,140.0,0.6838529109954834,0.1952851414680481,0.4885677695274353,109.0,0.4422544836997986,167.0,0.44058144092559814,58.0,0.007793497759848833,0.009010054171085358,35.12472152709961,23.60289764404297,139.0,0.47261756658554077,-0.0029852050356566906,0.47560277581214905,107.0,0.22894111275672913,165.0,0.23753997683525085,58.0,0.007614889182150364,0.009041445329785347,22.70694923400879,22.883075714111328,140.0,0.04971945658326149,0.002685277024284005,0.04703417792916298,97.0,0.026215720921754837,168.0,0.026373891159892082,71.0,0.0005465985159389675,0.0008337702020071447,2.9681100845336914,2.7747702598571777,151.0,0.6157786250114441,0.14187109470367432,0.4739075303077698,121.0,0.38357314467430115,175.0,0.3794272541999817,54.0,0.007740182802081108,0.009847973473370075,28.870609283447266,21.067699432373047,True
150553221G,0,2020,1,Herbicide,False,219,True,209.0,0.07357245683670044,0.049409739673137665,0.024162717163562775,1.0,0.04985593631863594,289.0,0.06360479444265366,288.0,0.00011402173549868166,0.00012459578283596784,5.558008193969727,1.5064091682434082,209.0,0.2227831929922104,0.1593100130558014,0.063473179936409,1.0,0.16147002577781677,268.0,0.19107851386070251,267.0,0.00029477482894435525,0.0005373674212023616,11.987815856933594,2.2699060440063477,282.0,0.019429966807365417,0.0027739759534597397,0.016655990853905678,233.0,0.01097822841256857,305.0,0.018055949360132217,72.0,0.00017248446238227189,5.9739890275523067e-05,1.2744345664978027,1.0719343423843384,284.0,0.006369731388986111,0.003971690312027931,0.0023980410769581795,263.0,0.005181193817406893,305.0,0.005631493404507637,42.0,5.659702583216131e-05,3.5154189390596e-05,0.25525644421577454,0.08447375893592834,225.0,0.49506378173828125,0.1666746437549591,0.32838913798332214,209.0,0.46157607436180115,255.0,0.33433184027671814,46.0,0.0020929817110300064,0.005357731599360704,20.963520050048828,13.213150024414062,False
150553221G,1,2021,1,Mixed,False,268,True,128.0,0.633161723613739,0.04810173064470291,0.5850600004196167,102.0,0.34173116087913513,152.0,0.3424381911754608,50.0,0.011208867654204369,0.01211348082870245,26.75374984741211,24.300561904907227,127.0,0.7250000834465027,0.1755441278219223,0.5494559407234192,100.0,0.4481039345264435,152.0,0.4528714418411255,52.0,0.010255413129925728,0.010885145515203476,32.98421859741211,23.68037986755371,126.0,0.5175076723098755,-0.003263068152591586,0.5207707285881042,101.0,0.2597281336784363,151.0,0.2500734031200409,50.0,0.010311181657016277,0.010697370395064354,21.370738983154297,21.537155151367188,127.0,0.046997737139463425,0.003737271763384342,0.04326046630740166,97.0,0.025319034233689308,152.0,0.025280162692070007,55.0,0.0007226234301924706,0.0008687030058354139,2.1619455814361572,1.9526584148406982,133.0,0.5949072241783142,0.16969648003578186,0.42521074414253235,110.0,0.3792407810688019,153.0,0.3759599030017853,43.0,0.009376801550388336,0.010947366245090961,22.502197265625,15.035551071166992,True
150553221H,0,2020,1,Herbicide,False,209,True,129.0,0.674905002117157,0.048770591616630554,0.6261343955993652,100.0,0.35497379302978516,157.0,0.35514765977859497,57.0,0.011032111011445522,0.011419905349612236,32.30293273925781,29.474239349365234,129.0,0.7503021955490112,0.19478774070739746,0.5555144548416138,100.0,0.47448766231536865,157.0,0.47080323100090027,57.0,0.009510845877230167,0.009982106275856495,37.58882522583008,26.291135787963867,127.0,0.5534484386444092,-0.005120658781379461,0.558569073677063,99.0,0.27876830101013184,154.0,0.28061583638191223,55.0,0.009810005314648151,0.010104911401867867,25.328216552734375,25.614973068237305,134.0,0.05239595100283623,0.004051347728818655,0.048344604671001434,93.0,0.028172792866826057,160.0,0.028864657506346703,67.0,0.0005908087478019297,0.0009050497319549322,2.9705381393432617,2.6950464248657227,142.0,0.63356614112854,0.14002488553524017,0.49354124069213867,115.0,0.3834788203239441,165.0,0.3923141062259674,50.0,0.009262493811547756,0.01048921886831522,27.50506591796875,20.36379623413086,True
150553228B,0,2021,1,Herbicide,False,158,True,271.0,0.07066044956445694,0.0449533611536026,0.02570708841085434,219.0,0.057797931134700775,301.0,0.05774025619029999,82.0,0.00024735613260418177,0.00043067309889011085,5.493408679962158,1.7622795104980469,271.0,0.21534544229507446,0.12382552027702332,0.09151992201805115,208.0,0.17603228986263275,334.0,0.16988472640514374,126.0,0.0006240183138288558,0.000721598684322089,24.668933868408203,9.005003929138184,269.0,0.017819548025727272,-0.0019359487341716886,0.019755497574806213,223.0,0.007898006588220596,324.0,0.007934040389955044,101.0,0.0002156856789952144,0.00017973649664781988,1.3111611604690552,1.5086278915405273,365.0,0.025070160627365112,0.013732105493545532,0.01133805513381958,358.0,0.01902608387172222,0.0,,-358.0,0.0008634395198896527,,0.0,0.0,232.0,0.347415566444397,0.20232591032981873,0.14508965611457825,208.0,0.30313682556152344,281.0,0.27355876564979553,73.0,0.0018449475755915046,0.001507281675003469,23.496335983276367,8.625380516052246,False
150553228B2,0,2021,1,Herbicide,False,158,True,237.0,0.08051914721727371,0.06008528172969818,0.02043386548757553,211.0,0.07003635913133621,295.0,0.07036180049180984,84.0,0.00040318415267392993,0.00017512666818220168,6.500941276550293,1.3936920166015625,296.0,0.23093260824680328,0.1371534764766693,0.09377913177013397,208.0,0.20423510670661926,340.0,0.1828073114156723,132.0,0.0003033806860912591,0.0010937567567452788,29.1739501953125,11.00111198425293,318.0,0.020163336768746376,0.004386818967759609,0.01577651873230934,224.0,0.012389360927045345,346.0,0.01232511829584837,122.0,8.270187390735373e-05,0.00027993638650514185,2.144850730895996,1.6052719354629517,365.0,0.014553208835422993,0.008517707698047161,0.006035501137375832,358.0,0.011665460653603077,0.0,,-358.0,0.0004125354462303221,,0.0,0.0,208.0,0.45524728298187256,0.24900536239147186,0.2062419205904007,0.0,,245.0,0.35068178176879883,245.0,,0.002826094627380371,15.728869438171387,6.391167640686035,False
150553228E,0,2020,1,Mixed,False,209,True,116.0,0.630090057849884,0.0407312773168087,0.5893588066101074,83.0,0.32792791724205017,141.0,0.3277890086174011,58.0,0.009156428277492523,0.012092041783034801,30.79677963256836,28.393634796142578,116.0,0.6950165629386902,0.1672050654888153,0.5278115272521973,82.0,0.42570632696151733,141.0,0.4393424093723297,59.0,0.007920889183878899,0.010226965881884098,35.99922180175781,25.9669189453125,114.0,0.5089954137802124,-0.005728776566684246,0.5147241950035095,83.0,0.2572566866874695,139.0,0.24714559316635132,56.0,0.008120603859424591,0.010473992675542831,23.71627426147461,24.042814254760742,120.0,0.05273573473095894,0.004561389330774546,0.04817434400320053,80.0,0.029046138748526573,143.0,0.0283238273113966,63.0,0.0005922398995608091,0.001061387243680656,2.7590086460113525,2.4670796394348145,128.0,0.5860517024993896,0.16426971554756165,0.421781986951828,104.0,0.37898364663124084,151.0,0.3718504011631012,47.0,0.008627835661172867,0.009313100017607212,23.944625854492188,16.059680938720703,True
150553229A1,0,2021,1,Herbicide,False,158,True,232.0,0.07654110342264175,0.05125702917575836,0.025284074246883392,208.0,0.07123458385467529,299.0,0.06388118118047714,91.0,0.00022110498684924096,0.00018895405810326338,6.717092990875244,2.0270752906799316,281.0,0.22426916658878326,0.1327013075351715,0.09156785905361176,208.0,0.2137569636106491,336.0,0.17746086418628693,128.0,0.00014400278450921178,0.0008510600309818983,27.26226806640625,10.210151672363281,270.0,0.01742599532008171,-0.00011088280007243156,0.01753687858581543,208.0,0.009365354664623737,311.0,0.008755220100283623,103.0,0.00013001033221371472,0.00021148232917767018,1.4891842603683472,1.5006606578826904,365.0,0.0369635745882988,0.01984787918627262,0.017115695402026176,358.0,0.027808593586087227,0.0,,-358.0,0.0013078544288873672,,0.0,0.0,227.0,0.441265732049942,0.27070945501327515,0.17055627703666687,208.0,0.4181121289730072,254.0,0.3544800579547882,46.0,0.0012186106760054827,0.003214284311980009,19.550893783569336,6.962903022766113,False
150553229B1,0,2020,1,Herbicide,False,219,True,209.0,0.07711248099803925,0.05461990460753441,0.022492576390504837,1.0,0.055224284529685974,269.0,0.06582116335630417,268.0,0.0001052317165886052,0.00018818862736225128,4.441833019256592,1.05539870262146,312.0,0.22355620563030243,0.17082762718200684,0.05272857844829559,290.0,0.19704855978488922,0.0,,-290.0,0.0012048929929733276,,0.0,0.0,258.0,0.021250350400805473,0.005705311894416809,0.015545038506388664,233.0,0.013619762845337391,288.0,0.01592145673930645,55.0,0.00030522351153194904,0.00017762978677637875,1.0161484479904175,0.6966509819030762,273.0,0.006721083074808121,0.003769871313124895,0.0029512117616832256,258.0,0.005287058185786009,302.0,0.005231094546616077,44.0,9.560165926814079e-05,5.137891639606096e-05,0.27171024680137634,0.1020660400390625,209.0,0.5700725317001343,0.14187370240688324,0.42819881439208984,0.0,,250.0,0.3570610582828522,250.0,,0.005195401608943939,19.24295425415039,13.14238452911377,False
150553229B1,1,2021,1,Mixed,False,267,True,122.0,0.7799630165100098,0.05185530334711075,0.7281076908111572,94.0,0.4075222313404083,146.0,0.4123033583164215,52.0,0.013301456347107887,0.015319152735173702,34.0255126953125,31.27718162536621,121.0,0.8257542848587036,0.19307872653007507,0.6326755285263062,93.0,0.5005924105644226,146.0,0.5118476748466492,53.0,0.011612923815846443,0.01255626417696476,38.24610137939453,27.819849014282227,120.0,0.627927303314209,-0.002649974776431918,0.6305772662162781,94.0,0.32013335824012756,145.0,0.3031962811946869,51.0,0.011838228441774845,0.012989240698516369,26.573209762573242,26.711008071899414,122.0,0.048983924090862274,0.003119879402220249,0.0458640456199646,91.0,0.025974808260798454,149.0,0.02540418691933155,58.0,0.0007422295166179538,0.0008733235881663859,2.4055733680725098,2.2215003967285156,131.0,0.6223097443580627,0.15911808609962463,0.4631916582584381,106.0,0.3960772156715393,152.0,0.39341580867767334,46.0,0.009049301035702229,0.010899711400270462,25.17859649658203,17.70004653930664,True
150553229E,0,2020,1,Mixed,False,209,True,118.0,0.7106779217720032,0.050079699605703354,0.6605982184410095,89.0,0.3745999336242676,146.0,0.37759801745414734,57.0,0.011588895693421364,0.011895710602402687,34.082603454589844,31.177980422973633,118.0,0.747909665107727,0.1846999228000641,0.5632097721099854,86.0,0.46184292435646057,146.0,0.4704304039478302,60.0,0.008939585648477077,0.009909973479807377,39.357704162597656,28.09100914001465,116.0,0.5492971539497375,-0.0015296712517738342,0.5508268475532532,85.0,0.2694144546985626,144.0,0.2657073736190796,59.0,0.009028473868966103,0.010128206573426723,26.787609100341797,26.8793888092041,126.0,0.054183293133974075,0.004300471395254135,0.04988282173871994,85.0,0.02927650511264801,148.0,0.03002724051475525,63.0,0.000607482623308897,0.0010980024235323071,2.7848074436187744,2.5095772743225098,131.0,0.6445131897926331,0.15608711540699005,0.4884260892868042,106.0,0.40087515115737915,152.0,0.3989403247833252,46.0,0.00974552147090435,0.011693946085870266,25.67658042907715,18.340486526489258,True
150553229G,0,2021,1,Herbicide,False,158,True,269.0,0.07234455645084381,0.05626978725194931,0.0160747691988945,208.0,0.06597831845283508,294.0,0.06427560746669769,86.0,0.0001043645606841892,0.0003227579582016915,6.085906028747559,1.218569278717041,256.0,0.21847635507583618,0.13792558014392853,0.08055077493190765,208.0,0.20451952517032623,319.0,0.17846956849098206,111.0,0.00029076728969812393,0.000635028351098299,23.010896682739258,7.632194519042969,268.0,0.016076406463980675,0.003257839707657695,0.012818566523492336,216.0,0.009670322760939598,305.0,0.009539288468658924,89.0,0.00012319392408244312,0.00017667886277195066,1.2553577423095703,0.9621521830558777,365.0,0.031200407072901726,0.016865309327840805,0.01433509774506092,358.0,0.02358693815767765,0.0,,-358.0,0.0010876384330913424,,0.0,0.0,208.0,0.4147816002368927,0.25179508328437805,0.16298651695251465,0.0,,239.0,0.33117324113845825,239.0,,0.0026970438193529844,12.26425838470459,4.3327131271362305,False
150553229H1,0,2020,1,Herbicide,False,219,True,256.0,0.07202257961034775,0.052547529339790344,0.019475050270557404,229.0,0.06388963758945465,281.0,0.062109485268592834,52.0,0.0003012200759258121,0.0003965237701777369,3.5866456031799316,0.8016269207000732,304.0,0.21646180748939514,0.16841518878936768,0.048046618700027466,236.0,0.19245806336402893,305.0,0.21646100282669067,69.0,0.00035299622686579823,8.046627044677734e-07,14.344024658203125,2.554962158203125,258.0,0.021246664226055145,0.00524861877784133,0.01599804498255253,233.0,0.013117116875946522,305.0,0.015151158906519413,72.0,0.00032518189982511103,0.0001296916016144678,1.2993463277816772,0.9161971807479858,1.0,0.005771006923168898,0.004067152738571167,0.0017038541845977306,1.0,0.005771006923168898,246.0,0.004680828657001257,245.0,,4.44970737589756e-06,0.14611612260341644,-0.01250283420085907,209.0,0.5670287609100342,0.13523121178150177,0.4317975640296936,0.0,,238.0,0.35435619950294495,238.0,,0.007333536632359028,13.968541145324707,9.776372909545898,False
150553229H1,1,2021,1,Mixed,False,267,True,118.0,0.7726523280143738,0.047979120165109634,0.7246732115745544,90.0,0.40564262866973877,143.0,0.40488573908805847,53.0,0.013107488863170147,0.014710663817822933,34.40143966674805,31.81056785583496,116.0,0.8262555003166199,0.19052055478096008,0.6357349157333374,89.0,0.5110192894935608,143.0,0.506534218788147,54.0,0.011675415560603142,0.011841529048979282,39.108036041259766,28.629405975341797,116.0,0.625028669834137,-0.0039525702595710754,0.6289812326431274,89.0,0.31466788053512573,141.0,0.3119695782661438,52.0,0.01149484422057867,0.012522364035248756,27.083332061767578,27.292818069458008,120.0,0.048402320593595505,0.0036200974136590958,0.04478222131729126,87.0,0.026295894756913185,146.0,0.026120610535144806,59.0,0.0006698917131870985,0.0008569888304919004,2.433151960372925,2.2159461975097656,127.0,0.654284656047821,0.18312132358551025,0.4711633324623108,101.0,0.41222336888313293,150.0,0.41357263922691345,49.0,0.009310049936175346,0.010465740226209164,28.099599838256836,18.94353485107422,True
150553230A,0,2020,1,Herbicide,False,209,True,114.0,0.713142454624176,0.06987713277339935,0.6432653069496155,85.0,0.39914974570274353,139.0,0.3965594470500946,54.0,0.010827334597706795,0.012663320638239384,32.88726806640625,29.044025421142578,114.0,0.7524563074111938,0.23470473289489746,0.5177515745162964,83.0,0.4882883131504059,140.0,0.49049949645996094,57.0,0.008521548472344875,0.010075261816382408,38.064964294433594,24.452089309692383,112.0,0.5564334392547607,0.0058218128979206085,0.5506116151809692,83.0,0.28724658489227295,138.0,0.279484361410141,55.0,0.009282304905354977,0.010651887394487858,25.562984466552734,25.236963272094727,115.0,0.04633991792798042,0.004095893353223801,0.04224402457475662,81.0,0.025092432275414467,141.0,0.02472749911248684,60.0,0.0006249260623008013,0.0008312468999065459,2.318986415863037,2.06913685798645,124.0,0.5683960914611816,0.15096509456634521,0.4174309968948364,99.0,0.35567888617515564,143.0,0.3609861433506012,44.0,0.00850868783891201,0.010916313156485558,21.842069625854492,15.048640251159668,True
150553230C,0,2021,1,Herbicide,False,158,True,230.0,0.07782752811908722,0.055836401879787445,0.021991126239299774,208.0,0.07389368861913681,301.0,0.06686650216579437,93.0,0.00017881089297588915,0.0001543806429253891,7.048943996429443,1.828239917755127,286.0,0.22863060235977173,0.13143432140350342,0.09719628095626831,253.0,0.20914240181446075,340.0,0.18118000030517578,87.0,0.0005905515281483531,0.0008787148399278522,18.820287704467773,7.254067420959473,273.0,0.016937747597694397,0.0021025061141699553,0.014835241250693798,208.0,0.010497881099581718,339.0,0.009583279490470886,131.0,9.907486673910171e-05,0.00011143133451696485,1.7881158590316772,1.5116362571716309,365.0,0.03670595586299896,0.019755657762289047,0.016950298100709915,358.0,0.027606084942817688,0.0,,-358.0,0.0012999816099181771,,0.0,0.0,221.0,0.448169082403183,0.27553635835647583,0.17263272404670715,208.0,0.43825599551200867,252.0,0.3631744682788849,44.0,0.0007625451544299722,0.002741761738434434,18.93396759033203,6.672599792480469,False
150553230D1,0,2020,1,Herbicide,False,219,True,209.0,0.07809180021286011,0.05401238799095154,0.02407941222190857,1.0,0.05440789461135864,272.0,0.06588722765445709,271.0,0.0001138649313361384,0.00019372337555978447,4.7276530265808105,1.2168476581573486,209.0,0.22781895101070404,0.16336223483085632,0.06445671617984772,1.0,0.1706453412771225,239.0,0.19526171684265137,238.0,0.000274873134912923,0.0010852410923689604,6.707775592803955,1.4801840782165527,258.0,0.019905121996998787,0.005699785426259041,0.014205336570739746,219.0,0.012852387502789497,282.0,0.016224944964051247,63.0,0.00018083934264723212,0.0001533407048555091,1.0712909698486328,0.7065047025680542,279.0,0.006279618479311466,0.00386105477809906,0.002418563701212406,263.0,0.0051033333875238895,305.0,0.005145212635397911,42.0,7.351781823672354e-05,4.3630992877297103e-05,0.24789461493492126,0.08186925947666168,234.0,0.4354778528213501,0.1462697982788086,0.2892080545425415,211.0,0.29414135217666626,259.0,0.2929933965206146,48.0,0.006145065184682608,0.005699378438293934,18.53467559814453,11.36745548248291,False
150553230D1,1,2021,1,Mixed,False,267,True,119.0,0.6552941799163818,0.0541682168841362,0.601125955581665,92.0,0.35240650177001953,145.0,0.3508527874946594,53.0,0.011218062601983547,0.011709284037351608,29.211589813232422,26.28650665283203,118.0,0.7479854226112366,0.1893221139907837,0.5586633086204529,91.0,0.46550509333610535,145.0,0.4762386679649353,54.0,0.010462234728038311,0.010064695030450821,35.461692810058594,25.04897689819336,117.0,0.526714563369751,-0.00010799831943586469,0.526822566986084,91.0,0.2633496820926666,143.0,0.2607329189777374,52.0,0.010129418224096298,0.01023006346076727,22.616924285888672,22.622648239135742,123.0,0.043997492641210556,0.0035096118226647377,0.04048788174986839,90.0,0.023638630285859108,149.0,0.024377113208174706,59.0,0.0006169351981952786,0.000754629960283637,2.1861019134521484,1.9755252599716187,129.0,0.6291614770889282,0.15817001461982727,0.47099146246910095,104.0,0.3979730010032654,150.0,0.4004400074481964,46.0,0.00924753863364458,0.010891498997807503,25.509170532226562,18.075180053710938,True
150553230E,0,2021,1,Herbicide,False,158,True,238.0,0.08400710672140121,0.049150317907333374,0.03485678881406784,208.0,0.06710513681173325,293.0,0.06648946553468704,85.0,0.0005633989931084216,0.00031850257073529065,6.6895670890808105,2.487215042114258,239.0,0.23054827749729156,0.13073642551898956,0.099811851978302,208.0,0.2143920660018921,341.0,0.18080568313598633,133.0,0.0005211681127548218,0.0004876724851783365,29.25702667236328,11.803714752197266,235.0,0.016093118116259575,-0.000986628234386444,0.01707974635064602,208.0,0.007893765345215797,341.0,0.0075090243481099606,133.0,0.00030367972794920206,8.098201215034351e-05,1.6829837560653687,1.814698576927185,365.0,0.023162612691521645,0.012820037081837654,0.01034257560968399,298.0,0.01799686625599861,0.0,,-298.0,7.710069621680304e-05,,0.0,0.0,253.0,0.3975221812725067,0.15522360801696777,0.24229857325553894,218.0,0.2784867584705353,307.0,0.27550768852233887,89.0,0.003401012159883976,0.0022595275659114122,31.659900665283203,17.689777374267578,False
150553230F1,0,2020,1,Herbicide,False,219,True,340.0,0.07800299674272537,0.056958217173814774,0.0210447795689106,246.0,0.06751559674739838,0.0,,-246.0,0.00011156808614032343,,0.0,0.0,310.0,0.23238646984100342,0.16165566444396973,0.07073080539703369,286.0,0.1969238668680191,0.0,,-286.0,0.0014776084572076797,,0.0,0.0,258.0,0.018800854682922363,0.006780557334423065,0.012020297348499298,235.0,0.012849402613937855,281.0,0.016001764684915543,46.0,0.0002587587805464864,0.00012169956607976928,0.7900908589363098,0.47140467166900635,252.0,0.0054034520871937275,0.003767875023186207,0.0016355770640075207,237.0,0.00461623864248395,272.0,0.004936209414154291,35.0,5.248089655651711e-05,2.3362134015769698e-05,0.18486276268959045,0.04921926558017731,209.0,0.33867955207824707,0.11000115424394608,0.2286784052848816,0.0,,264.0,0.2232229858636856,264.0,,0.0020992103964090347,16.492042541503906,10.221976280212402,False
150553230F1,1,2021,1,Mixed,False,267,True,119.0,0.7154045104980469,0.05247393250465393,0.6629306077957153,92.0,0.3905071020126343,143.0,0.3805777132511139,51.0,0.012033237144351006,0.013951116241514683,30.81279945373535,28.084156036376953,118.0,0.7835347056388855,0.18733200430870056,0.5962027311325073,90.0,0.4807429909706116,143.0,0.4889602065086365,53.0,0.01081398967653513,0.011782979592680931,36.31301498413086,26.197086334228516,117.0,0.5781356692314148,-0.0032917126081883907,0.5814273953437805,90.0,0.2803100049495697,141.0,0.2934771478176117,51.0,0.011030579917132854,0.011860772036015987,24.405418395996094,24.576587677001953,123.0,0.041936710476875305,0.003695828141644597,0.038240883499383926,92.0,0.022882139310240746,148.0,0.02300838753581047,56.0,0.0006146635860204697,0.0007571328897029161,1.972065806388855,1.7614035606384277,128.0,0.6390843391418457,0.16014540195465088,0.4789389371871948,104.0,0.40232741832733154,149.0,0.4075127840042114,45.0,0.009864871390163898,0.011027216911315918,25.287212371826172,17.92052459716797,True
150553230G,0,2020,1,Herbicide,False,209,True,125.0,0.6385411024093628,0.05096208676695824,0.5875790119171143,97.0,0.34032270312309265,151.0,0.3461412489414215,54.0,0.01065065711736679,0.011246148496866226,29.06985092163086,26.266935348510742,125.0,0.7026913166046143,0.17816437780857086,0.5245269536972046,97.0,0.4387737810611725,152.0,0.43614402413368225,55.0,0.009425626136362553,0.00987212173640728,33.75052261352539,23.773317337036133,123.0,0.5038893222808838,-0.0005103186704218388,0.5043996572494507,96.0,0.25237026810646057,149.0,0.2542114555835724,53.0,0.009315520524978638,0.009602994658052921,22.128719329833984,22.15627670288086,127.0,0.05447297543287277,0.0037984251976013184,0.050674550235271454,96.0,0.029475964605808258,152.0,0.028527511283755302,56.0,0.0008063552086241543,0.0010378186125308275,2.5499603748321533,2.3334500789642334,134.0,0.6292910575866699,0.15569505095481873,0.4735960066318512,110.0,0.39192426204681396,156.0,0.39102479815483093,46.0,0.009890283457934856,0.010830284096300602,25.276432037353516,17.958763122558594,True
150553232A,0,2020,1,Herbicide,False,209,True,112.0,0.6617169976234436,0.044361136853694916,0.6173558831214905,84.0,0.3541261851787567,141.0,0.3449671268463135,57.0,0.010985386557877064,0.01092240959405899,31.71415138244629,29.141204833984375,111.0,0.7007486820220947,0.17055383324623108,0.530194878578186,81.0,0.43453988432884216,141.0,0.4405612647533417,60.0,0.008873626589775085,0.008672913536429405,36.85992431640625,26.456140518188477,109.0,0.5082288384437561,-0.005797222256660461,0.5140260457992554,82.0,0.2550792396068573,137.0,0.2576576769351959,55.0,0.009375911206007004,0.008948969654738903,23.197437286376953,23.52208137512207,117.0,0.049690619111061096,0.0038360916078090668,0.04585452750325203,78.0,0.02647089958190918,143.0,0.027239538729190826,65.0,0.0005953774088993669,0.0008635030826553702,2.6988627910614014,2.445680618286133,125.0,0.5698511600494385,0.14628465473651886,0.4235665202140808,97.0,0.3614077866077423,148.0,0.35936686396598816,51.0,0.007444406393915415,0.009151491336524487,25.429737091064453,17.822935104370117,True
150553232C1,0,2021,1,Herbicide,False,158,True,208.0,0.10751809924840927,0.07101105153560638,0.03650704771280289,0.0,,226.0,0.08942246437072754,226.0,,0.001005313009954989,1.8147162199020386,0.5010117292404175,208.0,0.286965012550354,0.17464976012706757,0.11231525242328644,0.0,,229.0,0.23034334182739258,229.0,,0.0026962701231241226,5.5094075202941895,1.7544376850128174,208.0,0.018822547048330307,0.005112382583320141,0.013710164465010166,0.0,,303.0,0.011852436698973179,303.0,,7.336958515224978e-05,1.5116651058197021,1.0234324932098389,365.0,0.028167806565761566,0.015473322942852974,0.012694483622908592,358.0,0.021623849868774414,0.0,,-358.0,0.0009348509483970702,,0.0,0.0,250.0,0.4118424654006958,0.21168088912963867,0.20016157627105713,208.0,0.3286093771457672,283.0,0.30999377369880676,75.0,0.0019817401189357042,0.003086324082687497,28.478992462158203,12.497085571289062,False
150553232D1,0,2020,1,Herbicide,False,219,True,258.0,0.07928799837827682,0.055295445024967194,0.02399255335330963,237.0,0.06742586940526962,305.0,0.06841421127319336,68.0,0.0005648632650263608,0.00023135717492550611,5.036255836486816,1.2208704948425293,302.0,0.22400331497192383,0.16614454984664917,0.05785876512527466,241.0,0.19450820982456207,305.0,0.22380061447620392,64.0,0.00048352632438763976,6.756683433195576e-05,13.891422271728516,3.0920257568359375,259.0,0.02467711642384529,0.004292905330657959,0.020384211093187332,234.0,0.014687865972518921,305.0,0.01774127595126629,71.0,0.0003995700099039823,0.00015077914576977491,1.4949924945831299,1.1859033107757568,276.0,0.006213855464011431,0.004057110287249088,0.0021567451767623425,245.0,0.00512744951993227,305.0,0.005938827991485596,60.0,3.504535197862424e-05,9.483705980528612e-06,0.3620268702507019,0.11454316973686218,209.0,0.32861143350601196,0.10829688608646393,0.22031454741954803,0.0,,252.0,0.21881914138793945,252.0,,0.002553309081122279,11.995598793029785,7.122238636016846,False
150553232D1,1,2021,1,Mixed,False,268,True,119.0,0.7218868136405945,0.04616888239979744,0.6757179498672485,89.0,0.3763369023799896,146.0,0.3753698468208313,57.0,0.011518330313265324,0.01283396128565073,34.56310272216797,31.88530731201172,117.0,0.7721173763275146,0.17888034880161285,0.593237042427063,87.0,0.46919772028923035,145.0,0.48121416568756104,58.0,0.010097322054207325,0.010389400646090508,39.256134033203125,28.702194213867188,116.0,0.5649849772453308,-0.006846606731414795,0.5718315839767456,87.0,0.2733100652694702,144.0,0.2729673385620117,57.0,0.010057755745947361,0.010429201647639275,26.63128089904785,27.028383255004883,120.0,0.04274069890379906,0.004024481400847435,0.03871621936559677,84.0,0.02349691279232502,150.0,0.02317797765135765,66.0,0.0005345495883375406,0.0006520907045342028,2.401360034942627,2.1317198276519775,127.0,0.6522217988967896,0.16137850284576416,0.4908432960510254,99.0,0.41080060601234436,150.0,0.4095672369003296,51.0,0.008622185327112675,0.010550198145210743,29.267963409423828,20.87628173828125,True
1505532NMA,0,2020,1,Fungicide,False,209,True,109.0,0.6287959814071655,0.056679077446460724,0.5721169114112854,78.0,0.3393888473510742,136.0,0.34850257635116577,58.0,0.009335714392364025,0.010381237603724003,30.833370208740234,27.489303588867188,110.0,0.709045946598053,0.23269975185394287,0.4763461947441101,76.0,0.47221675515174866,137.0,0.4754278063774109,61.0,0.00696556456387043,0.008652524091303349,38.37456130981445,23.947175979614258,107.0,0.5207390189170837,0.0012913970276713371,0.5194476246833801,76.0,0.25520721077919006,133.0,0.2535458207130432,57.0,0.008565542288124561,0.01027666125446558,24.313831329345703,24.238929748535156,113.0,0.055159393697977066,0.0031868116930127144,0.051972582936286926,68.0,0.028627118095755577,139.0,0.029071342200040817,71.0,0.0005896061193197966,0.0010033865692093968,3.3377461433410645,3.1082956790924072,125.0,0.7989650368690491,0.3156488537788391,0.48331618309020996,58.0,0.5503808259963989,146.0,0.5586310625076294,88.0,0.0037102121859788895,0.011444474570453167,65.1828842163086,37.09013748168945,True
1505532NMBE,0,2020,1,Fungicide,False,209,True,109.0,0.6409168839454651,0.057483043521642685,0.5834338665008545,77.0,0.3498300313949585,136.0,0.3417700529098511,59.0,0.009096464142203331,0.011079512536525726,31.798477172851562,28.34949493408203,109.0,0.6974849104881287,0.25287649035453796,0.4446084201335907,74.0,0.47624412178993225,136.0,0.4801582992076874,62.0,0.00632116524502635,0.0080491341650486,38.80247497558594,22.87125587463379,105.0,0.510253369808197,0.0021837023086845875,0.5080696940422058,74.0,0.2553822100162506,132.0,0.25264957547187805,58.0,0.008221650496125221,0.009540881030261517,24.49341583251953,24.364578247070312,111.0,0.05383520573377609,0.003503955900669098,0.050331249833106995,68.0,0.027880115434527397,138.0,0.02826865203678608,70.0,0.000603606749791652,0.0009469094220548868,3.2402844429016113,2.9915034770965576,81.0,0.8100771307945251,0.3189750909805298,0.49110203981399536,59.0,0.5639743208885193,146.0,0.5565284490585327,87.0,0.011186491698026657,0.00390074891038239,65.11862182617188,37.04881286621094,True
1505532NMBW,0,2020,1,Fungicide,False,209,True,109.0,0.695667564868927,0.05926823988556862,0.6363993287086487,80.0,0.3822214901447296,135.0,0.37696346640586853,55.0,0.010808485560119152,0.012257849797606468,32.19108200073242,28.872060775756836,108.0,0.7397361397743225,0.27375727891921997,0.46597886085510254,78.0,0.5061490535736084,135.0,0.5031980276107788,57.0,0.007786236237734556,0.008760671131312847,37.7773323059082,21.899410247802734,106.0,0.550011396408081,0.003100068774074316,0.5469112992286682,77.0,0.2812232971191406,132.0,0.26820382475852966,55.0,0.009268554858863354,0.01083875261247158,24.993803024291992,24.820199966430664,112.0,0.05603615567088127,0.0032508214935660362,0.05278533324599266,68.0,0.030184173956513405,138.0,0.028939759358763695,70.0,0.0005875450442545116,0.0010421690531075,3.317469358444214,3.0866611003875732,124.0,0.7988335490226746,0.3028331995010376,0.49600034952163696,59.0,0.5503467917442322,146.0,0.547978937625885,87.0,0.0038228731136769056,0.01140248216688633,63.69182586669922,37.042503356933594,True
1505532NMCE1,0,2020,0,No,False,219,True,252.0,0.09310099482536316,0.06274562329053879,0.03035537153482437,227.0,0.07737240195274353,305.0,0.07791098207235336,78.0,0.0006291437312029302,0.00028660401585511863,6.782341480255127,1.825437068939209,300.0,0.27654120326042175,0.22238785028457642,0.05415335297584534,280.0,0.24884763360023499,305.0,0.2747936248779297,25.0,0.0013846785295754671,0.000349515670677647,6.969210624694824,1.187126636505127,237.0,0.02567949704825878,0.009781339205801487,0.01589815691113472,222.0,0.017884815111756325,305.0,0.018856164067983627,83.0,0.0005196454585529864,0.0001003431316348724,1.826132893562317,1.004500389099121,1.0,0.00861187931150198,0.0058662802912294865,0.0027455990202724934,1.0,0.00861187931150198,231.0,0.005802120082080364,230.0,,1.2216344657645095e-05,0.12505587935447693,-0.015734851360321045,1.0,0.4909752607345581,0.3619261085987091,0.129049152135849,1.0,0.4909752607345581,233.0,0.3774270713329315,232.0,,0.0004894318408332765,8.64362621307373,-0.7664527893066406,False
1505532NMCE1,1,2021,1,Mixed,False,268,True,114.0,0.6943249106407166,0.065768301486969,0.6285566091537476,87.0,0.38478711247444153,140.0,0.38386988639831543,53.0,0.01146436296403408,0.011940577998757362,31.237850189208984,27.68636131286621,113.0,0.7688485980033875,0.24542447924613953,0.5234241485595703,83.0,0.501758337020874,142.0,0.5001815557479858,59.0,0.00890300888568163,0.009264380671083927,40.006103515625,25.280635833740234,112.0,0.5656943917274475,0.005374885629862547,0.5603194832801819,85.0,0.29012927412986755,137.0,0.2899307906627655,52.0,0.010206115432083607,0.011030543595552444,24.47519302368164,24.190324783325195,111.0,0.050028733909130096,0.004239237401634455,0.04578949511051178,79.0,0.026697447523474693,141.0,0.027583733201026917,62.0,0.0007291026995517313,0.0007481666980311275,2.6402268409729004,2.373154878616333,126.0,0.7903801202774048,0.36008286476135254,0.43029725551605225,64.0,0.5707933306694031,150.0,0.5830705165863037,86.0,0.0035417224280536175,0.008637900464236736,64.01746368408203,32.69025421142578,True
1505532NMCW1,0,2020,0,No,False,219,True,236.0,0.10837294161319733,0.052349939942359924,0.0560230016708374,216.0,0.08013537526130676,305.0,0.08198823779821396,89.0,0.0014118782710283995,0.00038238702109083533,8.427968978881836,3.716475486755371,299.0,0.279268741607666,0.17702871561050415,0.10224002599716187,265.0,0.2370918244123459,305.0,0.27697280049324036,40.0,0.0012404975714161992,0.0003826568427029997,10.718481063842773,3.46030330657959,233.0,0.04259459301829338,0.00516434945166111,0.03743024170398712,217.0,0.023607032373547554,261.0,0.023763732984662056,44.0,0.0011867225402966142,0.0006725307321175933,1.5185214281082153,1.286125659942627,232.0,0.011692897416651249,0.0033985855989158154,0.008294312283396721,218.0,0.007709892466664314,246.0,0.0076736281625926495,28.0,0.00028450036188587546,0.0002870906610041857,0.29226988554000854,0.19371089339256287,232.0,0.4972200393676758,0.27795958518981934,0.21926045417785645,219.0,0.3881130516529083,250.0,0.3869190514087677,31.0,0.008392845280468464,0.00612783245742321,14.450294494628906,5.5555877685546875,False
1505532NMCW1,1,2021,1,Mixed,False,268,True,117.0,0.7317469716072083,0.0631910115480423,0.6685559749603271,89.0,0.40503644943237305,142.0,0.39230161905288696,53.0,0.011668233200907707,0.01357781421393156,32.76451110839844,29.352195739746094,116.0,0.7849714756011963,0.23782740533351898,0.5471440553665161,86.0,0.5116331577301025,144.0,0.5086668133735657,58.0,0.00911127682775259,0.009868023917078972,40.204185485839844,26.172367095947266,115.0,0.5902062058448792,0.006212811451405287,0.5839933753013611,87.0,0.29663771390914917,139.0,0.30361974239349365,52.0,0.010484589263796806,0.011941102333366871,25.506797790527344,25.177518844604492,112.0,0.049556173384189606,0.0033226190134882927,0.04623355343937874,76.0,0.02631794847548008,144.0,0.027008794248104095,68.0,0.0006455062539316714,0.0007046055980026722,2.885246753692627,2.6559860706329346,85.0,0.781606912612915,0.329739511013031,0.45186740159988403,60.0,0.5521465539932251,153.0,0.5629985332489014,93.0,0.00917841400951147,0.003214829135686159,65.3847427368164,34.38922882080078,True
1505532NMD1,0,2020,0,No,False,219,True,252.0,0.09170813113451004,0.05154416710138321,0.04016396403312683,220.0,0.07163617759943008,305.0,0.07863986492156982,85.0,0.0006272485479712486,0.0002465710567776114,7.288891315460205,2.856092929840088,299.0,0.2758083641529083,0.17713697254657745,0.09867139160633087,262.0,0.2315346896648407,305.0,0.273356169462204,43.0,0.0011965858284384012,0.00040869912481866777,11.255966186523438,3.461939811706543,237.0,0.027587682008743286,0.005208034999668598,0.022379647940397263,219.0,0.016603955999016762,305.0,0.018504982814192772,86.0,0.000610206974670291,0.00013356910494621843,1.9516538381576538,1.4985548257827759,1.0,0.008584068156778812,0.00583735853433609,0.0027467096224427223,1.0,0.008584068156778812,231.0,0.004882971290498972,230.0,,1.609172613825649e-05,0.1130729466676712,-0.02702365815639496,1.0,0.45980560779571533,0.3392394483089447,0.12056615948677063,1.0,0.45980560779571533,234.0,0.31236591935157776,233.0,,0.0006327883456833661,7.722490310668945,-1.4369754791259766,False
1505532NMD1,1,2021,1,Mixed,False,268,True,117.0,0.7222188711166382,0.057307884097099304,0.6649109721183777,88.0,0.3813236653804779,142.0,0.3791791498661041,54.0,0.011755007319152355,0.013721588999032974,32.63179016113281,29.479856491088867,116.0,0.7812566161155701,0.23257781565189362,0.5486788153648376,85.0,0.5028237104415894,143.0,0.5064277648925781,58.0,0.008981706574559212,0.010178846307098866,39.92325210571289,26.201160430908203,115.0,0.5909270644187927,0.0034667435102164745,0.5874603390693665,87.0,0.2990553379058838,139.0,0.3009757697582245,52.0,0.010423989966511726,0.012081303633749485,25.535659790039062,25.3519229888916,113.0,0.04949934035539627,0.004928563721477985,0.04457077756524086,79.0,0.02748502977192402,143.0,0.027057288214564323,64.0,0.0006474797264672816,0.0007480683852918446,2.7126176357269287,2.392261028289795,90.0,0.7571349143981934,0.35628485679626465,0.4008500576019287,64.0,0.5631106495857239,151.0,0.5546166300773621,87.0,0.0074624717235565186,0.003319971961900592,62.596893310546875,31.243825912475586,True
1505532NMMNORG,0,2020,0,No,True,209,True,104.0,0.5708399415016174,0.06428776681423187,0.5065521597862244,76.0,0.3181358575820923,130.0,0.3217073380947113,54.0,0.009025146253407001,0.00958202313631773,26.261486053466797,22.725658416748047,104.0,0.6373080015182495,0.27235668897628784,0.36495131254196167,74.0,0.4536244869232178,131.0,0.4513263702392578,57.0,0.00612278375774622,0.006888208445161581,32.966827392578125,17.17013931274414,101.0,0.42772790789604187,0.0075425696559250355,0.4201853275299072,73.0,0.2136574387550354,127.0,0.21476855874061584,54.0,0.007645373698323965,0.008190744556486607,19.078536987304688,18.6636962890625,103.0,0.05599358677864075,0.0045996662229299545,0.05139391869306564,71.0,0.029836993664503098,130.0,0.030265437439084053,59.0,0.0008173935348168015,0.0009528943919576705,2.8005659580230713,2.5245859622955322,112.0,0.8882819414138794,0.32905489206314087,0.5592270493507385,68.0,0.6054648160934448,140.0,0.6012434959411621,72.0,0.00642766198143363,0.010251373052597046,57.55555725097656,33.53455352783203,True
1505532NMMNORG,1,2021,0,No,True,158,True,258.0,0.10663910955190659,0.06979000568389893,0.03684910386800766,234.0,0.08830378204584122,293.0,0.08790700137615204,59.0,0.000763971998821944,0.0005352030857466161,5.972712993621826,1.7853126525878906,365.0,0.359504371881485,0.27469271421432495,0.08481165766716003,351.0,0.3161672353744507,0.0,,-351.0,0.0030955097172409296,,0.0,0.0,267.0,0.031456444412469864,0.011585482396185398,0.01987096294760704,237.0,0.021464677527546883,296.0,0.021695589646697044,59.0,0.0003330589097458869,0.0003365812008269131,1.691512107849121,0.9963831901550293,365.0,0.026116585358977318,0.014295115135610104,0.011821470223367214,358.0,0.019943440333008766,0.0,,-358.0,0.00088187784422189,,0.0,0.0,365.0,0.594508707523346,0.41861456632614136,0.1758941411972046,352.0,0.5070988535881042,0.0,,-352.0,0.0067238351330161095,,0.0,0.0,False
1505532NMMSORG1,0,2020,0,No,True,219,True,250.0,0.10133226215839386,0.0653422623872757,0.035989999771118164,224.0,0.08298773318529129,305.0,0.08524170517921448,81.0,0.0007055588066577911,0.00029255557456053793,7.631660461425781,2.2735958099365234,300.0,0.28818556666374207,0.24088430404663086,0.047301262617111206,233.0,0.2644040584564209,305.0,0.28694865107536316,72.0,0.0003549478715285659,0.00024738311185501516,19.441511154174805,1.8569564819335938,235.0,0.03366930037736893,0.011922882869839668,0.02174641750752926,221.0,0.023305313661694527,305.0,0.025511914864182472,84.0,0.0007402847404591739,0.00011653408000711352,2.412902355194092,1.3994574546813965,1.0,0.010635161772370338,0.006954548880457878,0.0036806128919124603,1.0,0.010635161772370338,209.0,0.004901075270026922,208.0,,2.7567723009269685e-05,0.018380019813776016,0.00447092205286026,1.0,0.49643129110336304,0.3629983961582184,0.13343289494514465,1.0,0.49643129110336304,262.0,0.2862745523452759,261.0,,0.0008051982149481773,14.949051856994629,-5.015860557556152,False
1505532NMMSORG1,1,2021,0,No,True,268,True,112.0,0.539699137210846,0.0635756254196167,0.47612351179122925,84.0,0.2998627722263336,137.0,0.30074596405029297,53.0,0.008565584197640419,0.009558127261698246,24.20791244506836,20.77482795715332,110.0,0.6729700565338135,0.24245427548885345,0.43051576614379883,79.0,0.4581407904624939,137.0,0.4536428153514862,58.0,0.006929976399987936,0.008123231120407581,34.726348876953125,20.421546936035156,109.0,0.4444847106933594,0.004045001696795225,0.44043970108032227,81.0,0.22295236587524414,133.0,0.22534771263599396,52.0,0.007911869324743748,0.009130707941949368,19.099586486816406,18.88520050048828,110.0,0.04968899115920067,0.0048719532787799835,0.044817037880420685,82.0,0.027071377262473106,139.0,0.026967482641339302,57.0,0.0008077719248831272,0.0007835003198124468,2.379908800125122,2.0973355770111084,117.0,0.8984712362289429,0.35697436332702637,0.5414968729019165,81.0,0.6278794407844543,144.0,0.6364445090293884,63.0,0.007516438607126474,0.009704693220555782,51.09209060668945,28.245731353759766,True
1505532SMB1,0,2020,0,No,False,219,True,255.0,0.08860162645578384,0.06445139646530151,0.02415022999048233,232.0,0.07678263634443283,305.0,0.0789649561047554,73.0,0.0005138691631145775,0.00019273340876679868,6.236904144287109,1.4675006866455078,304.0,0.2740691602230072,0.219815194606781,0.054253965616226196,287.0,0.2473108023405075,305.0,0.273891806602478,18.0,0.001574021065607667,0.0001773536205291748,5.034779071807861,0.8582901954650879,250.0,0.026018427684903145,0.010080311447381973,0.01593811623752117,229.0,0.017776424065232277,305.0,0.020803194493055344,76.0,0.00039247635868377984,9.482241875957698e-05,1.7397574186325073,0.9635734558105469,1.0,0.008271749131381512,0.005326899699866772,0.00294484943151474,1.0,0.008271749131381512,238.0,0.002646033186465502,237.0,,2.3737198716844432e-05,0.0878044068813324,-0.07732947170734406,1.0,0.4759176969528198,0.3584733009338379,0.11744439601898193,1.0,0.4759176969528198,209.0,0.32856810092926025,208.0,,0.0007084115059114993,0.8766590356826782,0.15971243381500244,False
1505532SMB1,1,2021,1,Mixed,False,268,True,118.0,0.7252876162528992,0.058570247143507004,0.6667173504829407,89.0,0.38690054416656494,143.0,0.4013088047504425,54.0,0.011668520048260689,0.012959152460098267,33.10054397583008,29.879180908203125,116.0,0.7917672991752625,0.23254892230033875,0.5592184066772461,85.0,0.505813479423523,144.0,0.5191320180892944,59.0,0.009224317036569118,0.009736974723637104,41.22011947631836,27.26718521118164,115.0,0.6095600724220276,-0.0015636715106666088,0.6111237406730652,87.0,0.30112579464912415,140.0,0.31138384342193604,53.0,0.011015510186553001,0.011927049607038498,26.793540954589844,26.877979278564453,117.0,0.05123435705900192,0.004699417389929295,0.0465349406003952,82.0,0.028229467570781708,145.0,0.02824150212109089,63.0,0.0006572825368493795,0.0008211733656935394,2.7537693977355957,2.4530067443847656,127.0,0.7489479780197144,0.3313595652580261,0.41758841276168823,64.0,0.5433893203735352,152.0,0.5437378883361816,88.0,0.0032628357876092196,0.00820840336382389,60.97667694091797,31.485673904418945,True
1505532SMC1,0,2021,0,No,False,158,True,248.0,0.09400869905948639,0.05639124661684036,0.03761745244264603,221.0,0.07491547614336014,278.0,0.07551615685224533,57.0,0.0007071564323268831,0.0006164180813357234,5.037103652954102,1.766411542892456,365.0,0.35316261649131775,0.28397682309150696,0.06918579339981079,350.0,0.3173002004623413,0.0,,-350.0,0.002390827750787139,,0.0,0.0,262.0,0.02652040123939514,0.010471302084624767,0.0160490982234478,222.0,0.01849331334233284,294.0,0.018400350585579872,72.0,0.00020067719742655754,0.00025375158293172717,1.7339890003204346,0.9695839881896973,365.0,0.031994663178920746,0.017088156193494797,0.014906506985425949,358.0,0.024293527007102966,0.0,,-358.0,0.0011001622769981623,,0.0,0.0,365.0,0.7407535910606384,0.4839359223842621,0.25681766867637634,355.0,0.6095715165138245,0.0,,-355.0,0.013118207454681396,,0.0,0.0,False
1505532SMD,0,2021,0,No,False,158,True,245.0,0.0921161025762558,0.061059996485710144,0.031056106090545654,220.0,0.0768033042550087,282.0,0.07635761797428131,62.0,0.0006125119398348033,0.0004259049892425537,5.4266557693481445,1.5798754692077637,365.0,0.35940781235694885,0.286150187253952,0.07325762510299683,351.0,0.3241971433162689,0.0,,-351.0,0.002515047788619995,,0.0,0.0,365.0,0.023893063887953758,0.017983485013246536,0.005909578874707222,348.0,0.02101006731390953,0.0,,-348.0,0.00016958803462330252,,0.0,0.0,365.0,0.031842950731515884,0.01703028380870819,0.014812666922807693,358.0,0.024196267127990723,0.0,,-358.0,0.0010923834051936865,,0.0,0.0,365.0,0.7461625337600708,0.48348405957221985,0.26267847418785095,355.0,0.618366539478302,0.0,,-355.0,0.01277959905564785,,0.0,0.0,False
1505532SMH,0,2020,1,Fungicide,False,209,True,111.0,0.7130737900733948,0.05962130427360535,0.6534525156021118,82.0,0.3870853781700134,136.0,0.39563414454460144,54.0,0.01124097965657711,0.012697585858404636,32.38143539428711,29.102264404296875,110.0,0.739309549331665,0.23555012047290802,0.5037594437599182,77.0,0.48255568742752075,138.0,0.4931952655315399,61.0,0.0077804201282560825,0.008789795450866222,39.68730163574219,25.083194732666016,108.0,0.5617656111717224,0.0009833159856498241,0.5607823133468628,79.0,0.2876569926738739,133.0,0.2886132299900055,54.0,0.009452021680772305,0.010926094837486744,25.092042922973633,25.037960052490234,112.0,0.05907177925109863,0.0034996040631085634,0.05557217448949814,69.0,0.03138867765665054,139.0,0.03147906810045242,70.0,0.0006437930860556662,0.0010219522519037127,3.538480043411255,3.290008068084717,127.0,0.7890666127204895,0.3009139597415924,0.4881526529788971,57.0,0.5454782843589783,149.0,0.5393299460411072,92.0,0.003479833249002695,0.011351666413247585,67.07357025146484,39.08857345581055,True
1505532SMI,0,2021,0,No,False,158,True,269.0,0.09404905885457993,0.0576627179980278,0.036386340856552124,229.0,0.07621801644563675,296.0,0.07552715390920639,67.0,0.0004457760660443455,0.0006859964923933148,5.956650733947754,2.035585641860962,365.0,0.37258464097976685,0.29298174381256104,0.07960289716720581,350.0,0.3319171667098999,0.0,,-350.0,0.0027111649978905916,,0.0,0.0,270.0,0.0226996298879385,0.007833349518477917,0.014866280369460583,232.0,0.015243778005242348,293.0,0.015462169423699379,61.0,0.00019620663078967482,0.00031467218650504947,1.2158490419387817,0.7301813960075378,365.0,0.0352449007332325,0.01883929781615734,0.016405602917075157,358.0,0.026579519733786583,0.0,,-358.0,0.0012379115214571357,,0.0,0.0,365.0,0.7742211818695068,0.5117557048797607,0.2624654769897461,356.0,0.6493213176727295,0.0,,-356.0,0.013877762481570244,,0.0,0.0,False
150559121GN02GA,0,2021,1,Fungicide,False,113,True,113.0,0.8926160335540771,0.4734421372413635,0.4191738963127136,99.0,0.6749648451805115,0.0,,-99.0,0.015546513721346855,,0.0,0.0,113.0,0.9304018616676331,0.5703930854797363,0.36000877618789673,97.0,0.7557370662689209,0.0,,-97.0,0.01091654971241951,,0.0,0.0,113.0,0.761384129524231,0.38055282831192017,0.3808313012123108,98.0,0.57782381772995,0.0,,-98.0,0.012237354181706905,,0.0,0.0,113.0,0.050062477588653564,0.0266061183065176,0.023456359282135963,94.0,0.0381200835108757,0.0,,-94.0,0.0006285470444709063,,0.0,0.0,113.0,0.6852134466171265,0.38531267642974854,0.29990077018737793,102.0,0.533621609210968,0.0,,-102.0,0.013781076297163963,,0.0,0.0,True
150559121GN06GA,0,2021,1,Fungicide,False,113,True,113.0,0.6587689518928528,0.35459280014038086,0.3041761517524719,101.0,0.5035818219184875,0.0,,-101.0,0.012932260520756245,,0.0,0.0,113.0,0.8216376304626465,0.5172381401062012,0.3043994903564453,100.0,0.6735419631004333,0.0,,-100.0,0.011391974054276943,,0.0,0.0,113.0,0.5961316227912903,0.3008655607700348,0.2952660620212555,100.0,0.4488178789615631,0.0,,-100.0,0.011331826448440552,,0.0,0.0,113.0,0.041628528386354446,0.02326238714158535,0.018366141244769096,98.0,0.03240516409277916,0.0,,-98.0,0.0006148909451439977,,0.0,0.0,113.0,0.4598398208618164,0.307678759098053,0.15216106176376343,100.0,0.3813372552394867,0.0,,-100.0,0.006038658786565065,,0.0,0.0,True
150559121KV07GA,0,2021,1,Fungicide,False,113,True,113.0,0.8457984924316406,0.44790157675743103,0.3978969156742096,98.0,0.6437730193138123,0.0,,-98.0,0.01346836518496275,,0.0,0.0,113.0,0.922917366027832,0.5606067776679993,0.36231058835983276,96.0,0.743891179561615,0.0,,-96.0,0.010530952364206314,,0.0,0.0,113.0,0.73685222864151,0.36926209926605225,0.36759012937545776,97.0,0.5516806840896606,0.0,,-97.0,0.011573221534490585,,0.0,0.0,113.0,0.045390740036964417,0.02416054718196392,0.021230192855000496,97.0,0.03471279516816139,0.0,,-97.0,0.000667371554300189,,0.0,0.0,113.0,0.540945291519165,0.3054266571998596,0.23551863431930542,101.0,0.42248570919036865,0.0,,-101.0,0.009871631860733032,,0.0,0.0,True
150559121KZ73GA,0,2021,1,Fungicide,False,113,True,113.0,0.778872013092041,0.4279612898826599,0.3509107232093811,99.0,0.6030187606811523,0.0,,-99.0,0.012560946866869926,,0.0,0.0,113.0,0.8251712918281555,0.5420657396316528,0.2831055521965027,96.0,0.6837160587310791,0.0,,-96.0,0.008320895954966545,,0.0,0.0,113.0,0.651177704334259,0.3307960033416748,0.32038170099258423,97.0,0.4954446256160736,0.0,,-97.0,0.009733317419886589,,0.0,0.0,113.0,0.07088401913642883,0.03749054670333862,0.03339347243309021,99.0,0.05369921028614044,0.0,,-99.0,0.00122748629655689,,0.0,0.0,113.0,0.7605677247047424,0.4169446527957916,0.3436230719089508,103.0,0.5803874731063843,0.0,,-103.0,0.018018025904893875,,0.0,0.0,True
150559121SK15FA,0,2020,0,No,False,61,False,306.0,0.8226835131645203,0.05600658059120178,0.7666769027709961,0.0,,323.0,0.4358457922935486,323.0,,0.022755160927772522,11.010592460632324,10.002473831176758,306.0,0.8213935494422913,0.23982059955596924,0.581572949886322,0.0,,324.0,0.5349993705749512,324.0,,0.015910787507891655,12.671440124511719,8.114849090576172,306.0,0.6247192621231079,0.004106768406927586,0.6206125020980835,0.0,,323.0,0.3134494125843048,323.0,,0.01830999180674553,8.184146881103516,8.110224723815918,306.0,0.0272932518273592,0.003089853096753359,0.024203399196267128,0.0,,323.0,0.014856556430459023,323.0,,0.000731570296920836,0.3678106665611267,0.3121933043003082,306.0,0.8464053869247437,0.32349246740341187,0.5229129195213318,0.0,,326.0,0.5895064473152161,326.0,,0.012844947166740894,14.914416313171387,8.121074676513672,True
150559121SK15FA,1,2021,0,No,False,365,False,291.0,0.7112143039703369,0.032486189156770706,0.6787281036376953,268.0,0.37365809082984924,314.0,0.3687725365161896,46.0,0.014676356688141823,0.014888772740960121,27.424785614013672,25.897933959960938,291.0,0.7160270810127258,0.17170976102352142,0.5443173050880432,69.0,0.44529879093170166,314.0,0.4451197683811188,245.0,0.0012194968294352293,0.011778579093515873,88.43145751953125,46.19085693359375,290.0,0.5312588810920715,-0.022961314767599106,0.5542201995849609,68.0,0.2524312138557434,313.0,0.26225900650024414,245.0,0.001255980459973216,0.011695646680891514,38.97018051147461,44.6186637878418,294.0,0.04272207245230675,0.004900621250271797,0.0378214493393898,267.0,0.023581532761454582,317.0,0.023433007299900055,50.0,0.0007089088903740048,0.0008386549889110029,1.8158164024353027,1.5658847093582153,94.0,0.7463181018829346,0.19275574386119843,0.553562343120575,62.0,0.46529579162597656,122.0,0.4647749662399292,60.0,0.008781947195529938,0.010055111721158028,38.5881233215332,26.83002281188965,True
150559121SK15FA,2,2022,0,No,False,59,False,39.0,0.5407912135124207,0.22072984278202057,0.3200613856315613,20.0,0.3753184974193573,55.0,0.3761569857597351,35.0,0.008709090761840343,0.010289639234542847,17.23351287841797,9.287238121032715,39.0,0.669115424156189,0.3681579828262329,0.30095744132995605,20.0,0.5150452852249146,55.0,0.5247572064399719,35.0,0.0081089548766613,0.009022388607263565,22.066993713378906,8.81330680847168,39.0,0.4512919485569,0.1541384607553482,0.2971534729003906,20.0,0.2963993549346924,55.0,0.29483357071876526,35.0,0.008152241818606853,0.009778648614883423,14.127481460571289,8.578496932983398,59.0,0.01364418026059866,0.011003071442246437,0.0026411088183522224,53.0,0.0122836884111166,0.0,,-53.0,0.00022674864158034325,,0.0,0.0,43.0,0.5020541548728943,0.311984121799469,0.1900700330734253,27.0,0.40759164094924927,59.0,0.4385984241962433,32.0,0.005903907120227814,0.0039659831672906876,15.334381103515625,5.194896697998047,True
150559121WT06GA,0,2021,0,No,False,113,True,58.0,0.06148464232683182,0.03404577821493149,0.02743886411190033,1.0,0.05430825054645538,91.0,0.048198726028203964,90.0,0.00012590161350090057,0.0004026035312563181,5.171038627624512,2.089895248413086,1.0,0.20722810924053192,0.18519645929336548,0.022031649947166443,0.0,,92.0,0.1963324099779129,92.0,,0.00011973296204814687,17.495872497558594,0.5503978729248047,28.0,0.006610930431634188,-0.021002041175961494,0.027612971141934395,1.0,0.0018424204317852855,91.0,-0.007172779645770788,90.0,0.0001766114728525281,0.00021878904954064637,0.40460777282714844,2.3052926063537598,1.0,0.004809568170458078,0.004004852380603552,0.0008047157898545265,0.0,,22.0,0.004401936661452055,22.0,,1.941102345881518e-05,0.09984458982944489,0.013740263879299164,61.0,0.45440199971199036,0.31039243936538696,0.1440095603466034,34.0,0.38056680560112,110.0,0.38177868723869324,76.0,0.002734636887907982,0.001482108375057578,33.06438064575195,9.164165496826172,False
150559122GN04GA,0,2020,0,No,False,61,False,306.0,0.8633774518966675,0.04690324515104294,0.816474199295044,0.0,,332.0,0.4658668041229248,332.0,,0.01528887078166008,18.241615295410156,16.97522735595703,306.0,0.8274694085121155,0.21455106139183044,0.6129183769226074,0.0,,335.0,0.5148733258247375,335.0,,0.010779174976050854,20.661407470703125,14.224876403808594,306.0,0.648698091506958,-0.0034044673666357994,0.652102530002594,0.0,,332.0,0.33139270544052124,332.0,,0.01220405288040638,13.461471557617188,13.55339241027832,320.0,0.020596984773874283,0.0065697841346263885,0.014027200639247894,306.0,0.01945701241493225,342.0,0.013534038327634335,36.0,8.142659498844296e-05,0.0003210430149920285,0.6898448467254639,0.45004773139953613,306.0,0.8079370856285095,0.1742599904537201,0.6336771249771118,0.0,,342.0,0.4834650456905365,342.0,,0.009013112634420395,26.515295028686523,20.06767463684082,True
150559122GN04GA,1,2021,0,No,False,365,False,69.0,0.49522823095321655,0.03748622536659241,0.45774200558662415,34.0,0.2636340856552124,96.0,0.26657602190971375,62.0,0.006616975646466017,0.008468599990010262,25.906688690185547,23.54505729675293,69.0,0.6510859727859497,0.1913609504699707,0.459725022315979,33.0,0.4189666211605072,97.0,0.4164685308933258,64.0,0.006447759922593832,0.00837919395416975,36.853450775146484,24.414989471435547,67.0,0.41626015305519104,-0.02235535904765129,0.43861550092697144,32.0,0.19292376935482025,95.0,0.19402728974819183,63.0,0.006381039507687092,0.007936888374388218,21.541915893554688,22.972658157348633,47.0,0.012604968622326851,0.004718718584626913,0.00788624957203865,21.0,0.008659208193421364,114.0,0.008761481381952763,93.0,0.00015176001761574298,5.73654797335621e-05,1.0650070905685425,0.6214475631713867,80.0,0.8067442178726196,0.21443723142147064,0.5923069715499878,37.0,0.5142393708229065,106.0,0.5113909244537354,69.0,0.0068024382926523685,0.011359741911292076,48.50666046142578,33.496055603027344,True
150559122GN04GA,2,2022,0,No,False,59,False,41.0,0.07603323459625244,0.06622637063264847,0.009806863963603973,23.0,0.07091279327869415,59.0,0.07376306504011154,36.0,0.00028446895885281265,0.00012612053251359612,2.7294464111328125,0.31218385696411133,31.0,0.29476308822631836,0.23368456959724426,0.0610785186290741,15.0,0.2641923427581787,59.0,0.2653440535068512,44.0,0.001910671591758728,0.0010506798280403018,12.587406158447266,2.188443183898926,30.0,0.024991273880004883,0.017522186040878296,0.007469087839126587,15.0,0.021489210426807404,50.0,0.023303532972931862,35.0,0.00023347089882008731,8.438704389845952e-05,0.8622968792915344,0.23149818181991577,59.0,0.01112513430416584,0.007792904507368803,0.003332229796797037,53.0,0.009309446439146996,0.0,,-53.0,0.00030261464416980743,,0.0,0.0,1.0,0.2528347074985504,0.17380204796791077,0.07903265953063965,0.0,,15.0,0.21199797093868256,15.0,,0.0029169097542762756,3.3568315505981445,0.8367018699645996,False
150559122GN08GA,0,2020,0,No,False,61,False,306.0,0.7594781517982483,0.43326932191848755,0.32620882987976074,0.0,,352.0,0.5913727879524231,352.0,,0.003654464380815625,33.17192077636719,12.808263778686523,306.0,0.7406615614891052,0.5400489568710327,0.2006126046180725,0.0,,353.0,0.6409022212028503,353.0,,0.002122539095580578,34.403350830078125,8.480997085571289,306.0,0.564815104007721,0.2614455819129944,0.30336952209472656,0.0,,346.0,0.4121456742286682,346.0,,0.0038167356979101896,20.30255699157715,9.583288192749023,351.0,0.02693687193095684,0.018283136188983917,0.008653735741972923,329.0,0.022672012448310852,364.0,0.023849114775657654,35.0,0.00019385725317988545,0.00023751978005748242,0.9182509779930115,0.26005810499191284,347.0,0.9670620560646057,0.7484241127967834,0.21863794326782227,327.0,0.8562878370285034,364.0,0.8544241786003113,37.0,0.005538710858672857,0.006625757552683353,35.22488021850586,6.784761428833008,True
150559122GN08GA,1,2021,0,No,False,365,False,1.0,0.4127332866191864,0.23240143060684204,0.18033185601234436,0.0,,7.0,0.3216640055179596,7.0,,0.015178213827311993,2.3697409629821777,0.8591316938400269,1.0,0.5258119702339172,0.3494906425476074,0.17632132768630981,0.0,,9.0,0.43524667620658875,9.0,,0.011320661753416061,4.074227333068848,1.1035568714141846,1.0,0.24746958911418915,0.1228344663977623,0.12463512271642685,0.0,,7.0,0.1850697100162506,7.0,,0.010399979539215565,1.3943397998809814,0.5959157943725586,1.0,0.022147104144096375,0.01229082141071558,0.009856282733380795,0.0,,8.0,0.017338361591100693,8.0,,0.0006869632052257657,0.14728975296020508,0.05510859191417694,1.0,0.8093594312667847,0.5643993616104126,0.24496006965637207,0.0,,291.0,0.6888640522956848,291.0,,0.00041550130117684603,156.4274139404297,-7.53057861328125,False
150559122GN08GA,2,2022,0,No,False,59,False,47.0,0.0855291411280632,0.07594006508588791,0.009589076042175293,23.0,0.08059471845626831,59.0,0.08454841375350952,36.0,0.00020560093980748206,8.17272812128067e-05,3.0783534049987793,0.30654096603393555,29.0,0.27251243591308594,0.23293985426425934,0.0395725816488266,13.0,0.2524545192718506,59.0,0.25974181294441223,46.0,0.0012536197900772095,0.0004256874381098896,12.411585807800293,1.5798826217651367,22.0,0.01929038017988205,0.014242637902498245,0.005047742277383804,10.0,0.016569776460528374,45.0,0.017397694289684296,35.0,0.00022671697661280632,8.229068771470338e-05,0.6607940196990967,0.14805907011032104,59.0,0.00897071324288845,0.006752708926796913,0.0022180043160915375,54.0,0.007751824334263802,0.0,,-54.0,0.0002437777875456959,,0.0,0.0,1.0,0.3143603801727295,0.17851075530052185,0.13584962487220764,0.0,,12.0,0.24550576508045197,12.0,,0.006259510293602943,3.214987277984619,1.1621136665344238,False
150559122GN15GA,0,2020,0,No,False,61,False,306.0,0.777683675289154,0.5623460412025452,0.2153376340866089,0.0,,347.0,0.668624997138977,347.0,,0.0026599678676575422,31.013397216796875,7.394863128662109,306.0,0.755000650882721,0.6580424308776855,0.0969582200050354,0.0,,343.0,0.7056570053100586,343.0,,0.0013336120173335075,27.981536865234375,2.9759254455566406,306.0,0.5892943739891052,0.36228787899017334,0.22700649499893188,0.0,,338.0,0.4753952920436859,338.0,,0.0035593463107943535,17.635679244995117,5.680179595947266,1.0,0.032524798065423965,0.021834835410118103,0.010689962655305862,0.0,,0.0,,0.0,,,0.0,0.0,363.0,1.074550986289978,0.8206617832183838,0.25388920307159424,339.0,0.9434391260147095,364.0,1.074305534362793,25.0,0.005462994333356619,0.0002454519271850586,26.80341148376465,5.466203689575195,True
150559122GN15GA,1,2021,0,No,False,365,False,1.0,0.555374264717102,0.30376502871513367,0.2516092360019684,0.0,,20.0,0.42862701416015625,20.0,,0.006670908071100712,9.710999488830566,3.787581443786621,1.0,0.6580525636672974,0.40894538164138794,0.24910718202590942,0.0,,27.0,0.538940966129303,27.0,,0.00458121532574296,16.54234504699707,5.705291748046875,1.0,0.35908666253089905,0.17470332980155945,0.1843833327293396,0.0,,22.0,0.26997876167297363,22.0,,0.0042432332411408424,6.953399658203125,3.1972782611846924,3.0,0.032666582614183426,0.017588555812835693,0.015078026801347733,1.0,0.032596655189991,24.0,0.025348808616399765,23.0,3.4963712096214294e-05,0.0003484654298517853,0.7183840274810791,0.3050529658794403,1.0,1.0701266527175903,0.6345729827880859,0.4355536699295044,0.0,,22.0,0.8483338356018066,22.0,,0.010561563074588776,21.212064743041992,7.5687456130981445,True
150559122GN15GA,2,2022,0,No,False,59,False,38.0,0.08303424715995789,0.07159753143787384,0.011436715722084045,22.0,0.07727345079183578,59.0,0.08056116849184036,37.0,0.0003600497730076313,0.00011776565224863589,3.059774160385132,0.3748667240142822,28.0,0.2656961977481842,0.21016059815883636,0.05553559958934784,13.0,0.2391120046377182,54.0,0.2372507005929947,41.0,0.0017722795018926263,0.0010940575739368796,10.692052841186523,1.8653078079223633,26.0,0.020068533718585968,0.013469995930790901,0.006598537787795067,11.0,0.016682812944054604,49.0,0.01671849936246872,38.0,0.00022571471345145255,0.00014565367018803954,0.7283645868301392,0.20303475856781006,59.0,0.0082550635561347,0.006076094228774309,0.0021789693273603916,54.0,0.007177657447755337,0.0,,-54.0,0.00021548122458625585,,0.0,0.0,1.0,0.2808375656604767,0.1704263538122177,0.11041121184825897,0.0,,12.0,0.22448356449604034,12.0,,0.00512309093028307,2.9040279388427734,0.9441249370574951,False
